sn,zhel,zcmb,st,est,Mmax,eMmax,t0,EBVmw,eEBVmw,covMs,meth,BV,eBV,covBV_M,host,dist,edist,kmag,ekmag,dsbf,ed,m,em,ml,mu,sample,subtype,quality,caltype
ASAS14ad,0.0264,0.0274352,1.013,0.004,16.268,0.004,-8.4,0.0159,0.0016,6.05e-06,,-0.03,0.011,-1.6e-05,N/A,-1.0,-1.0,,,,,8.61,,8.23,8.78,CSPII,Ia,0.973,none
ASAS14hp,0.0388933,0.0386676,1.077,0.01,16.551,0.003,-5.6,0.0295,0.0029,-2.942e-06,,-0.055,0.005,-9e-06,N/A,-1.0,-1.0,,,,,9.09,,8.98,9.15,CSPII,Ia,0.984,none
ASAS14hr,0.0335967,0.0327196,0.803,0.009,17.028,0.009,-7.4,0.0131,0.0013,3.943e-05,,0.053,0.013,-8.1e-05,N/A,-1.0,-1.0,,,,,10.34,,10.18,10.45,CSPII,Ia,0.985,none
ASAS14hu,0.0215851,0.0218919,1.05,0.007,15.436,0.004,-8.1,0.0612,0.0061,-6.662e-06,,-0.052,0.006,-1.6e-05,N/A,-1.0,-1.0,,,,,9.93,,9.8,10.24,CSPII,Ia,0.983,none
ASAS14jc,0.0113167,0.0117796,0.914,0.005,15.253,0.006,-6.6,0.1346,0.0135,5.219e-06,,0.426,0.01,-3.6e-05,N/A,-1.0,-1.0,,,,,9.46,,9.32,9.77,CSPII,Ia,0.962,none
ASAS14jg,0.0148167,0.014347,1.3,0.017,14.719,0.035,1.8,0.0128,0.0013,-3.733e-06,,0.068,0.059,-0.001225,N/A,-1.0,-1.0,,,,,8.76,,8.57,8.88,CSPII,Ia,0.961,none
ASAS14jz,0.0157891,0.0156168,0.985,0.005,14.667,0.004,-9.7,0.0472,0.0047,9.292e-06,,-0.045,0.006,-1.6e-05,N/A,-1.0,-1.0,,,,,8.23,,8.11,8.35,CSPII,Ia,0.952,none
ASAS14kd,0.0243,0.0230683,1.174,0.007,16.018,0.005,-8.1,0.0574,0.0057,1.454e-05,,0.221,0.007,-2.5e-05,N/A,-1.0,-1.0,,,,,10.14,,10.03,10.23,CSPII,Ia-91T,0.941,none
ASAS14kq,0.0335767,0.0325972,1.157,0.011,16.621,0.008,-6.4,0.0155,0.0016,4.669e-05,,-0.038,0.011,-6.4e-05,N/A,-1.0,-1.0,,,,,8.91,,8.78,9.11,CSPII,Ia,0.961,none
ASAS14lo,0.0199167,0.0210151,0.95,0.018,15.881,0.036,1.0,0.0282,0.0028,-6.901e-06,,0.116,0.061,-0.001296,N/A,-1.0,-1.0,,,,,9.69,,9.47,9.79,CSPII,Ia,0.979,none
ASAS14lp,0.0050967,0.0062254,1.027,0.004,11.919,0.004,-15.1,0.0213,0.0021,2.205e-06,,0.237,0.006,-1.6e-05,N/A,-1.0,-1.0,,,,,10.74,,10.6,10.91,CSPII,Ia,0.335,none
ASAS14lq,0.0261733,0.0250833,1.005,0.024,16.012,0.046,4.5,0.0275,0.0028,-4.993e-05,,0.013,0.078,-0.002116,N/A,-1.0,-1.0,,,,,10.65,,10.46,10.73,CSPII,Ia,0.977,none
ASAS14lt,0.0320233,0.0314552,0.947,0.008,16.369,0.01,-5.8,0.0474,0.0047,2.497e-05,,-0.034,0.016,-0.0001,N/A,-1.0,-1.0,,,,,10.64,,10.56,10.7,CSPII,Ia,0.984,none
ASAS14lw,0.0208855,0.0202609,1.156,0.009,15.568,0.008,-10.4,0.0117,0.0012,3.697e-05,,-0.01,0.011,-6.4e-05,N/A,-1.0,-1.0,,,,,6.35,,6.08,6.72,CSPII,Ia,0.939,none
ASAS14me,0.0178,0.017386,1.078,0.005,15.079,0.004,-11.7,0.0175,0.0018,-1.551e-06,,0.001,0.006,-1.6e-05,N/A,-1.0,-1.0,,,,,9.05,,8.91,9.15,CSPII,Ia,0.981,none
ASAS14mf,0.03108,0.0301521,0.982,0.005,16.515,0.007,-4.8,0.0125,0.0013,1.07e-05,,-0.022,0.011,-4.9e-05,N/A,-1.0,-1.0,,,,,8.93,,8.66,9.03,CSPII,Ia,0.984,none
ASAS14mw,0.0273867,0.0271207,1.063,0.007,15.883,0.003,-7.9,0.0179,0.0018,-6.455e-06,,-0.042,0.005,-9e-06,N/A,-1.0,-1.0,,,,,10.68,,10.59,10.75,CSPII,Ia,0.984,none
ASAS14my,0.0205,0.0217279,0.921,0.005,15.558,0.006,-9.5,0.0316,0.0032,8.487e-06,,0.007,0.01,-3.6e-05,N/A,-1.0,-1.0,,,,,10.31,,10.11,10.74,CSPII,Ia,0.975,none
ASAS15aj,0.0109133,0.0120218,0.83,0.007,14.582,0.006,-3.9,0.0656,0.0066,1.497e-05,,0.095,0.009,-3.6e-05,N/A,-1.0,-1.0,,,,,11.2,,11.05,11.35,CSPII,Ia,0.952,none
ASAS15al,0.0337766,0.0337612,1.079,0.027,16.845,0.035,-0.9,0.0293,0.0029,-2.369e-05,,0.043,0.059,-0.001225,N/A,-1.0,-1.0,,,,,8.07,,8.03,8.23,CSPII,Ia,0.916,none
ASAS15as,0.0286801,0.0297845,1.077,0.014,16.184,0.005,-2.6,0.0398,0.004,-2.11e-05,,0.018,0.008,-2.5e-05,N/A,-1.0,-1.0,,,,,7.66,,7.47,8.01,CSPII,Ia,0.985,none
ASAS15ba,0.0231167,0.0239771,0.965,0.004,15.979,0.004,-3.2,0.0223,0.0022,1.839e-06,,0.0,0.006,-1.6e-05,N/A,-1.0,-1.0,,,,,7.99,,7.83,8.19,CSPII,Ia,0.983,none
ASAS15be,0.0218833,0.0213892,1.14,0.005,15.62,0.005,-8.5,0.0167,0.0017,1.691e-05,,0.008,0.006,-2.5e-05,N/A,-1.0,-1.0,,,,,7.8,,7.66,8.16,CSPII,Ia,0.976,none
ASAS15bm,0.0207856,0.0214395,0.989,0.005,15.63,0.007,-8.8,0.069,0.0069,1.39e-05,,0.119,0.01,-4.9e-05,N/A,-1.0,-1.0,,,,,10.02,,9.89,10.15,CSPII,Ia,0.976,none
ASAS15cb,0.04001,0.0411361,1.088,0.052,16.957,0.047,0.6,0.0279,0.0028,-3.063e-06,,0.102,0.079,-0.002209,N/A,-1.0,-1.0,,,,,10.28,,10.17,10.4,CSPII,Ia,0.583,none
ASAS15cd,0.0342863,0.0353887,1.001,0.005,16.697,0.006,-4.7,0.0261,0.0026,6.143e-06,,-0.03,0.009,-3.6e-05,N/A,-1.0,-1.0,,,,,9.95,,9.85,10.02,CSPII,Ia,0.983,none
ASAS15da,0.0487,0.0488203,0.851,0.025,17.676,0.044,1.1,0.0303,0.003,-1.38e-05,,-0.133,0.076,-0.001936,N/A,-1.0,-1.0,,,,,10.4,,10.23,10.48,CSPII,Ia,0.973,none
ASAS15db,0.01099,0.0113676,0.953,0.003,14.605,0.004,-7.4,0.029,0.0029,2.9e-06,,0.078,0.007,-1.6e-05,N/A,-1.0,-1.0,,,,,10.11,,9.98,10.19,CSPII,Ia,0.975,none
ASAS15dd,0.0243567,0.0247417,0.849,0.006,16.07,0.006,-2.1,0.0461,0.0046,1.096e-05,,-0.017,0.009,-3.6e-05,N/A,-1.0,-1.0,,,,,10.41,,10.31,10.52,CSPII,Ia,0.962,none
ASAS15eb,0.01647,0.0173082,0.82,0.018,15.343,0.01,-2.2,0.1652,0.0165,3.847e-05,,-0.136,0.016,-0.0001,N/A,-1.0,-1.0,,,,,10.96,,10.79,11.4,CSPII,Ia,0.978,none
ASAS15fr,0.0334133,0.0345082,0.905,0.021,16.823,0.039,0.1,0.0321,0.0032,-2.162e-05,,-0.147,0.066,-0.001521,N/A,-1.0,-1.0,,,,,9.98,,9.89,10.06,CSPII,Ia-91T,0.978,none
ASAS15ga,0.0066267,0.0076517,0.5,0.031,15.079,0.038,-5.2,0.0236,0.0024,0.0007881,,0.421,0.051,-0.001444,N/A,-1.0,-1.0,,,,,10.38,,10.18,10.48,CSPII,Ia-91bg,0.966,none
ASAS15go,0.01891,0.0192546,1.072,0.011,15.853,0.004,-5.3,0.1369,0.0137,-1.189e-05,,0.214,0.006,-1.6e-05,N/A,-1.0,-1.0,,,,,10.18,,10.04,10.27,CSPII,Ia,0.981,none
ASAS15gr,0.0242832,0.0247678,1.031,0.006,15.872,0.004,-4.6,0.0823,0.0082,-1.652e-06,,-0.046,0.006,-1.6e-05,N/A,-1.0,-1.0,,,,,8.94,,8.82,9.02,CSPII,Ia,0.983,none
ASAS15hf,0.0061733,0.0072452,0.939,0.005,13.999,0.006,-9.0,0.0854,0.0085,1.068e-05,,0.004,0.01,-3.6e-05,N/A,-1.0,-1.0,,,,,9.56,,9.39,9.97,CSPII,Ia,0.961,none
ASAS15hg,0.02975,0.0308678,0.824,0.02,16.834,0.036,0.5,0.041,0.0041,-2.608e-06,,0.048,0.061,-0.001296,N/A,-1.0,-1.0,,,,,10.42,,10.3,10.51,CSPII,Ia,0.985,none
ASAS15hx,0.0083,0.0092051,1.034,0.004,13.182,0.003,-11.4,0.0415,0.0042,3.623e-07,,-0.035,0.005,-9e-06,N/A,-1.0,-1.0,,,,,7.45,,7.06,7.89,CSPII,Ia,0.909,none
CSP12G,0.0369744,0.0379661,1.158,0.029,17.093,0.043,7.8,0.0283,0.0028,7.897e-05,,0.109,0.075,-0.001849,N/A,-1.0,-1.0,,,,,8.41,,8.29,8.49,CSPII,Ia,0.985,none
CSP12J,0.01468,0.0149235,0.484,0.025,15.82,0.071,3.5,0.0678,0.0068,-0.0001694,,0.555,0.128,-0.005041,N/A,-1.0,-1.0,,,,,10.09,,9.97,10.2,CSPII,Ia,0.917,none
CSP12N,0.0971328,0.0982741,1.062,0.011,18.701,0.005,-10.2,0.0429,0.0043,-1.943e-05,,-0.11,0.008,-2.5e-05,N/A,-1.0,-1.0,,,,,7.51,,7.32,7.66,CSPII,Ia,0.985,none
CSP13N,0.04776,0.0487969,1.145,0.024,16.977,0.038,2.0,0.0238,0.0024,3.312e-05,,-0.015,0.065,-0.001444,N/A,-1.0,-1.0,,,,,10.07,,9.88,10.24,CSPII,Ia-91T,0.976,none
CSP13Q,0.089,0.0887656,0.768,0.243,18.961,0.045,-0.3,0.0287,0.0029,-0.0005196,,-0.046,0.082,-0.002025,N/A,-1.0,-1.0,,,,,10.25,,10.06,10.74,CSPII,Ia,0.986,none
CSP13V,0.0599585,0.0611394,1.069,0.049,17.67,0.068,15.5,0.0474,0.0047,-0.002712,,-0.075,0.114,-0.004624,N/A,-1.0,-1.0,,,,,11.5,,11.5,11.5,CSPII,Ia,0.987,none
CSP13Z,0.0788454,0.0800694,1.215,0.017,18.193,0.008,-8.4,0.0484,0.0048,-2.945e-05,,-0.026,0.012,-6.4e-05,N/A,-1.0,-1.0,,,,,8.35,,8.25,8.85,CSPII,Ia-91T,0.98,none
CSP13aad,0.0868,0.0865709,1.193,0.035,18.666,0.043,1.9,0.0206,0.0021,-9.891e-05,,0.029,0.073,-0.001849,N/A,-1.0,-1.0,,,,,9.65,,9.59,9.8,CSPII,Ia,0.979,none
CSP13aaf,0.0775863,0.0787193,1.131,0.015,18.325,0.006,-5.8,0.0222,0.0022,4.775e-05,,-0.056,0.008,-3.6e-05,N/A,-1.0,-1.0,,,,,10.66,,10.53,11.04,CSPII,Ia,0.978,none
CSP13aam,0.0749481,0.0750921,1.138,0.014,17.951,0.007,-4.4,0.1643,0.0164,4.966e-05,,-0.15,0.011,-4.9e-05,N/A,-1.0,-1.0,,,,,9.05,,8.65,9.23,CSPII,Ia,0.968,none
CSP13aao,0.0613575,0.0616022,0.7,0.051,18.037,0.05,-0.3,0.0444,0.0044,-5.683e-05,,0.123,0.088,-0.0025,N/A,-1.0,-1.0,,,,,9.93,,9.8,10.09,CSPII,Ia,0.978,none
CSP13aaq,0.0597586,0.0597706,0.984,0.007,18.042,0.008,-8.0,0.0293,0.0029,2.607e-05,,-0.057,0.012,-6.4e-05,N/A,-1.0,-1.0,,,,,11.5,,11.5,11.5,CSPII,Ia,0.969,none
CSP13aay,0.0589592,0.0587551,1.142,0.012,18.198,0.006,-2.9,0.0159,0.0016,3.099e-05,,0.037,0.009,-3.6e-05,N/A,-1.0,-1.0,,,,,11.5,,11.5,11.5,CSPII,Ia,0.955,none
CSP13abl,0.0403721,0.0406288,0.812,0.05,20.174,0.026,-6.4,0.0862,0.0086,0.0006073,,1.061,0.063,-0.000676,N/A,-1.0,-1.0,,,,,8.91,,8.9,9.04,CSPII,Ia,0.42,none
CSP13abm,0.0281805,0.027529,1.14,0.009,16.367,0.006,-5.2,0.1485,0.0149,2.709e-05,,-0.018,0.008,-3.6e-05,N/A,-1.0,-1.0,,,,,11.5,,11.5,11.5,CSPII,Ia,0.747,none
CSP13abs,0.0771466,0.0783462,1.22,0.018,18.274,0.011,-7.8,0.0208,0.0021,-4.614e-06,,-0.062,0.016,-0.000121,N/A,-1.0,-1.0,,,,,6.36,,6.23,6.48,CSPII,Ia-91T,0.983,none
CSP14aaq,0.0359133,0.0361755,0.905,0.015,16.724,0.015,-8.0,0.0524,0.0052,3.761e-05,,-0.085,0.021,-0.000225,N/A,-1.0,-1.0,,,,,11.08,,11.01,11.48,CSPII,Ia,0.986,none
CSP14aar,0.0421708,0.0423854,0.982,0.01,17.095,0.005,-2.1,0.0934,0.0093,6.785e-06,,-0.016,0.009,-2.5e-05,N/A,-1.0,-1.0,,,,,9.07,,8.9,9.42,CSPII,Ia,0.986,none
CSP14abk,0.0797448,0.0797387,0.963,0.025,17.962,0.019,-5.9,0.0663,0.0066,0.000216,,0.082,0.028,-0.000361,N/A,-1.0,-1.0,,,,,11.5,,11.5,11.5,CSPII,Ia,0.0,none
CSP14abn,0.0225,0.0232746,1.004,0.004,15.645,0.003,-2.6,0.0747,0.0075,-1.175e-06,,-0.036,0.004,-9e-06,N/A,-1.0,-1.0,,,,,9.75,,9.59,10.24,CSPII,Ia,0.976,none
CSP14acl,0.0299792,0.0289327,0.959,0.008,16.646,0.009,-1.4,0.0264,0.0026,-8.158e-06,,-0.081,0.015,-8.1e-05,N/A,-1.0,-1.0,,,,,11.5,,11.5,11.5,CSPII,Ia,0.081,none
CSP14acy,0.0663741,0.0660269,1.215,0.035,17.726,0.044,-1.0,0.0174,0.0017,-0.0001348,,0.085,0.072,-0.001936,N/A,-1.0,-1.0,,,,,8.19,,7.86,8.33,CSPII,Ia-91T,0.027,none
CSP14adc,0.03244,0.031651,0.815,0.009,16.94,0.007,-4.4,0.0949,0.0095,2.034e-05,,0.219,0.011,-4.9e-05,N/A,-1.0,-1.0,,,,,10.81,,10.67,11.14,CSPII,Ia,0.976,none
CSP14ade,0.0624568,0.0626358,1.181,0.012,17.656,0.007,-8.8,0.077,0.0077,2.68e-05,,0.034,0.011,-4.9e-05,N/A,-1.0,-1.0,,,,,10.49,,10.33,10.97,CSPII,Ia-91T,0.963,none
CSP15B,0.0198862,0.0208198,0.72,0.006,15.982,0.006,-4.9,0.0641,0.0064,1.064e-05,,0.132,0.011,-3.6e-05,N/A,-1.0,-1.0,,,,,10.95,,10.78,11.42,CSPII,Ia,0.966,none
CSP15aae,0.0161833,0.0169733,0.505,0.005,16.307,0.007,-8.1,0.0226,0.0023,1.249e-05,,0.455,0.011,-4.9e-05,NGC5490,34.267,0.08,9.028,0.023,0.0,0.0,11.14,0.08,11.06,11.22,N/A,N/A,0.0,s
KISS13j,0.0765333,0.0776331,0.872,0.028,18.727,0.013,-2.8,0.0326,0.0033,6.513e-05,,0.132,0.022,-0.000169,N/A,-1.0,-1.0,,,,,9.83,,9.65,10.21,CSPII,Ia,0.963,none
KISS13l,0.1320086,0.1330018,1.106,0.064,19.551,0.047,0.3,0.0137,0.0014,5.527e-06,,-0.033,0.088,-0.002209,N/A,-1.0,-1.0,,,,,8.69,,8.32,8.85,CSPII,Ia,0.987,none
KISS13v,0.0954,0.0962132,0.985,0.015,19.206,0.012,-10.4,0.0195,0.002,7.428e-05,,0.085,0.018,-0.000144,N/A,-1.0,-1.0,,,,,11.5,,11.5,11.5,CSPII,Ia,0.98,none
KISS15m,0.02432,0.0253844,0.429,0.009,17.682,0.015,-7.5,0.0277,0.0028,3.546e-05,,0.62,0.031,-0.000225,N/A,-1.0,-1.0,,,,,9.78,,9.67,9.94,CSPII,Ia-91bg,0.958,none
KISS15n,0.023084,0.0239783,1.241,0.009,15.405,0.006,-15.3,0.0088,0.0009,-5.626e-07,,0.102,0.009,-3.6e-05,N/A,-1.0,-1.0,,,,,8.0,,7.8,8.17,CSPII,Ia-91T,0.85,none
LSQ11bk,0.0402721,0.0400251,1.071,0.015,16.953,0.007,-2.0,0.0936,0.0094,-4.194e-05,,-0.079,0.011,-4.9e-05,N/A,-1.0,-1.0,,,,,6.53,,6.5,6.59,CSPII,Ia,0.967,none
LSQ11ot,0.02732,0.0273222,0.982,0.003,17.558,0.004,-6.4,0.1581,0.0158,5.312e-06,,0.318,0.006,-1.6e-05,N/A,-1.0,-1.0,,,,,10.17,,10.0,10.22,CSPII,Ia,0.976,none
LSQ11pn,0.0326533,0.0326611,0.507,0.008,17.202,0.012,-6.5,0.1457,0.0146,4.986e-05,,0.285,0.018,-0.000144,N/A,-1.0,-1.0,,,,,10.7,,10.52,10.8,CSPII,Ia,0.948,none
LSQ12agq,0.0641556,0.0653581,1.152,0.027,18.356,0.043,3.7,0.0371,0.0037,6.853e-05,,0.084,0.074,-0.001849,N/A,-1.0,-1.0,,,,,9.3,,9.29,9.43,CSPII,Ia,0.986,none
LSQ12aor,0.0933354,0.0945588,0.827,0.021,19.401,0.015,-4.5,0.0415,0.0042,0.0001571,,-0.088,0.026,-0.000225,N/A,-1.0,-1.0,,,,,9.85,,9.67,10.15,CSPII,Ia,0.986,none
LSQ12bld,0.0833623,0.084303,0.892,0.01,18.968,0.009,-6.3,0.0233,0.0023,2.494e-05,,0.101,0.016,-8.1e-05,N/A,-1.0,-1.0,,,,,10.55,,10.42,10.64,CSPII,Ia,0.987,none
LSQ12btn,0.0541733,0.0552706,0.832,0.009,18.135,0.007,-3.0,0.0333,0.0033,1.649e-05,,0.098,0.011,-4.9e-05,N/A,-1.0,-1.0,,,,,10.9,,10.84,10.94,CSPII,Ia,0.986,none
LSQ12ca,0.0994,0.0995466,1.195,0.041,19.029,0.049,3.4,0.0417,0.0042,-0.0002263,,-0.084,0.081,-0.002401,N/A,-1.0,-1.0,,,,,10.44,,10.34,10.64,CSPII,Ia,0.962,none
LSQ12cda,0.1374948,0.1384035,0.814,0.105,20.104,0.062,2.9,0.0284,0.0028,-0.001032,,0.087,0.119,-0.003844,N/A,-1.0,-1.0,,,,,9.82,,9.69,9.98,CSPII,Ia,0.859,none
LSQ12cdl,0.1079253,0.1090245,0.988,0.045,19.285,0.045,1.2,0.0492,0.0049,-0.0002187,,-0.143,0.075,-0.002025,N/A,-1.0,-1.0,,,,,8.81,,8.79,8.93,CSPII,Ia,0.986,none
LSQ12fuk,0.0205857,0.0205571,1.003,0.006,15.683,0.009,-1.4,0.0714,0.0071,8.186e-06,,-0.009,0.012,-8.1e-05,N/A,-1.0,-1.0,,,,,8.34,,8.2,8.45,CSPII,Ia,0.982,none
LSQ12fvl,0.05593,0.055977,0.61,0.008,18.513,0.01,-6.1,0.0179,0.0018,3.012e-05,,0.251,0.016,-0.0001,N/A,-1.0,-1.0,,,,,10.74,,10.55,10.93,CSPII,Ia,0.981,none
LSQ12fxd,0.03122,0.0313344,1.161,0.006,16.293,0.004,-11.1,0.0217,0.0022,1.152e-05,,-0.008,0.006,-1.6e-05,N/A,-1.0,-1.0,,,,,10.28,,10.16,10.4,CSPII,Ia,0.98,none
LSQ12gdj,0.0303033,0.0292813,1.167,0.007,15.885,0.005,-12.4,0.0199,0.002,1.61e-05,,-0.035,0.007,-2.5e-05,N/A,-1.0,-1.0,,,,,8.66,,8.36,8.76,CSPII,Ia-91T,0.969,none
LSQ12gef,0.0641556,0.0631798,1.18,0.034,18.629,0.039,-1.1,0.0512,0.0051,-3.577e-05,,0.265,0.067,-0.001521,N/A,-1.0,-1.0,,,,,11.5,,11.5,11.5,CSPII,Ia,0.987,none
LSQ12gln,0.1020294,0.1021611,1.113,0.02,19.04,0.009,-5.2,0.0201,0.002,9.272e-05,,-0.072,0.012,-8.1e-05,N/A,-1.0,-1.0,,,,,8.75,,8.6,9.07,CSPII,Ia,0.986,none
LSQ12gxj,0.0353,0.034596,1.107,0.009,17.809,0.004,-11.1,0.0571,0.0057,1.473e-05,,0.262,0.006,-1.6e-05,N/A,-1.0,-1.0,,,,,9.18,,9.06,9.31,CSPII,Ia,0.655,none
LSQ12gyc,0.0931355,0.0924863,1.145,0.024,18.806,0.006,-2.0,0.0211,0.0021,2.851e-05,,-0.047,0.01,-3.6e-05,N/A,-1.0,-1.0,,,,,11.5,,11.5,11.5,CSPII,Ia,0.98,none
LSQ12gzm,0.0999308,0.0993978,1.113,0.044,19.473,0.009,-7.1,0.0208,0.0021,0.0002159,,0.033,0.012,-8.1e-05,N/A,-1.0,-1.0,,,,,11.5,,11.5,11.5,CSPII,Ia,0.986,none
LSQ12hjm,0.0713506,0.0707978,0.963,0.005,18.361,0.004,-7.0,0.0246,0.0025,9.712e-06,,-0.068,0.006,-1.6e-05,N/A,-1.0,-1.0,,,,,10.09,,9.93,10.25,CSPII,Ia,0.982,none
LSQ12hno,0.0472673,0.0468084,0.989,0.015,17.873,0.006,-2.3,0.0994,0.0099,2.693e-06,,0.046,0.01,-3.6e-05,N/A,-1.0,-1.0,,,,,7.7,,7.64,7.9,CSPII,Ia,0.983,none
LSQ12hnr,0.1243,0.1255265,1.167,0.038,19.399,0.039,0.9,0.0324,0.0032,-2.339e-05,,0.005,0.067,-0.001521,N/A,-1.0,-1.0,,,,,8.05,,7.93,8.16,CSPII,Ia,0.982,none
LSQ12hvj,0.0712507,0.0723911,1.206,0.014,18.329,0.006,-6.6,0.0458,0.0046,-2.726e-05,,0.08,0.009,-3.6e-05,N/A,-1.0,-1.0,,,,,9.05,,8.79,9.22,CSPII,Ia,0.986,none
LSQ12hxx,0.06936,0.0689135,1.204,0.023,18.158,0.011,-2.0,0.0153,0.0015,-0.0001002,,0.077,0.017,-0.000121,N/A,-1.0,-1.0,,,,,10.45,,10.28,10.58,CSPII,Ia,0.986,none
LSQ12hzj,0.0334,0.0345752,0.97,0.004,16.58,0.005,-5.3,0.0569,0.0057,8.074e-06,,-0.07,0.007,-2.5e-05,N/A,-1.0,-1.0,,,,,9.35,,9.32,9.73,CSPII,Ia,0.985,none
LSQ12hzs,0.07208,0.0718169,1.145,0.012,18.706,0.008,-8.8,0.0227,0.0023,4.911e-05,,0.1,0.011,-6.4e-05,N/A,-1.0,-1.0,,,,,10.02,,9.88,10.42,CSPII,Ia,0.985,none
LSQ13abo,0.0674467,0.0681328,0.877,0.019,18.604,0.014,-8.4,0.0906,0.0091,0.0001092,,0.205,0.028,-0.000196,N/A,-1.0,-1.0,,,,,10.31,,10.04,10.34,CSPII,Ia,0.986,none
LSQ13aiz,0.0092,0.0102493,0.964,0.006,13.63,0.005,-9.6,0.0788,0.0079,8.633e-06,,0.08,0.009,-2.5e-05,N/A,-1.0,-1.0,,,,,8.24,,8.12,8.34,CSPII,Ia,0.716,none
LSQ13cwp,0.0666,0.0662474,0.94,0.016,18.309,0.012,-7.9,0.1326,0.0133,0.0001037,,0.086,0.02,-0.000144,N/A,-1.0,-1.0,,,,,10.54,,10.39,10.7,CSPII,Ia,0.986,none
LSQ13dby,0.0999308,0.0995683,1.14,0.014,19.149,0.007,-7.1,0.0093,0.0009,6.164e-05,,-0.044,0.009,-4.9e-05,N/A,-1.0,-1.0,,,,,11.5,,11.5,11.5,CSPII,Ia,0.865,none
LSQ13dcy,0.0801,0.0800671,1.213,0.042,19.094,0.015,-3.3,0.0408,0.0041,-0.0001236,,0.095,0.023,-0.000225,N/A,-1.0,-1.0,,,,,9.18,,9.01,9.34,CSPII,Ia,0.929,none
LSQ13dhj,0.0935,0.0929027,1.16,0.019,19.0,0.014,-7.9,0.0132,0.0013,0.0001377,,0.057,0.019,-0.000196,N/A,-1.0,-1.0,,,,,8.63,,8.27,8.78,CSPII,Ia,0.985,none
LSQ13dkp,0.0689367,0.0685268,0.657,0.008,18.752,0.009,-5.8,0.0145,0.0015,2.315e-05,,0.019,0.013,-8.1e-05,N/A,-1.0,-1.0,,,,,10.8,,10.61,10.92,CSPII,Ia,0.963,none
LSQ13dpm,0.0508648,0.0520617,1.055,0.009,17.696,0.003,-9.0,0.0529,0.0053,-1.11e-05,,-0.013,0.005,-9e-06,N/A,-1.0,-1.0,,,,,9.17,,9.06,9.6,CSPII,Ia,0.984,none
LSQ13dqh,0.1038,0.1035425,1.197,0.02,19.357,0.01,-6.7,0.0501,0.005,9.564e-09,,-0.039,0.016,-0.0001,N/A,-1.0,-1.0,,,,,11.5,,11.5,11.5,CSPII,Ia,0.969,none
LSQ13dsm,0.0423707,0.0419767,0.908,0.004,17.287,0.005,-13.1,0.0088,0.0009,3.967e-06,,-0.024,0.008,-2.5e-05,N/A,-1.0,-1.0,,,,,9.01,,8.85,9.14,CSPII,Ia,0.984,none
LSQ13lq,0.0755477,0.0765051,1.054,0.012,18.079,0.004,-7.4,0.0215,0.0022,-1.891e-05,,-0.076,0.006,-1.6e-05,N/A,-1.0,-1.0,,,,,8.44,,8.0,8.63,CSPII,Ia,0.951,none
LSQ13pf,0.0860404,0.0870045,0.917,0.038,19.429,0.043,-0.1,0.0558,0.0056,-7.917e-05,,0.216,0.072,-0.001849,N/A,-1.0,-1.0,,,,,10.26,,10.14,10.44,CSPII,Ia-91T,0.957,none
LSQ13ry,0.0298367,0.031032,0.88,0.006,16.59,0.007,-13.5,0.0403,0.004,1.083e-05,,-0.05,0.011,-4.9e-05,N/A,-1.0,-1.0,,,,,9.64,,9.54,9.7,CSPII,Ia,0.971,none
LSQ13vy,0.0417711,0.0421068,0.892,0.005,17.575,0.005,-7.2,0.0676,0.0068,6.266e-06,,0.075,0.008,-2.5e-05,N/A,-1.0,-1.0,,,,,10.17,,10.15,10.33,CSPII,Ia,0.985,none
LSQ14act,0.05905,0.0594518,0.701,0.008,18.374,0.007,-4.4,0.2269,0.0227,1.761e-05,,-0.002,0.011,-4.9e-05,N/A,-1.0,-1.0,,,,,10.17,,10.07,10.61,CSPII,Ia,0.976,none
LSQ14age,0.0805442,0.0815802,1.115,0.014,18.492,0.01,-13.2,0.0576,0.0058,9.376e-05,,-0.019,0.013,-0.0001,N/A,-1.0,-1.0,,,,,8.42,,8.33,8.59,CSPII,Ia,0.976,none
LSQ14ahc,0.0508648,0.0517592,1.252,0.01,17.291,0.007,-9.2,0.0461,0.0046,1.84e-05,,-0.02,0.011,-4.9e-05,N/A,-1.0,-1.0,,,,,9.13,,8.89,9.62,CSPII,Ia,0.986,none
LSQ14ahm,0.0497655,0.0509869,1.161,0.009,17.269,0.008,-11.8,0.0274,0.0027,3.454e-05,,-0.059,0.011,-6.4e-05,N/A,-1.0,-1.0,,,,,8.2,,8.03,8.37,CSPII,Ia,0.986,none
LSQ14ajn,0.02101,0.0221584,0.654,0.004,16.23,0.005,-1.5,0.0193,0.0019,5.057e-06,,0.066,0.009,-2.5e-05,N/A,-1.0,-1.0,,,,,10.11,,9.95,10.3,CSPII,Ia,0.979,none
LSQ14asu,0.0683967,0.069594,0.775,0.012,18.884,0.007,-4.8,0.0372,0.0037,6.581e-06,,0.004,0.011,-4.9e-05,N/A,-1.0,-1.0,,,,,10.67,,10.51,10.86,CSPII,Ia,0.927,none
LSQ14auy,0.0824129,0.0832263,1.136,0.014,18.667,0.008,-5.5,0.0669,0.0067,6.797e-05,,-0.009,0.011,-6.4e-05,N/A,-1.0,-1.0,,,,,10.74,,10.61,11.19,CSPII,Ia,0.987,none
LSQ14azy,0.0457633,0.0469322,1.136,0.027,17.616,0.039,2.3,0.0164,0.0016,3.906e-05,,0.066,0.067,-0.001521,N/A,-1.0,-1.0,,,,,9.94,,9.75,10.1,CSPII,Ia,0.981,none
LSQ14ba,0.0775463,0.0787677,0.959,0.006,18.76,0.009,-8.1,0.0493,0.0049,2.741e-05,,0.034,0.013,-8.1e-05,N/A,-1.0,-1.0,,,,,9.47,,9.3,9.87,CSPII,Ia,0.986,none
LSQ14bbv,0.0587593,0.058439,1.039,0.011,17.739,0.004,-3.7,0.0464,0.0046,-1.029e-05,,0.008,0.006,-1.6e-05,N/A,-1.0,-1.0,,,,,11.02,,10.9,11.14,CSPII,Ia,0.986,none
LSQ14bjj,0.0811438,0.0819882,0.996,0.008,18.547,0.006,-5.6,0.0408,0.0041,1.873e-05,,-0.082,0.009,-3.6e-05,N/A,-1.0,-1.0,,,,,8.46,,8.3,8.91,CSPII,Ia,0.986,none
LSQ14fms,0.077946,0.0773231,0.849,0.015,18.844,0.011,-4.6,0.0143,0.0014,8.504e-05,,0.165,0.016,-0.000121,N/A,-1.0,-1.0,,,,,10.11,,10.0,10.49,CSPII,Ia,0.986,none
LSQ14foj,0.0460667,0.0451705,1.015,0.01,17.295,0.007,-12.1,0.0121,0.0012,1.256e-05,,0.047,0.011,-4.9e-05,N/A,-1.0,-1.0,,,,,8.44,,8.33,8.7,CSPII,Ia,0.986,none
LSQ14fom,0.05626,0.0553279,0.947,0.009,17.773,0.008,-9.4,0.0184,0.0018,2.936e-05,,0.021,0.011,-6.4e-05,N/A,-1.0,-1.0,,,,,9.54,,9.4,9.72,CSPII,Ia,0.978,none
LSQ14gfb,0.0527067,0.0527873,0.605,0.035,19.042,0.032,-1.9,0.0159,0.0016,0.0003133,,0.526,0.064,-0.001024,N/A,-1.0,-1.0,,,,,10.3,,10.11,10.64,CSPII,Ia,0.985,none
LSQ14gfn,0.1216158,0.1210925,0.991,0.023,19.329,0.012,-5.1,0.0332,0.0033,-3.54e-06,,0.037,0.021,-0.000144,N/A,-1.0,-1.0,,,,,10.54,,10.42,10.88,CSPII,Ia,0.967,none
LSQ14ghv,0.0666539,0.0662566,0.949,0.009,18.392,0.007,-4.9,0.0088,0.0009,1.278e-05,,-0.022,0.011,-4.9e-05,N/A,-1.0,-1.0,,,,,10.18,,10.06,10.31,CSPII,Ia,0.981,none
LSQ14gov,0.089538,0.0892443,1.141,0.008,18.572,0.007,-10.5,0.0357,0.0036,3.276e-05,,-0.105,0.009,-4.9e-05,N/A,-1.0,-1.0,,,,,9.02,,8.85,9.19,CSPII,Ia,0.985,none
LSQ14ie,0.089538,0.0905466,1.155,0.01,18.765,0.008,-9.3,0.0717,0.0072,3.657e-05,,-0.023,0.011,-6.4e-05,N/A,-1.0,-1.0,,,,,8.08,,7.95,8.21,CSPII,Ia,0.983,none
LSQ14ip,0.0612967,0.0624196,0.522,0.009,19.148,0.013,-8.7,0.0373,0.0037,5.692e-05,,0.345,0.021,-0.000169,N/A,-1.0,-1.0,,,,,10.18,,10.01,10.31,CSPII,Ia,0.987,none
LSQ14jp,0.04539,0.0464896,0.677,0.007,18.015,0.006,-9.6,0.053,0.0053,6.336e-06,,0.123,0.009,-3.6e-05,N/A,-1.0,-1.0,,,,,10.54,,10.48,10.81,CSPII,Ia,0.986,none
LSQ14mc,0.05662,0.0575661,0.964,0.004,17.847,0.004,-7.7,0.0207,0.0021,8.54e-06,,-0.029,0.006,-1.6e-05,N/A,-1.0,-1.0,,,,,9.17,,9.16,9.43,CSPII,Ia,0.986,none
LSQ14q,0.0669503,0.067871,0.958,0.004,18.225,0.005,-13.9,0.0198,0.002,1.101e-05,,-0.047,0.008,-2.5e-05,N/A,-1.0,-1.0,,,,,9.32,,8.92,9.42,CSPII,Ia,0.987,none
LSQ14wp,0.0694519,0.0706148,1.138,0.011,17.924,0.007,-9.0,0.0207,0.0021,4.077e-05,,-0.05,0.01,-4.9e-05,N/A,-1.0,-1.0,,,,,7.48,,7.23,7.59,CSPII,Ia-91T,0.984,none
LSQ14xi,0.0507429,0.0519014,1.142,0.011,18.044,0.008,-9.9,0.0368,0.0037,4.232e-05,,0.212,0.011,-6.4e-05,N/A,-1.0,-1.0,,,,,10.9,,10.77,11.07,CSPII,Ia,0.986,none
LSQ15aae,0.0515643,0.0517701,1.226,0.008,17.756,0.005,-6.8,0.0616,0.0062,-5.541e-06,,0.079,0.008,-2.5e-05,N/A,-1.0,-1.0,,,,,10.27,,10.1,10.46,CSPII,Ia-91T,0.982,none
LSQ15agh,0.0599585,0.0610193,1.14,0.008,17.769,0.006,-6.8,0.0216,0.0022,2.968e-05,,-0.036,0.008,-3.6e-05,N/A,-1.0,-1.0,,,,,9.87,,9.72,9.99,CSPII,Ia,0.987,none
LSQ15aja,0.0699516,0.0699657,1.027,0.01,18.122,0.005,-10.3,0.0545,0.0054,6.018e-06,,-0.092,0.009,-2.5e-05,N/A,-1.0,-1.0,,,,,7.46,,7.34,7.58,CSPII,Ia,0.984,none
LSQ15alq,0.0470667,0.0480953,0.92,0.005,17.323,0.004,-13.4,0.0668,0.0067,5.701e-06,,-0.004,0.006,-1.6e-05,N/A,-1.0,-1.0,,,,,10.4,,10.22,10.82,CSPII,Ia,0.97,none
LSQ15bv,0.0689,0.0701168,0.955,0.01,18.188,0.014,-1.9,0.0443,0.0044,4.057e-05,,-0.003,0.017,-0.000196,N/A,-1.0,-1.0,,,,,10.56,,10.39,10.77,CSPII,Ia,0.985,none
PS1-13eao,0.0377533,0.037362,0.893,0.047,20.318,0.021,-3.2,0.0107,0.0011,0.0002785,,1.509,0.1,-0.000441,N/A,-1.0,-1.0,,,,,10.73,,10.56,11.04,CSPII,Ia,0.0,none
PS1-14ra,0.0280833,0.0287982,0.778,0.006,16.571,0.004,-1.3,0.023,0.0023,-3.651e-06,,0.052,0.006,-1.6e-05,N/A,-1.0,-1.0,,,,,10.65,,10.35,10.72,CSPII,Ia,0.984,none
PS1-14rx,0.0669536,0.0680019,0.848,0.018,18.569,0.018,-9.5,0.0266,0.0027,9.708e-05,,-0.022,0.028,-0.000324,N/A,-1.0,-1.0,,,,,9.89,,9.77,10.06,CSPII,Ia,0.981,none
PS1-14xw,0.0245,0.0245957,1.036,0.01,15.78,0.004,-4.4,0.0656,0.0066,-8.71e-06,,0.018,0.006,-1.6e-05,N/A,-1.0,-1.0,,,,,11.24,,11.11,11.71,CSPII,Ia,0.975,none
PS15sv,0.033277,0.0335844,1.113,0.014,16.427,0.009,-4.4,0.0782,0.0078,6.999e-05,,0.013,0.013,-8.1e-05,N/A,-1.0,-1.0,,,,,8.31,,8.2,8.56,CSPII,Ia-91T,0.977,none
PTF11pbp,0.0289033,0.0276702,1.157,0.007,16.302,0.005,-7.6,0.0507,0.0051,1.987e-05,,0.051,0.007,-2.5e-05,N/A,-1.0,-1.0,,,,,10.88,,10.73,10.97,CSPII,Ia,0.984,none
PTF11ppn,0.0672534,0.0661869,0.66,0.038,18.525,0.09,6.0,0.132,0.0132,0.0006303,,0.245,0.164,-0.0081,N/A,-1.0,-1.0,,,,,11.02,,10.96,11.06,CSPII,Ia-91bg,0.154,none
PTF11pra,0.0175433,0.0167242,0.442,0.017,17.163,0.036,-0.4,0.0243,0.0024,-1.485e-06,,0.935,0.061,-0.001296,N/A,-1.0,-1.0,,,,,10.68,,10.57,10.75,CSPII,Ia,0.981,none
PTF11qnr,0.0162167,0.0149985,0.807,0.008,15.508,0.006,-10.7,0.0556,0.0056,1.991e-05,,0.255,0.009,-3.6e-05,N/A,-1.0,-1.0,,,,,10.65,,10.38,10.7,CSPII,Ia,0.979,none
PTF13anh,0.0614575,0.0624543,0.944,0.007,18.102,0.014,-12.0,0.0224,0.0022,2.561e-05,,-0.172,0.018,-0.000196,N/A,-1.0,-1.0,,,,,7.48,,7.29,7.66,CSPII,Ia,0.979,none
PTF13duj,0.01694,0.015867,1.158,0.013,14.999,0.008,-8.2,0.0665,0.0067,4.507e-05,,0.052,0.011,-6.4e-05,N/A,-1.0,-1.0,,,,,10.73,,10.61,10.82,CSPII,Ia,0.965,none
PTF13dwl,0.0874395,0.0863561,1.114,0.023,18.496,0.008,-6.3,0.0613,0.0061,0.0001038,,0.017,0.011,-6.4e-05,N/A,-1.0,-1.0,,,,,8.74,,8.42,8.98,CSPII,Ia,0.987,none
PTF13dym,0.04213,0.0409061,0.517,0.024,17.477,0.034,-7.2,0.0379,0.0038,0.0003951,,0.097,0.049,-0.001156,N/A,-1.0,-1.0,,,,,9.45,,9.25,9.88,CSPII,Ia-91bg,0.0,none
PTF13dyt,0.1099239,0.109862,0.942,0.065,19.541,0.071,-8.4,0.0458,0.0046,0.002568,,-0.253,0.09,-0.005041,N/A,-1.0,-1.0,,,,,11.5,,11.5,11.5,CSPII,Ia-pec,,none
PTF13ebh,0.01326,0.012484,0.632,0.004,14.925,0.006,-14.3,0.0668,0.0067,8.065e-06,,0.117,0.009,-3.6e-05,NGC0890,33.296,0.081,0.0,0.0,0.0,0.0,10.86,0.05,10.809999999999999,10.91,N/A,N/A,0.0,s
PTF13efe,0.0749481,0.0758465,1.159,0.011,18.231,0.009,-10.3,0.0213,0.0021,4.761e-05,,-0.022,0.012,-8.1e-05,N/A,-1.0,-1.0,,,,,11.5,,11.5,11.5,CSPII,Ia,0.987,none
PTF13ez,0.0434699,0.0445375,0.896,0.012,17.224,0.016,-3.4,0.0429,0.0043,-1.687e-05,,0.165,0.031,-0.000256,N/A,-1.0,-1.0,,,,,9.71,,9.52,9.84,CSPII,Ia,0.982,none
PTF14aaf,0.0588167,0.0595653,1.169,0.01,17.994,0.007,-13.0,0.0288,0.0029,2.564e-05,,0.044,0.011,-4.9e-05,N/A,-1.0,-1.0,,,,,11.5,,11.5,11.5,CSPII,Ia,0.986,none
PTF14aje,0.0276708,0.0282271,0.685,0.006,17.929,0.008,-4.5,0.1524,0.0152,1.167e-05,,0.582,0.014,-6.4e-05,N/A,-1.0,-1.0,,,,,10.78,,10.64,10.84,CSPII,Ia,0.978,none
PTF14fpg,0.034,0.03283,1.079,0.012,16.755,0.005,-10.2,0.0258,0.0026,-8.688e-06,,0.003,0.008,-2.5e-05,N/A,-1.0,-1.0,,,,,11.5,,11.5,11.5,CSPII,Ia,0.784,none
PTF14gnl,0.05369,0.0525349,1.02,0.006,17.486,0.006,-14.6,0.0268,0.0027,1.389e-05,,-0.06,0.009,-3.6e-05,N/A,-1.0,-1.0,,,,,10.06,,9.86,10.5,CSPII,Ia,0.984,none
PTF14uo,0.0912368,0.0922406,1.123,0.016,18.792,0.007,-7.1,0.0161,0.0016,5.727e-05,,-0.06,0.009,-4.9e-05,N/A,-1.0,-1.0,,,,,9.0,,8.86,9.48,CSPII,Ia,0.987,none
PTF14w,0.0188933,0.0200839,0.743,0.004,16.036,0.003,-7.4,0.0205,0.0021,1.559e-06,,0.05,0.005,-9e-06,N/A,-1.0,-1.0,,,,,9.14,,8.96,9.3,CSPII,Ia,0.975,none
PTF14yw,0.01697,0.0180604,0.854,0.008,15.771,0.007,-5.6,0.0255,0.0026,2.137e-05,,-0.043,0.011,-4.9e-05,N/A,-1.0,-1.0,,,,,10.24,,10.16,10.59,CSPII,Ia,0.411,none
PTF14yy,0.0429703,0.0440905,0.837,0.01,18.232,0.01,-8.2,0.0198,0.002,4.979e-05,,0.252,0.015,-0.0001,N/A,-1.0,-1.0,,,,,9.41,,9.25,9.52,CSPII,Ia,0.986,none
SN1970J,0.0132,0.0119644,0.95,0.054,14.628,0.079,-9.1,0.0689,0.0069,0.002351,Ho,0.18,0.104,-0.006241,NGC7619,33.341,0.081,0.0,0.0,0.0,0.0,11.34,0.073,11.267,11.413,N/A,N/A,0.0,s
SN1995D,0.006561,0.0076747,1.175,0.009,13.32,0.006,-9.9,0.0484,0.0048,9.209e-06,Ho,-0.053,0.01,-3.6e-05,NGC2962,32.532,0.084,0.0,0.0,0.0,0.0,10.597,0.069,10.527999999999999,10.666,N/A,N/A,0.0,s
SN1997E,0.01354,0.013528,0.836,0.011,15.148,0.007,-4.7,0.1101,0.011,4.278e-05,Ho,0.046,0.01,-4.9e-05,NGC2258,33.781,0.094,0.0,0.0,0.0,0.0,11.199,0.069,11.129999999999999,11.268,N/A,N/A,0.0,s
SN1999ej,0.01372,0.0127757,0.779,0.023,15.418,0.005,-4.2,0.0605,0.006,3.807e-06,,0.017,0.007,-2.5e-05,NGC0495,34.049,0.081,10.116,0.036,64.5,2.4,10.99,0.093,10.897,11.083,N/A,N/A,0.0,s
SN2000cx,0.007929,0.0068909,0.843,0.005,13.069,0.006,-10.4,0.0698,0.007,9.673e-06,Ho,0.053,0.008,-3.6e-05,NGC0524,32.212,0.09,0.0,0.0,0.0,0.0,10.929,0.089,10.84,11.018,N/A,N/A,0.0,s
SN2002cs,0.01577,0.0153173,1.236,0.016,15.16,0.01,-10.5,0.0878,0.0088,9.947e-06,,0.047,0.016,-0.0001,NGC6702,33.992,0.087,9.302,0.027,62.9,2.5,11.324,0.095,11.229,11.419,N/A,N/A,0.0,s
SN2002ha,0.014046,0.0130545,0.832,0.005,14.808,0.005,-13.3,0.0852,0.0085,8.674e-06,,-0.064,0.007,-2.5e-05,NGC6964,33.685,0.096,9.684,0.031,54.6,2.4,11.021,0.106,10.915000000000001,11.127,N/A,N/A,0.0,s
SN2003hv,0.005601,0.0050833,0.789,0.019,12.528,0.036,0.5,0.0133,0.0013,-8.536e-06,Ho,-0.079,0.061,-0.001296,NGC1201,31.347,0.074,0.0,0.0,0.0,0.0,10.565,0.06,10.504999999999999,10.625,N/A,N/A,0.0,s
SN2004ef,0.0309667,0.02977,0.84,0.003,16.751,0.004,-10.3,0.0458,0.0046,5.148e-06,,0.119,0.006,-1.6e-05,N/A,-1.0,-1.0,,,,,10.74,,10.63,10.8,CSPI,Ia,0.981,none
SN2004eo,0.01569,0.0147367,0.867,0.005,15.103,0.006,-13.7,0.093,0.0093,7.47e-06,,0.023,0.009,-3.6e-05,N/A,-1.0,-1.0,,,,,11.16,,11.03,11.35,CSPI,Ia,0.979,none
SN2004ey,0.0157767,0.0146267,1.008,0.003,14.831,0.003,-10.1,0.1197,0.012,2.027e-06,,-0.054,0.004,-9e-06,N/A,-1.0,-1.0,,,,,10.06,,9.76,10.41,CSPI,Ia,0.973,none
SN2004gs,0.0266267,0.0282767,0.707,0.003,16.979,0.004,-5.0,0.0257,0.0026,3.442e-06,,0.205,0.006,-1.6e-05,N/A,-1.0,-1.0,,,,,10.63,,10.57,10.7,CSPI,Ia,0.982,none
SN2004gu,0.0458267,0.0468967,1.153,0.011,17.273,0.009,-6.0,0.0223,0.0022,5.431e-05,,0.149,0.014,-8.1e-05,N/A,-1.0,-1.0,,,,,10.02,,9.74,10.19,CSPI,Ia-06gz,0.986,none
SN2005A,0.0191267,0.01834,0.963,0.007,17.137,0.01,-4.7,0.0259,0.0026,1.947e-05,,0.978,0.016,-0.0001,N/A,-1.0,-1.0,,,,,11.19,,11.07,11.26,CSPI,Ia,0.976,none
SN2005M,0.0219967,0.02558,1.205,0.004,15.901,0.003,-10.4,0.0273,0.0027,-1.489e-06,,0.018,0.004,-9e-06,N/A,-1.0,-1.0,,,,,8.8,,8.38,8.92,CSPI,Ia-91T,0.984,none
SN2005W,0.0088833,0.00795,0.938,0.006,14.044,0.005,-9.1,0.0615,0.0062,8.999e-06,,0.165,0.008,-2.5e-05,N/A,-1.0,-1.0,,,,,9.9,,9.75,10.0,CSPI,Ia,0.967,none
SN2005ag,0.07937,0.08008,1.145,0.009,18.448,0.005,-2.2,0.0331,0.0033,1.313e-05,,-0.036,0.008,-2.5e-05,N/A,-1.0,-1.0,,,,,10.9,,10.84,10.95,CSPI,Ia,0.982,none
SN2005al,0.0123933,0.0132867,0.868,0.004,14.943,0.005,-2.4,0.0483,0.0048,4.084e-06,,-0.058,0.008,-2.5e-05,N/A,-1.0,-1.0,,,,,10.49,,10.4,10.63,CSPI,Ia,0.909,none
SN2005am,0.0078933,0.0089667,0.765,0.004,13.634,0.005,-1.6,0.0433,0.0043,-3.91e-06,,0.065,0.008,-2.5e-05,N/A,-1.0,-1.0,,,,,10.83,,10.68,11.26,CSPI,Ia,0.934,none
SN2005be,0.035,0.0355767,0.768,0.022,16.932,0.042,5.1,0.0294,0.0029,-6.151e-05,,0.055,0.071,-0.001764,N/A,-1.0,-1.0,,,,,10.4,,10.25,10.5,CSPI,Ia,0.985,none
SN2005bg,0.02307,0.0241567,1.064,0.039,15.81,0.041,1.4,0.0264,0.0026,-0.0002008,,0.036,0.066,-0.001681,N/A,-1.0,-1.0,,,,,9.91,,9.72,10.02,CSPI,Ia,0.983,none
SN2005bl,0.0240433,0.0251133,0.429,0.011,17.804,0.02,-8.0,0.025,0.0025,1.096e-05,,0.676,0.034,-0.0004,N/A,-1.0,-1.0,,,,,11.01,,10.89,11.2,CSPI,Ia-91bg,0.98,none
SN2005bo,0.0138867,0.0150133,0.883,0.009,15.434,0.004,-1.6,0.0396,0.004,-1.669e-06,,0.237,0.006,-1.6e-05,N/A,-1.0,-1.0,,,,,10.5,,10.34,10.65,CSPI,Ia,0.962,none
SN2005el,0.0149,0.0148833,0.864,0.003,14.975,0.008,-8.5,0.0976,0.0098,6.2e-06,,-0.08,0.012,-6.4e-05,N/A,-1.0,-1.0,,,,,10.84,,10.7,11.24,CSPI,Ia,0.973,none
SN2005eq,0.0289567,0.02835,1.136,0.009,16.239,0.007,-5.2,0.0629,0.0063,3.657e-05,,0.055,0.01,-4.9e-05,N/A,-1.0,-1.0,,,,,10.56,,10.44,10.65,CSPI,Ia-91T,0.984,none
SN2005hc,0.0459067,0.0444967,1.141,0.007,17.297,0.005,-6.0,0.028,0.0028,1.951e-05,,0.013,0.007,-2.5e-05,N/A,-1.0,-1.0,,,,,10.6,,10.52,10.65,CSPI,Ia,0.98,none
SN2005hj,0.0579667,0.05695,1.151,0.019,17.681,0.011,-4.2,0.0329,0.0033,8.753e-05,,0.08,0.016,-0.000121,N/A,-1.0,-1.0,,,,,9.32,,9.22,9.38,CSPI,Ia,0.984,none
SN2005iq,0.03402,0.03293,0.882,0.006,16.827,0.007,-6.8,0.0185,0.0019,8.613e-06,,-0.031,0.011,-4.9e-05,N/A,-1.0,-1.0,,,,,10.54,,10.47,10.6,CSPI,Ia,0.965,none
SN2005ir,0.0763067,0.0752333,1.003,0.014,18.343,0.01,-4.0,0.0265,0.0027,2.45e-05,,0.053,0.016,-0.0001,N/A,-1.0,-1.0,,,,,9.23,,9.12,9.37,CSPI,Ia,0.984,none
SN2005kc,0.01511,0.01389,0.933,0.005,15.356,0.007,-11.8,0.1137,0.0114,1.026e-05,,0.234,0.011,-4.9e-05,N/A,-1.0,-1.0,,,,,11.06,,10.6,11.5,CSPI,Ia,0.978,none
SN2005ke,0.0048767,0.0044833,0.436,0.003,14.127,0.008,-11.3,0.02,0.002,1.726e-06,,0.662,0.012,-6.4e-05,N/A,-1.0,-1.0,,,,,10.43,,10.29,10.61,CSPI,Ia-91bg,0.953,none
SN2005ki,0.0191933,0.02037,0.836,0.004,15.603,0.005,-11.4,0.0267,0.0027,5.269e-06,,-0.019,0.007,-2.5e-05,N/A,-1.0,-1.0,,,,,10.8,,10.62,10.86,CSPI,Ia,0.982,none
SN2005ku,0.0454067,0.0441833,0.973,0.035,17.439,0.048,-0.8,0.0461,0.0046,-5.094e-05,,0.1,0.078,-0.002304,N/A,-1.0,-1.0,,,,,10.04,,9.96,10.1,CSPI,Ia,0.986,none
SN2005lu,0.0319867,0.0312933,1.063,0.03,16.995,0.044,8.0,0.0218,0.0022,-0.0001223,,0.25,0.072,-0.001936,N/A,-1.0,-1.0,,,,,9.86,,9.68,10.03,CSPI,Ia,0.975,none
SN2005mc,0.0252033,0.0260067,0.666,0.02,16.911,0.038,1.2,0.0379,0.0038,-1.199e-05,,0.311,0.066,-0.001444,N/A,-1.0,-1.0,,,,,10.95,,10.85,11.1,CSPI,Ia,0.982,none
SN2005na,0.0263033,0.0268133,0.97,0.005,16.023,0.006,-3.1,0.0681,0.0068,4.73e-06,,-0.015,0.009,-3.6e-05,N/A,-1.0,-1.0,,,,,10.97,,10.9,11.05,CSPI,Ia,0.976,none
SN2006D,0.00852,0.00964,0.839,0.003,14.095,0.004,-7.4,0.0394,0.0039,3.856e-06,,0.099,0.006,-1.6e-05,N/A,-1.0,-1.0,,,,,9.76,,9.54,9.85,CSPI,Ia,0.972,none
SN2006X,0.0052367,0.00632,0.97,0.004,14.03,0.008,-12.0,0.0228,0.0023,1.077e-05,,1.213,0.012,-6.4e-05,N/A,-1.0,-1.0,,,,,9.33,,9.06,9.43,CSPI,Ia,0.557,none
SN2006ax,0.0167267,0.0179567,1.003,0.004,15.106,0.005,-13.0,0.041,0.0041,6.646e-06,,-0.073,0.008,-2.5e-05,N/A,-1.0,-1.0,,,,,10.92,,10.79,11.04,CSPI,Ia,0.981,none
SN2006bd,0.0257067,0.0267967,0.395,0.01,18.03,0.024,-2.7,0.0231,0.0023,5.607e-05,,0.733,0.044,-0.000576,N/A,-1.0,-1.0,,,,,10.77,,10.6,10.8,CSPI,Ia-91bg,0.981,none
SN2006bh,0.01084,0.0104933,0.827,0.003,14.379,0.004,-6.2,0.0228,0.0023,4.254e-06,,-0.01,0.006,-1.6e-05,N/A,-1.0,-1.0,,,,,10.43,,10.31,10.49,CSPI,Ia,0.969,none
SN2006br,0.0245733,0.0255233,0.954,0.032,18.097,0.055,6.1,0.0197,0.002,-0.0001347,,0.837,0.097,-0.003025,N/A,-1.0,-1.0,,,,,10.97,,10.87,11.36,CSPI,Ia,0.982,none
SN2006ef,0.01787,0.0170267,0.858,0.02,15.464,0.045,8.7,0.0201,0.002,-6.057e-06,,-0.024,0.081,-0.002025,NGC0809,34.376,0.109,0.0,0.0,0.0,0.0,10.35,0.18,10.17,10.53,N/A,N/A,0.0,s
SN2006ej,0.0204367,0.0193367,0.845,0.018,15.72,0.035,1.9,0.0296,0.003,1.535e-06,,0.028,0.06,-0.001225,N/A,-1.0,-1.0,,,,,10.63,,10.48,10.7,CSPI,Ia,0.971,none
SN2006eq,0.0494667,0.0483667,0.656,0.022,18.265,0.043,1.2,0.0416,0.0042,3.996e-06,,0.302,0.075,-0.001849,N/A,-1.0,-1.0,,,,,10.19,,9.79,10.65,CSPI,Ia,0.973,none
SN2006et,0.0221567,0.0216467,1.181,0.006,15.831,0.005,-8.6,0.0165,0.0017,7.722e-06,,0.142,0.007,-2.5e-05,N/A,-1.0,-1.0,,,,,10.8,,10.7,10.88,CSPI,Ia,0.983,none
SN2006ev,0.0287133,0.0276,0.84,0.021,16.983,0.041,2.3,0.0759,0.0076,8.365e-06,,0.179,0.069,-0.001681,N/A,-1.0,-1.0,,,,,10.75,,10.65,10.91,CSPI,Ia,0.924,none
SN2006fw,0.0829433,0.0819867,0.901,0.051,18.98,0.044,-3.6,0.028,0.0028,0.0002961,,0.109,0.065,-0.001936,N/A,-1.0,-1.0,,,,,9.42,,9.32,9.62,CSPI,Ia,0.001,none
SN2006gj,0.0283333,0.0269667,0.709,0.007,17.372,0.008,-2.9,0.0705,0.007,3.675e-06,,0.297,0.012,-6.4e-05,N/A,-1.0,-1.0,,,,,10.53,,10.36,10.6,CSPI,Ia,0.983,none
SN2006gt,0.04474,0.0436433,0.565,0.009,17.967,0.011,-3.6,0.0323,0.0032,3.137e-05,,0.257,0.016,-0.000121,N/A,-1.0,-1.0,,,,,9.93,,9.87,9.94,CSPI,Ia-91bg,0.982,none
SN2006hb,0.0153333,0.0153367,0.682,0.018,15.401,0.037,3.1,0.0236,0.0024,-3.153e-06,,0.186,0.064,-0.001369,N/A,-1.0,-1.0,,,,,10.22,,10.05,10.39,CSPI,Ia-86G,0.98,none
SN2006hx,0.0454633,0.0444033,0.98,0.012,17.421,0.024,-10.4,0.0256,0.0026,0.0001377,,0.113,0.035,-0.000576,N/A,-1.0,-1.0,,,,,10.31,,10.12,10.44,CSPI,Ia,0.981,none
SN2006is,0.0313333,0.03142,1.093,0.036,16.138,0.04,-0.9,0.029,0.0029,1.7e-05,,0.038,0.066,-0.0016,N/A,-1.0,-1.0,,,,,7.1,,6.68,7.41,CSPI,Ia,0.983,none
SN2006kf,0.0212867,0.0208,0.771,0.005,15.949,0.006,-6.0,0.2097,0.021,2.729e-06,,0.024,0.009,-3.6e-05,N/A,-1.0,-1.0,,,,,10.82,,10.59,10.9,CSPI,Ia,0.981,none
SN2006lu,0.0533667,0.0543967,1.003,0.019,17.567,0.039,3.8,0.0986,0.0099,-9.542e-06,,-0.019,0.066,-0.001521,N/A,-1.0,-1.0,,,,,10.29,,10.22,10.37,CSPI,Ia,0.984,none
SN2006mr,0.0058667,0.00551,0.333,0.004,14.587,0.019,-5.9,0.0179,0.0018,2.508e-05,,0.728,0.028,-0.000361,N/A,-1.0,-1.0,,,,,11.19,,10.79,11.38,CSPI,Ia-91bg,0.947,none
SN2006ob,0.0591967,0.0582567,0.739,0.009,18.164,0.01,-4.2,0.0285,0.0029,6.668e-06,,0.124,0.016,-0.0001,N/A,-1.0,-1.0,,,,,11.26,,11.08,11.33,CSPI,Ia,0.986,none
SN2006os,0.0327867,0.03208,0.941,0.02,17.297,0.039,-0.4,0.1254,0.0125,-9.755e-06,,0.318,0.065,-0.001521,N/A,-1.0,-1.0,,,,,10.81,,10.66,10.87,CSPI,Ia,0.982,none
SN2006py,0.05786,0.0566433,0.966,0.018,17.831,0.013,-2.8,0.0518,0.0052,2.013e-05,,0.086,0.021,-0.000169,N/A,-1.0,-1.0,,,,,9.1,,8.94,9.24,CSPI,Ia,0.968,none
SN2007A,0.0176333,0.0164633,1.05,0.02,15.517,0.006,-5.9,0.0631,0.0063,-4.606e-05,,0.202,0.01,-3.6e-05,N/A,-1.0,-1.0,,,,,10.57,,10.57,10.57,CSPI,Ia,0.98,none
SN2007N,0.01287,0.014,0.376,0.006,17.098,0.014,-2.1,0.0343,0.0034,1.543e-05,,0.953,0.024,-0.000196,N/A,-1.0,-1.0,,,,,10.19,,10.1,10.57,CSPI,Ia-91bg,0.976,none
SN2007S,0.01387,0.0150233,1.186,0.007,15.428,0.006,-11.9,0.0224,0.0022,4.104e-06,,0.366,0.011,-3.6e-05,N/A,-1.0,-1.0,,,,,9.98,,9.63,10.16,CSPI,Ia-91T,0.973,none
SN2007ai,0.03164,0.0319867,1.223,0.013,16.84,0.008,-1.9,0.286,0.0286,-4.388e-05,,0.183,0.013,-6.4e-05,N/A,-1.0,-1.0,,,,,9.91,,9.76,10.18,CSPI,Ia-91T,0.985,none
SN2007al,0.0121133,0.0132629,0.383,0.006,16.627,0.016,-1.7,0.036,0.0036,1.274e-05,,0.693,0.026,-0.000256,N/A,-1.0,-1.0,,,,,9.47,,9.33,9.91,CSPI,Ia-91bg,0.971,none
SN2007as,0.01756,0.0178967,0.889,0.004,15.409,0.005,-1.9,0.1229,0.0123,1.335e-06,,0.08,0.009,-2.5e-05,N/A,-1.0,-1.0,,,,,10.36,,10.24,10.43,CSPI,Ia,0.98,none
SN2007ax,0.0068567,0.0076367,0.353,0.01,15.507,0.019,-4.1,0.0446,0.0045,3.768e-05,,0.682,0.03,-0.000361,N/A,-1.0,-1.0,,,,,10.23,,10.13,10.29,CSPI,Ia-91bg,0.924,none
SN2007ba,0.0384867,0.0390533,0.568,0.008,17.436,0.012,-8.4,0.0315,0.0032,4.037e-05,,0.327,0.019,-0.000144,N/A,-1.0,-1.0,,,,,10.99,,10.9,11.06,CSPI,Ia-91bg,0.796,none
SN2007bc,0.0207567,0.02185,0.907,0.005,15.825,0.005,-4.2,0.0186,0.0019,1.801e-06,,0.033,0.009,-2.5e-05,N/A,-1.0,-1.0,,,,,10.73,,10.65,10.78,CSPI,Ia,0.983,none
SN2007bd,0.0309967,0.0318267,0.917,0.006,16.568,0.01,-10.9,0.0289,0.0029,9.103e-06,,-0.001,0.016,-0.0001,N/A,-1.0,-1.0,,,,,10.82,,10.68,10.89,CSPI,Ia,0.984,none
SN2007bm,0.0062067,0.00744,0.906,0.005,14.004,0.005,-2.1,0.0354,0.0035,-1.759e-06,,0.421,0.009,-2.5e-05,N/A,-1.0,-1.0,,,,,10.27,,10.09,10.72,CSPI,Ia,0.958,none
SN2007ca,0.0140567,0.01507,1.078,0.012,15.63,0.006,-10.3,0.057,0.0057,3.498e-06,,0.26,0.009,-3.6e-05,N/A,-1.0,-1.0,,,,,9.69,,9.52,9.74,CSPI,Ia,0.979,none
SN2007cg,0.0331733,0.0341676,1.07,0.049,17.518,0.056,6.7,0.0686,0.0069,-0.0005808,,0.684,0.093,-0.003136,N/A,-1.0,-1.0,,,,,10.37,,10.33,10.43,CSPI,Ia,0.39,none
SN2007cv,0.0076,0.0087491,0.711,0.01,15.042,0.012,-9.8,0.0611,0.0061,5.898e-05,,0.018,0.017,-0.000144,IC2597,33.673,0.082,8.634,0.026,54.3,2.1,11.478,0.093,11.385,11.571,N/A,N/A,0.0,s
SN2007hj,0.0141033,0.0128818,0.633,0.005,15.417,0.006,-2.8,0.0747,0.0075,8.731e-06,,0.215,0.01,-3.6e-05,N/A,-1.0,-1.0,,,,,10.45,,10.3,10.89,CSPI,Ia,0.961,none
SN2007hx,0.07976,0.0788733,1.006,0.028,19.047,0.043,-0.9,0.0299,0.003,3.728e-06,,0.214,0.074,-0.001849,N/A,-1.0,-1.0,,,,,10.55,,10.45,10.62,CSPI,Ia,0.985,none
SN2007jd,0.0725833,0.0719112,0.891,0.036,18.75,0.049,-1.2,0.066,0.0066,-4.172e-05,,0.098,0.081,-0.002401,N/A,-1.0,-1.0,,,,,10.13,,9.93,10.18,CSPI,Ia,0.942,none
SN2007jg,0.0371067,0.0365767,0.939,0.006,17.232,0.006,-4.2,0.0904,0.009,1.118e-05,,0.028,0.01,-3.6e-05,N/A,-1.0,-1.0,,,,,8.1,,7.95,8.22,CSPI,Ia,0.974,none
SN2007jh,0.0407667,0.0402667,0.599,0.015,18.033,0.017,-4.1,0.0902,0.009,0.0001094,,0.272,0.026,-0.000289,N/A,-1.0,-1.0,,,,,10.99,,10.89,11.04,CSPI,Ia-86G,0.981,none
SN2007le,0.0067167,0.0055233,1.02,0.004,13.599,0.004,-8.0,0.0287,0.0029,2.883e-06,,0.292,0.006,-1.6e-05,N/A,-1.0,-1.0,,,,,9.85,,9.71,10.16,CSPI,Ia,0.955,none
SN2007mm,0.066354,0.0688733,0.516,0.014,19.244,0.019,-8.6,0.0313,0.0031,9.997e-05,,0.44,0.032,-0.000361,N/A,-1.0,-1.0,,,,,11.36,,11.36,11.36,CSPI,Ia-86G,0.983,none
SN2007nq,0.045,0.0439033,0.769,0.006,17.375,0.007,-2.5,0.0312,0.0031,-6.736e-06,,0.056,0.011,-4.9e-05,N/A,-1.0,-1.0,,,,,11.21,,11.15,11.28,CSPI,Ia,0.952,none
SN2007ol,0.05587,0.054882,0.701,0.032,18.126,0.022,-4.6,0.0215,0.0022,0.0001112,,-0.063,0.028,-0.000484,N/A,-1.0,-1.0,,,,,9.82,,9.71,9.93,CSPI,Ia,0.972,none
SN2007on,0.00649,0.0061833,0.589,0.003,12.917,0.008,-9.6,0.0098,0.001,4.436e-06,,0.115,0.012,-6.4e-05,N/A,-1.0,-1.0,,,,,11.04,,10.78,11.45,CSPI,Ia,0.957,none
SN2007so,0.0296667,0.0289285,0.925,0.009,16.329,0.037,22.8,0.1161,0.0116,-2.042e-05,,0.014,0.076,-0.001369,N/A,-1.0,-1.0,,,,,10.97,,10.89,11.07,CSPI,Ia,,none
SN2007st,0.0211667,0.0206508,0.863,0.022,15.69,0.05,2.9,0.0143,0.0014,-1.862e-05,,0.149,0.083,-0.0025,N/A,-1.0,-1.0,,,,,10.95,,10.85,11.4,CSPI,Ia,0.951,none
SN2007ux,0.0308933,0.031996,0.628,0.006,17.197,0.006,-1.5,0.0386,0.0039,2.588e-06,,0.21,0.01,-3.6e-05,N/A,-1.0,-1.0,,,,,10.3,,10.23,10.34,CSPI,Ia-86G,0.981,none
SN2008C,0.01661,0.0170667,0.967,0.024,15.501,0.044,2.2,0.072,0.0072,-5.118e-05,,0.167,0.074,-0.001936,N/A,-1.0,-1.0,,,,,10.49,,10.35,10.55,CSPI,Ia,0.981,none
SN2008L,0.0194,0.0188584,0.768,0.015,15.338,0.016,-3.9,0.1357,0.0136,2.148e-05,,-0.066,0.025,-0.000256,NGC1259,34.365,0.105,10.663,0.045,74.6,3.6,10.888,0.12,10.768,11.008,N/A,N/A,0.0,s
SN2008O,0.03883,0.039318,0.688,0.01,17.836,0.01,-2.5,0.0763,0.0076,1.789e-05,,0.313,0.016,-0.0001,N/A,-1.0,-1.0,,,,,11.33,,11.12,11.59,CSPI,Ia,0.986,none
SN2008R,0.0134933,0.0128867,0.632,0.006,15.15,0.007,-2.6,0.0618,0.0062,9.856e-06,,0.12,0.011,-4.9e-05,NGC1200,33.66,0.08,0.0,0.0,0.0,0.0,11.25,0.12,11.13,11.37,N/A,N/A,0.0,s
SN2008ar,0.02613,0.0272474,0.976,0.004,16.224,0.007,-8.3,0.0311,0.0031,1.417e-05,,0.008,0.011,-4.9e-05,N/A,-1.0,-1.0,,,,,10.21,,10.11,10.28,CSPI,Ia,0.984,none
SN2008bc,0.0150767,0.0157067,1.057,0.005,14.776,0.004,-8.6,0.2251,0.0225,-4.706e-06,,-0.028,0.006,-1.6e-05,N/A,-1.0,-1.0,,,,,10.1,,9.95,10.23,CSPI,Ia,0.979,none
SN2008bd,0.0300833,0.0312803,0.66,0.038,17.336,0.042,15.1,0.0751,0.0075,0.001114,,0.339,0.067,-0.001764,N/A,-1.0,-1.0,,,,,11.07,,10.99,11.13,CSPI,Ia-91bg,,none
SN2008bf,0.0234837,0.0245538,1.019,0.004,15.757,0.004,-8.4,0.0296,0.003,3.295e-06,,-0.046,0.006,-1.6e-05,N/A,-1.0,-1.0,,,,,11.4,,11.4,11.4,CSPI,Ia,0.982,none
SN2008bi,0.0134367,0.0143882,0.512,0.022,16.453,0.068,5.8,0.037,0.0037,7.924e-05,,0.591,0.123,-0.004624,N/A,-1.0,-1.0,,,,,10.38,,10.27,10.48,CSPI,Ia-91bg,0.972,none
SN2008bq,0.0339767,0.0344433,1.153,0.009,16.671,0.006,-1.4,0.0774,0.0077,1.966e-05,,0.04,0.009,-3.6e-05,N/A,-1.0,-1.0,,,,,10.82,,10.74,10.91,CSPI,Ia,0.983,none
SN2008bt,0.0153533,0.0165796,0.498,0.008,16.249,0.009,-2.7,0.0445,0.0044,2.207e-05,,0.508,0.013,-8.1e-05,N/A,-1.0,-1.0,,,,,10.85,,10.7,10.91,CSPI,Ia-91bg,0.979,none
SN2008bz,0.0602367,0.0613265,0.948,0.023,17.996,0.039,0.2,0.0226,0.0023,-3.197e-05,,-0.044,0.064,-0.001521,N/A,-1.0,-1.0,,,,,10.5,,10.44,10.56,CSPI,Ia,0.957,none
SN2008cc,0.0103867,0.0101222,0.813,0.018,14.176,0.037,7.2,0.0355,0.0035,-1.218e-05,,0.158,0.065,-0.001369,N/A,-1.0,-1.0,,,,,10.48,,10.4,10.64,CSPI,Ia,0.965,none
SN2008cd,0.0074067,0.0084623,1.08,0.144,17.147,0.073,7.9,0.0592,0.0059,8.64e-05,,1.662,0.136,-0.005329,N/A,-1.0,-1.0,,,,,9.54,,9.43,9.64,CSPI,Ia,0.87,none
SN2008cf,0.0459682,0.0468269,1.092,0.035,17.052,0.037,-0.6,0.0577,0.0058,-1.865e-05,,0.009,0.062,-0.001369,N/A,-1.0,-1.0,,,,,8.73,,8.59,8.97,CSPI,Ia,0.986,none
SN2008ff,0.0191933,0.0186725,1.083,0.009,15.224,0.009,18.1,0.0436,0.0044,-4.202e-05,,0.177,0.017,-8.1e-05,N/A,-1.0,-1.0,,,,,10.8,,10.8,10.8,CSPI,Ia,0.981,none
SN2008fl,0.0199,0.0194172,0.883,0.017,15.626,0.035,1.6,0.1569,0.0157,-4.766e-06,,0.056,0.059,-0.001225,N/A,-1.0,-1.0,,,,,10.94,,10.87,11.01,CSPI,Ia,0.982,none
SN2008fp,0.00566,0.0062867,1.108,0.008,13.457,0.005,-6.8,0.1686,0.0169,1.772e-05,,0.479,0.007,-2.5e-05,N/A,-1.0,-1.0,,,,,10.2,,10.15,10.63,CSPI,Ia,0.944,none
SN2008fr,0.0389733,0.0379062,1.035,0.023,16.84,0.042,6.3,0.0395,0.004,-5.793e-05,,-0.014,0.069,-0.001764,N/A,-1.0,-1.0,,,,,7.73,,7.58,7.92,CSPI,Ia,0.981,none
SN2008fu,0.05237,0.0518336,0.822,0.024,17.763,0.048,5.4,0.018,0.0018,-1.058e-05,,-0.021,0.087,-0.002304,N/A,-1.0,-1.0,,,,,10.72,,10.66,10.8,CSPI,Ia,0.986,none
SN2008fw,0.0085433,0.0095066,1.117,0.023,13.916,0.039,7.8,0.1123,0.0112,4.86e-05,,0.076,0.065,-0.001521,N/A,-1.0,-1.0,,,,,10.49,,10.31,10.61,CSPI,Ia-91T,0.971,none
SN2008gg,0.0319933,0.0310658,1.054,0.025,16.425,0.039,2.1,0.0195,0.002,-6.777e-05,,0.149,0.063,-0.001521,N/A,-1.0,-1.0,,,,,10.73,,10.63,10.82,CSPI,Ia,0.984,none
SN2008gl,0.0339933,0.0329459,0.867,0.005,16.79,0.005,-4.3,0.0244,0.0024,7.332e-06,,0.028,0.008,-2.5e-05,N/A,-1.0,-1.0,,,,,10.86,,10.81,10.92,CSPI,Ia,0.977,none
SN2008go,0.0623667,0.0613133,0.939,0.018,18.001,0.006,-1.7,0.032,0.0032,-1.748e-06,,0.04,0.01,-3.6e-05,N/A,-1.0,-1.0,,,,,10.94,,10.89,11.0,CSPI,Ia,0.986,none
SN2008gp,0.03339,0.0328233,0.979,0.004,16.462,0.007,-11.8,0.1042,0.0104,1.055e-05,,-0.031,0.011,-4.9e-05,N/A,-1.0,-1.0,,,,,10.73,,10.64,10.79,CSPI,Ia,0.985,none
SN2008hj,0.0378667,0.0367224,1.008,0.005,16.791,0.005,-7.5,0.0303,0.003,6.24e-06,,-0.008,0.007,-2.5e-05,N/A,-1.0,-1.0,,,,,10.4,,10.2,10.69,CSPI,Ia,0.983,none
SN2008hs,0.017349,0.0166411,0.625,0.006,15.966,0.014,-9.9,0.0497,0.005,2.886e-05,,0.086,0.024,-0.000196,NGC0910,34.459,0.093,9.357,0.033,77.9,3.3,11.504,0.103,11.401,11.607,N/A,N/A,0.0,s
SN2008hu,0.0496656,0.050526,0.827,0.023,17.827,0.042,-1.2,0.0921,0.0092,1.594e-05,,0.021,0.07,-0.001764,N/A,-1.0,-1.0,,,,,10.99,,10.84,11.07,CSPI,Ia,0.985,none
SN2008hv,0.01254,0.01358,0.867,0.004,14.787,0.007,-12.0,0.0279,0.0028,6.359e-06,,-0.047,0.011,-4.9e-05,NGC2765,33.725,0.083,0.0,0.0,0.0,0.0,10.55,0.18,10.370000000000001,10.73,N/A,N/A,0.0,s
SN2008ia,0.0219833,0.02254,0.834,0.006,15.915,0.011,-5.1,0.1954,0.0195,1.689e-05,,-0.035,0.016,-0.000121,ESO125-G006,34.896,0.195,0.0,0.0,0.0,0.0,10.77,0.5,10.27,11.27,N/A,N/A,0.0,s
SN2009D,0.02499,0.024654,1.159,0.007,15.773,0.004,-7.7,0.0441,0.0044,1.388e-05,,-0.021,0.006,-1.6e-05,N/A,-1.0,-1.0,,,,,10.43,,10.35,10.5,CSPI,Ia,0.984,none
SN2009F,0.0129467,0.01291,0.386,0.007,16.359,0.017,-6.3,0.0895,0.0089,1.749e-05,,0.551,0.025,-0.000289,N/A,-1.0,-1.0,,,,,10.79,,10.61,11.22,CSPI,Ia-91bg,0.97,none
SN2009I,0.02615,0.0254309,1.089,0.03,17.53,0.011,-5.0,0.0272,0.0027,7.242e-05,,0.651,0.017,-0.000121,N/A,-1.0,-1.0,,,,,10.74,,10.53,10.88,CSPI,Ia,0.969,none
SN2009P,0.0250867,0.0263202,1.08,0.042,16.617,0.013,-2.2,0.0415,0.0042,-4.814e-05,,0.406,0.021,-0.000169,N/A,-1.0,-1.0,,,,,9.87,,9.77,9.95,CSPI,Ia,0.982,none
SN2009Y,0.0093467,0.0101034,0.993,0.005,13.818,0.007,-8.1,0.0873,0.0087,1.333e-05,,0.148,0.01,-4.9e-05,N/A,-1.0,-1.0,,,,,10.76,,10.66,10.95,CSPI,Ia,0.97,none
SN2009aa,0.02729,0.0284814,0.944,0.004,16.32,0.008,-10.1,0.0295,0.0029,1.139e-05,,0.013,0.012,-6.4e-05,N/A,-1.0,-1.0,,,,,10.6,,10.1,10.8,CSPI,Ia,0.983,none
SN2009ab,0.0111633,0.0108624,0.903,0.006,14.678,0.007,-10.5,0.1838,0.0184,7.073e-06,,0.035,0.011,-4.9e-05,N/A,-1.0,-1.0,,,,,10.35,,10.2,10.78,CSPI,Ia,0.959,none
SN2009ad,0.02838,0.0283174,1.107,0.014,16.171,0.008,-9.1,0.0953,0.0095,4.022e-05,,0.032,0.011,-6.4e-05,N/A,-1.0,-1.0,,,,,10.58,,10.5,10.64,CSPI,Ia,0.984,none
SN2009ag,0.0086333,0.0092477,0.966,0.005,14.46,0.009,-2.7,0.218,0.0218,3.655e-06,,0.149,0.014,-8.1e-05,N/A,-1.0,-1.0,,,,,10.2,,9.99,10.6,CSPI,Ia,0.97,none
SN2009al,0.02209,0.0232764,0.92,0.013,16.06,0.017,-4.7,0.0212,0.0021,1.819e-05,,0.186,0.028,-0.000289,N/A,-1.0,-1.0,,,,,10.72,,10.66,10.77,CSPI,Ia,0.98,none
SN2009cz,0.0211233,0.0219786,1.173,0.011,15.683,0.007,-7.0,0.0221,0.0022,2.836e-05,,0.017,0.011,-4.9e-05,N/A,-1.0,-1.0,,,,,10.75,,10.68,10.84,CSPI,Ia,0.982,none
SN2009ds,0.0192467,0.0204662,1.121,0.015,15.375,0.009,-10.0,0.0332,0.0033,5.296e-05,,0.107,0.013,-8.1e-05,N/A,-1.0,-1.0,,,,,10.77,,10.62,10.97,CSPI,Ia,0.982,none
SN2009le,0.0177733,0.017027,1.087,0.011,15.224,0.006,-11.4,0.0143,0.0014,-1.319e-05,,0.122,0.008,-3.6e-05,N/A,-1.0,-1.0,,,,,10.84,,10.66,11.31,CSPI,Ia,0.976,none
SN2010Y,0.0109,0.0112644,0.66,0.006,14.985,0.01,-9.6,0.0117,0.0012,1.981e-05,,0.02,0.016,-0.0001,NGC3392,33.861,0.088,10.862,0.05,59.2,2.4,10.58,0.106,10.474,10.686,N/A,N/A,0.0,s
SN2011iy,0.0042633,0.0053357,1.033,0.005,11.914,0.006,14.2,0.0529,0.0053,-1.284e-05,,0.244,0.012,-3.6e-05,N/A,-1.0,-1.0,,,,,10.39,,10.21,10.83,CSPII,Ia,0.9,none
SN2011jh,0.0077833,0.0089154,0.789,0.005,14.722,0.005,-9.8,0.0322,0.0032,8.768e-06,,0.367,0.008,-2.5e-05,N/A,-1.0,-1.0,,,,,10.09,,10.02,10.16,CSPII,Ia,0.966,none
SN2011jn,0.0474433,0.0485384,0.644,0.02,17.816,0.047,4.0,0.0593,0.0059,-1.001e-05,,0.137,0.083,-0.002209,N/A,-1.0,-1.0,,,,,11.35,,11.23,11.78,CSPII,Ia,0.982,none
SN2011jt,0.02778,0.0284695,0.955,0.027,16.497,0.05,4.4,0.0386,0.0039,-0.0001455,,0.149,0.084,-0.0025,N/A,-1.0,-1.0,,,,,10.39,,10.25,10.52,CSPII,Ia,0.985,none
SN2012E,0.0202367,0.019439,0.846,0.008,15.657,0.006,-2.9,0.0649,0.0065,1.948e-05,,0.011,0.009,-3.6e-05,N/A,-1.0,-1.0,,,,,10.54,,10.36,10.73,CSPII,Ia,0.982,none
SN2012G,0.0258,0.0268487,1.158,0.006,16.02,0.004,-1.5,0.0205,0.0021,7.53e-06,,-0.043,0.006,-1.6e-05,N/A,-1.0,-1.0,,,,,9.73,,9.58,9.84,CSPII,Ia,0.973,none
SN2012U,0.0197233,0.0193386,0.905,0.023,15.517,0.046,8.0,0.0227,0.0023,-4.083e-05,,-0.018,0.08,-0.002116,N/A,-1.0,-1.0,,,,,10.56,,10.38,10.74,CSPII,Ia,0.975,none
SN2012ah,0.0123933,0.0123697,0.905,0.022,14.521,0.043,3.2,0.1545,0.0155,-5.803e-05,,-0.075,0.072,-0.001849,N/A,-1.0,-1.0,,,,,11.5,,11.5,11.5,CSPII,Ia,0.974,none
SN2012aq,0.0519633,0.0525508,0.996,0.018,17.568,0.037,5.5,0.0338,0.0034,-8.575e-06,,0.004,0.063,-0.001369,N/A,-1.0,-1.0,,,,,7.77,,7.63,8.01,CSPII,Ia,0.972,none
SN2012ar,0.02824,0.028536,0.809,0.006,16.466,0.004,-2.9,0.2024,0.0202,4.178e-06,,0.032,0.006,-1.6e-05,N/A,-1.0,-1.0,,,,,10.94,,10.84,11.02,CSPII,Ia,0.982,none
SN2012bl,0.0186933,0.0181998,1.081,0.016,15.167,0.006,-5.6,0.0297,0.003,6.467e-07,,0.044,0.008,-3.6e-05,N/A,-1.0,-1.0,,,,,10.09,,9.85,10.24,CSPII,Ia,0.977,none
SN2012bo,0.0254133,0.0265314,1.16,0.007,16.167,0.004,-5.8,0.0447,0.0045,1.202e-05,,0.009,0.006,-1.6e-05,N/A,-1.0,-1.0,,,,,10.32,,10.15,10.4,CSPII,Ia,0.983,none
SN2012gm,0.01478,0.013553,0.987,0.004,15.175,0.003,-8.7,0.0393,0.0039,4.366e-06,,0.172,0.004,-9e-06,N/A,-1.0,-1.0,,,,,10.01,,9.9,10.08,CSPII,Ia,0.977,none
SN2012hd,0.0119433,0.0111341,0.888,0.004,14.777,0.005,-13.6,0.0228,0.0023,2.949e-06,,0.122,0.008,-2.5e-05,N/A,-1.0,-1.0,,,,,10.44,,10.38,10.54,CSPII,Ia,0.973,none
SN2012hl,0.0329772,0.0318991,0.927,0.022,17.388,0.007,-2.9,0.053,0.0053,1.155e-05,,0.343,0.011,-4.9e-05,N/A,-1.0,-1.0,,,,,7.31,,7.18,7.46,CSPII,Ia,0.939,none
SN2012hr,0.0075567,0.0078716,0.973,0.001,13.614,0.003,-10.6,0.0389,0.0039,1.772e-06,,0.009,0.004,-9e-06,N/A,-1.0,-1.0,,,,,10.32,,10.21,10.45,CSPII,Ia,0.966,none
SN2012id,0.0157367,0.0155401,0.824,0.033,15.209,0.044,1.6,0.4255,0.0426,-5.984e-05,,0.055,0.078,-0.001936,N/A,-1.0,-1.0,,,,,10.01,,9.85,10.16,CSPII,Ia,0.977,none
SN2012ij,0.01099,0.012107,0.536,0.008,15.263,0.012,-5.6,0.0235,0.0024,5.892e-05,,0.257,0.017,-0.000144,N/A,-1.0,-1.0,,,,,9.94,,9.8,10.11,CSPII,Ia,0.969,none
SN2013E,0.0094067,0.0104565,1.131,0.004,13.693,0.003,-11.0,0.0843,0.0084,8.357e-06,,0.075,0.004,-9e-06,N/A,-1.0,-1.0,,,,,9.96,,9.83,9.99,CSPII,Ia,0.951,none
SN2013H,0.0154767,0.0158792,1.048,0.005,15.452,0.003,-11.9,0.1134,0.0113,-2.052e-06,,0.186,0.005,-9e-06,N/A,-1.0,-1.0,,,,,10.5,,10.32,10.6,CSPII,Ia,0.98,none
SN2013M,0.03493,0.0357427,0.943,0.004,16.594,0.006,-8.4,0.0719,0.0072,7.039e-06,,0.023,0.01,-3.6e-05,N/A,-1.0,-1.0,,,,,10.9,,10.73,11.04,CSPII,Ia,0.934,none
SN2013U,0.0344833,0.0356518,1.239,0.011,16.831,0.006,-5.2,0.0245,0.0025,-8.88e-06,,0.172,0.01,-3.6e-05,N/A,-1.0,-1.0,,,,,10.27,,10.15,10.31,CSPII,Ia-91T,0.842,none
SN2013aa,0.0039967,0.0046654,1.002,0.002,11.169,0.003,-6.0,0.1458,0.0146,2.124e-06,,-0.068,0.004,-9e-06,N/A,-1.0,-1.0,,,,,9.99,,9.85,10.12,CSPII,Ia,0.888,none
SN2013ad,0.0363748,0.0358694,0.991,0.013,16.131,0.006,-3.9,0.3692,0.0369,1.234e-05,,-0.09,0.011,-3.6e-05,N/A,-1.0,-1.0,,,,,11.5,,11.5,11.5,CSPII,Ia,0.639,none
SN2013aj,0.00912,0.0100653,0.8,0.004,14.04,0.004,-6.1,0.0316,0.0032,4.533e-06,,0.052,0.006,-1.6e-05,N/A,-1.0,-1.0,,,,,9.99,,9.82,10.38,CSPII,Ia,0.969,none
SN2013as,0.0684526,0.0696439,1.01,0.022,18.323,0.04,3.6,0.0336,0.0034,-3.37e-05,,0.0,0.067,-0.0016,N/A,-1.0,-1.0,,,,,8.59,,8.43,8.95,CSPII,Ia,0.984,none
SN2013ay,0.0157167,0.0156526,0.494,0.019,15.765,0.046,6.0,0.0622,0.0062,-3.61e-05,,0.531,0.082,-0.002116,N/A,-1.0,-1.0,,,,,10.72,,10.64,10.82,CSPII,Ia,0.953,none
SN2013az,0.0372533,0.037464,0.768,0.025,17.148,0.038,1.1,0.0271,0.0027,-3.335e-05,,0.089,0.064,-0.001444,N/A,-1.0,-1.0,,,,,10.99,,10.93,11.07,CSPII,Ia,0.972,none
SN2013bc,0.02245,0.023528,0.481,0.023,17.455,0.039,-0.7,0.0407,0.0041,-4.497e-06,,0.735,0.067,-0.001521,N/A,-1.0,-1.0,,,,,10.47,,10.28,10.55,CSPII,Ia,0.98,none
SN2013bz,0.01915,0.0201818,1.152,0.009,15.293,0.006,-6.3,0.0377,0.0038,3.212e-05,,0.152,0.009,-3.6e-05,N/A,-1.0,-1.0,,,,,9.98,,9.94,10.04,CSPII,Ia-91T,0.855,none
SN2013cg,0.0079467,0.009009,0.966,0.024,13.76,0.043,3.6,0.0749,0.0075,-6.439e-05,,0.087,0.075,-0.001849,N/A,-1.0,-1.0,,,,,10.13,,9.98,10.27,CSPII,Ia,0.97,none
SN2013ct,0.0038,0.0027369,1.002,0.006,11.779,0.006,21.5,0.0244,0.0024,4.72e-06,,0.064,0.012,-3.6e-05,N/A,-1.0,-1.0,,,,,8.72,,8.57,8.89,CSPII,Ia,0.944,none
SN2013fy,0.0308467,0.0301903,1.174,0.011,16.253,0.006,-6.9,0.023,0.0023,2.333e-05,,0.01,0.008,-3.6e-05,N/A,-1.0,-1.0,,,,,10.86,,10.77,10.96,CSPII,Ia,0.985,none
SN2013fz,0.0205933,0.0205517,1.015,0.004,15.416,0.003,-3.9,0.0119,0.0012,9.435e-07,,-0.002,0.004,-9e-06,N/A,-1.0,-1.0,,,,,10.69,,10.61,10.77,CSPII,Ia,0.98,none
SN2013gv,0.0340967,0.0334585,0.845,0.008,16.785,0.008,-7.7,0.1434,0.0143,3.098e-05,,-0.025,0.012,-6.4e-05,N/A,-1.0,-1.0,,,,,11.27,,11.16,11.56,CSPII,Ia,0.973,none
SN2013gy,0.0140133,0.0135587,0.911,0.003,14.705,0.004,-16.7,0.0485,0.0049,1.834e-06,,-0.008,0.006,-1.6e-05,N/A,-1.0,-1.0,,,,,9.0,,8.98,9.16,CSPII,Ia,0.976,none
SN2013hh,0.01298,0.0141046,1.203,0.028,16.629,0.04,-0.2,0.0247,0.0025,-6.966e-05,,0.557,0.066,-0.0016,N/A,-1.0,-1.0,,,,,9.59,,9.41,9.69,CSPII,Ia-91T,0.928,none
SN2013hn,0.01513,0.0160268,0.821,0.026,14.953,0.039,0.1,0.0529,0.0053,-1.249e-05,,-0.069,0.067,-0.001521,N/A,-1.0,-1.0,,,,,10.99,,10.84,11.07,CSPII,Ia,0.98,none
SN2014D,0.0081733,0.0092489,0.958,0.023,16.685,0.041,1.5,0.0257,0.0026,-4.685e-05,,0.566,0.069,-0.001681,N/A,-1.0,-1.0,,,,,8.26,,8.15,8.38,CSPII,Ia,0.039,none
SN2014I,0.0299933,0.0302041,0.916,0.003,16.316,0.004,-8.6,0.0207,0.0021,2.639e-06,,-0.022,0.006,-1.6e-05,N/A,-1.0,-1.0,,,,,10.9,,10.76,11.31,CSPII,Ia,0.98,none
SN2014Z,0.02126,0.0209246,0.98,0.029,15.557,0.036,0.7,0.0246,0.0025,-4.612e-05,,-0.019,0.06,-0.001296,N/A,-1.0,-1.0,,,,,10.75,,10.66,10.81,CSPII,Ia,0.983,none
SN2014ao,0.0140733,0.015028,0.881,0.005,16.316,0.005,-3.1,0.0282,0.0028,2.493e-06,,0.598,0.008,-2.5e-05,N/A,-1.0,-1.0,,,,,10.57,,10.47,10.74,CSPII,Ia,0.979,none
SN2014at,0.03222,0.031543,0.948,0.004,16.428,0.005,-6.7,0.0164,0.0016,6.53e-06,,-0.042,0.008,-2.5e-05,N/A,-1.0,-1.0,,,,,11.25,,11.08,11.4,CSPII,Ia,0.984,none
SN2014ba,0.0058367,0.0049902,0.338,0.021,15.19,0.056,5.2,0.0102,0.001,-3.559e-05,,0.944,0.09,-0.003136,N/A,-1.0,-1.0,,,,,10.64,,10.56,11.06,CSPII,Ia-91bg,0.954,none
SN2014bv,0.005594,0.0057398,0.622,0.015,13.794,0.013,-1.4,0.0331,0.0033,1.03e-06,Ho,0.212,0.022,-0.000169,NGC4386,32.427,0.08,0.0,0.0,0.0,0.0,10.48,0.064,10.416,10.544,N/A,N/A,0.0,s
SN2014dl,0.0329433,0.0331433,1.227,0.013,16.009,0.005,-9.0,0.0547,0.0055,-1.243e-05,,0.019,0.007,-2.5e-05,N/A,-1.0,-1.0,,,,,9.48,,9.19,9.68,CSPII,Ia-91T,0.694,none
SN2014dn,0.0221733,0.0221408,0.465,0.005,17.007,0.006,-1.8,0.0161,0.0016,2.243e-06,,0.653,0.01,-3.6e-05,N/A,-1.0,-1.0,,,,,10.65,,10.58,10.72,CSPII,Ia,0.982,none
SN2014eg,0.01862,0.018331,1.183,0.01,15.264,0.006,-7.1,0.0257,0.0026,1.047e-05,,0.247,0.009,-3.6e-05,N/A,-1.0,-1.0,,,,,11.62,,11.47,11.73,CSPII,Ia-91T,0.947,none
SN2015bp,0.004069,0.0047083,0.71,0.007,13.696,0.008,-12.9,0.0454,0.0045,2.138e-05,Ho,0.083,0.013,-6.4e-05,NGC5839,32.369,0.078,0.0,0.0,0.0,0.0,9.979,0.137,9.841999999999999,10.116,N/A,N/A,0.0,s
SN2016ajf,0.0203,0.0197686,0.493,0.016,16.367,0.057,-5.6,0.1417,0.0142,0.0001191,,0.56,0.076,-0.003249,NGC1278,34.202,0.106,9.254,0.027,69.2,3.4,11.436,0.116,11.32,11.552,N/A,N/A,0.0,s
SN2019ein,0.007755,0.0083714,0.864,0.01,14.193,0.013,-7.8,0.0099,0.001,7.664e-05,,-0.014,0.022,-0.000169,NGC5353,32.711,0.076,7.654,0.011,34.8,1.2,11.484,0.08,11.404,11.564,N/A,N/A,0.0,s
SNhunt281,0.0040667,0.004706,0.692,0.003,13.654,0.005,-13.2,0.0454,0.0045,5.359e-06,,0.04,0.007,-2.5e-05,N/A,-1.0,-1.0,,,,,9.75,,9.66,9.85,CSPII,Ia,0.947,none
