Name,Host,z_{cmb},z_{zhel},B_{max},eB_{max},s_{BV},es_{BV},B-V,eB-V,cov_{ms},cov_{mbv},cov_{sbv},M_{host},Sample,Subclass,Distant,eDistant
ASAS14ad,KUG 1237+183,0.0274,0.0264,16.244,0.005,1.01,0.018,-0.011,0.01118,1e-05,-2e-05,0.0,8.61,CSPII,Ia,-1.0,-1.0
ASAS14hp,2MASX J21303015-7038489,0.0387,0.03889,16.547,0.003,1.074,0.01,-0.049,0.005,-1e-05,-1e-05,1e-05,9.09,CSPII,Ia,-1.0,-1.0
ASAS14hr,2MASX J01504127-1431032,0.0327,0.0336,17.021,0.009,0.802,0.01,0.061,0.01345,4e-05,-8e-05,0.0,10.34,CSPII,Ia,-1.0,-1.0
ASAS14hu,ESO 058- G 012,0.0219,0.02159,15.431,0.004,1.052,0.007,-0.045,0.0064,-1e-05,-2e-05,2e-05,9.93,CSPII,Ia,-1.0,-1.0
ASAS14jc,2MASX J07353554-6246099,0.0118,0.01132,15.245,0.006,0.915,0.005,0.437,0.01,1e-05,-4e-05,1e-05,9.46,CSPII,Ia,-1.0,-1.0
ASAS14jg,2MASX J23331223-6034201,0.0143,0.01482,14.732,0.035,1.285,0.022,0.049,0.05941,-2e-05,-0.00122,-2e-05,8.76,CSPII,Ia,-1.0,-1.0
ASAS14jz,GALEXASC J184443.33-524819.2,0.0156,0.01579,14.663,0.004,0.989,0.006,-0.041,0.00566,1e-05,-2e-05,-1e-05,8.23,CSPII,Ia,-1.0,-1.0
ASAS14kd,2MASX J22532475+0447583,0.0231,0.0243,16.01,0.005,1.169,0.007,0.234,0.00707,2e-05,-2e-05,-2e-05,10.14,CSPII,Ia-91T,-1.0,-1.0
ASAS14kq,2MASX J23451480-2947009,0.0326,0.03358,16.612,0.009,1.147,0.011,-0.021,0.01204,6e-05,-8e-05,-8e-05,8.91,CSPII,Ia,-1.0,-1.0
ASAS14lo,UGC 06837,0.021,0.01992,15.876,0.036,0.952,0.018,0.127,0.0608,-1e-05,-0.0013,-0.0,9.69,CSPII,Ia,-1.0,-1.0
ASAS14lp,NGC 4666,0.0062,0.0051,11.914,0.004,1.029,0.004,0.243,0.0064,0.0,-2e-05,1e-05,10.74,CSPII,Ia,-1.0,-1.0
ASAS14lq,2MASX J22571481-2058014,0.0251,0.02617,16.013,0.047,0.999,0.024,0.02,0.0794,-5e-05,-0.00221,-1e-05,10.65,CSPII,Ia,-1.0,-1.0
ASAS14lt,IC 0299,0.0315,0.03202,16.368,0.01,0.944,0.008,-0.033,0.0164,2e-05,-0.0001,0.0,10.64,CSPII,Ia,-1.0,-1.0
ASAS14lw,GALEXASC J010647.95-465904.1,0.0203,0.02089,15.602,0.006,1.25,0.007,-0.012,0.00922,2e-05,-4e-05,0.0,6.35,CSPII,Ia,-1.0,-1.0
ASAS14me,ESO 113- G 047,0.0174,0.0178,15.074,0.004,1.078,0.005,0.007,0.00566,-0.0,-2e-05,1e-05,9.05,CSPII,Ia,-1.0,-1.0
ASAS14mf,GALEXASC J000454.54-322615.3,0.0302,0.03108,16.511,0.007,0.984,0.005,-0.012,0.01063,1e-05,-5e-05,0.0,8.93,CSPII,Ia,-1.0,-1.0
ASAS14mw,AM 0139-655 NED02,0.0271,0.02739,15.879,0.003,1.063,0.007,-0.034,0.005,-1e-05,-1e-05,1e-05,10.68,CSPII,Ia,-1.0,-1.0
ASAS14my,NGC 3774,0.0217,0.0205,15.553,0.006,0.923,0.005,0.015,0.01,1e-05,-4e-05,1e-05,10.31,CSPII,Ia,-1.0,-1.0
ASAS15aj,NGC 3449,0.012,0.01091,14.577,0.006,0.831,0.007,0.103,0.00922,1e-05,-4e-05,-1e-05,11.2,CSPII,Ia,-1.0,-1.0
ASAS15al,GALEXASC J045749.46-213526.3,0.0338,0.03378,16.841,0.036,1.077,0.028,0.055,0.0592,-3e-05,-0.0013,-1e-05,8.07,CSPII,Ia,-1.0,-1.0
ASAS15as,SDSS J093916.69+062551.1,0.0298,0.02868,16.179,0.005,1.076,0.014,0.029,0.00781,-2e-05,-2e-05,1e-05,7.66,CSPII,Ia,-1.0,-1.0
ASAS15ba,SDSS J140455.12+085514.0,0.024,0.02312,15.975,0.004,0.967,0.004,0.008,0.0064,0.0,-2e-05,-0.0,7.99,CSPII,Ia,-1.0,-1.0
ASAS15be,GALEXASC J025245.83-341850.6,0.0214,0.02188,15.611,0.005,1.134,0.006,0.019,0.0064,2e-05,-2e-05,-2e-05,7.8,CSPII,Ia,-1.0,-1.0
ASAS15bm,LCRS B150313.2-052600,0.0214,0.02079,15.625,0.007,0.991,0.005,0.127,0.0099,1e-05,-5e-05,-0.0,10.02,CSPII,Ia,-1.0,-1.0
ASAS15cb,VCC 1810,0.0411,0.04001,16.953,0.047,1.086,0.053,0.107,0.0794,-5e-05,-0.00221,-0.00027,10.28,CSPII,Ia,-1.0,-1.0
ASAS15cd,CGCG 064-017,0.0354,0.03429,16.693,0.006,1.003,0.005,-0.021,0.00922,1e-05,-4e-05,-0.0,9.95,CSPII,Ia,-1.0,-1.0
ASAS15da,2MASX J05235106-2442201,0.0488,0.0487,17.679,0.044,0.853,0.025,-0.132,0.07603,-2e-05,-0.00194,-0.00011,10.4,CSPII,Ia,-1.0,-1.0
ASAS15db,NGC 5996,0.0114,0.01099,14.602,0.004,0.955,0.003,0.086,0.0064,0.0,-2e-05,0.0,10.11,CSPII,Ia,-1.0,-1.0
ASAS15dd,CGCG 107-031,0.0247,0.02436,16.065,0.006,0.849,0.006,-0.007,0.00922,1e-05,-4e-05,-1e-05,10.41,CSPII,Ia,-1.0,-1.0
ASAS15eb,ESO 561- G 012,0.0173,0.01647,15.339,0.01,0.821,0.018,-0.129,0.01562,4e-05,-0.0001,-8e-05,10.96,CSPII,Ia,-1.0,-1.0
ASAS15fr,2MASX J09202045-0738229,0.0345,0.03341,16.816,0.039,0.905,0.021,-0.133,0.0658,-2e-05,-0.00152,1e-05,9.98,CSPII,Ia-91T,-1.0,-1.0
ASAS15ga,NGC 4866,0.0077,0.00663,15.068,0.037,0.496,0.03,0.431,0.04958,0.00074,-0.00137,-0.00033,10.38,CSPII,Ia-91bg,-1.0,-1.0
ASAS15go,2MASX J06113048-1629085,0.0193,0.01891,15.847,0.004,1.071,0.012,0.224,0.0064,-1e-05,-2e-05,2e-05,10.18,CSPII,Ia,-1.0,-1.0
ASAS15gr,ESO 366- G 015,0.0248,0.02428,15.867,0.004,1.035,0.007,-0.036,0.0064,-0.0,-2e-05,1e-05,8.94,CSPII,Ia,-1.0,-1.0
ASAS15hf,ESO 375- G 041,0.0072,0.00617,13.996,0.006,0.943,0.005,0.009,0.01,1e-05,-4e-05,0.0,9.56,CSPII,Ia,-1.0,-1.0
ASAS15hg,CGCG 063-098,0.0309,0.02975,16.828,0.036,0.82,0.02,0.063,0.0608,-0.0,-0.0013,-2e-05,10.42,CSPII,Ia,-1.0,-1.0
ASAS15hx,GALEXASC J134316.80-313318.2,0.0092,0.0083,13.179,0.003,1.039,0.005,-0.03,0.005,-0.0,-1e-05,1e-05,7.45,CSPII,Ia,-1.0,-1.0
CSP12G,SDSS J090202.18+101759.7,0.038,0.03697,17.099,0.043,1.159,0.029,0.115,0.07382,7e-05,-0.00185,-0.00017,8.41,CSPII,Ia,-1.0,-1.0
CSP12J,2MASX J06070178-6921180,0.0149,0.01468,15.82,0.071,0.484,0.025,0.555,0.12841,-0.00017,-0.00504,-0.00018,10.09,CSPII,Ia,-1.0,-1.0
CSP12N,Anonymous,0.0983,0.09713,18.704,0.006,1.053,0.012,-0.114,0.00849,-2e-05,-4e-05,6e-05,7.51,CSPII,Ia,-1.0,-1.0
CSP13N,CGCG 092-024,0.0488,0.04776,16.973,0.039,1.138,0.025,-0.004,0.06661,4e-05,-0.00152,-0.00012,10.07,CSPII,Ia-91T,-1.0,-1.0
CSP13Q,2MASX J02022241-6544090,0.0888,0.089,18.964,0.045,0.76,0.231,-0.047,0.08154,-0.00044,-0.00202,0.00034,10.25,CSPII,Ia,-1.0,-1.0
CSP13V,,0.0611,0.05996,17.616,0.095,1.05,0.082,-0.142,0.14309,-0.00674,-0.00902,0.00236,11.5,CSPII,Ia,-1.0,-1.0
CSP13Z,GALEXASC J105206.27-133420.2,0.0801,0.07885,18.192,0.007,1.19,0.015,-0.023,0.01063,1e-05,-5e-05,-0.0,8.35,CSPII,Ia-91T,-1.0,-1.0
CSP13aad,2MASX J01460987-6727579,0.0866,0.0868,18.663,0.041,1.19,0.033,0.02,0.0694,-7e-05,-0.00168,-1e-05,9.65,CSPII,Ia,-1.0,-1.0
CSP13aaf,SDSS J095510.00+064830.3,0.0787,0.07759,18.328,0.006,1.136,0.015,-0.056,0.00849,5e-05,-4e-05,-7e-05,10.66,CSPII,Ia,-1.0,-1.0
CSP13aam,2MASX J05144615-6650292,0.0751,0.07495,17.956,0.009,1.136,0.017,-0.155,0.01273,7e-05,-8e-05,-0.00011,9.05,CSPII,Ia,-1.0,-1.0
CSP13aao,2MASX J05583036-6333386,0.0616,0.06136,18.039,0.05,0.696,0.049,0.125,0.08684,-2e-05,-0.0025,-0.0003,9.93,CSPII,Ia,-1.0,-1.0
CSP13aaq,Anonymous,0.0598,0.05976,18.041,0.008,0.984,0.007,-0.055,0.01131,2e-05,-6e-05,-0.0,11.5,CSPII,Ia,-1.0,-1.0
CSP13aay,Anonymous,0.0588,0.05896,18.197,0.006,1.14,0.012,0.039,0.00922,3e-05,-4e-05,-6e-05,11.5,CSPII,Ia,-1.0,-1.0
CSP13abl,2MASX J06380745-7543288,0.0406,0.04037,20.161,0.026,0.817,0.051,1.073,0.06265,0.00064,-0.00068,9e-05,8.91,CSPII,Ia,-1.0,-1.0
CSP13abm,SDSS J030559.63+043246.0,0.0275,0.02818,16.358,0.006,1.129,0.01,-0.006,0.00849,3e-05,-4e-05,-3e-05,11.5,CSPII,Ia,-1.0,-1.0
CSP13abs,SDSS J120306.76-010132.4,0.0783,0.07715,18.281,0.011,1.208,0.014,-0.061,0.01628,7e-05,-0.00012,-0.0,6.36,CSPII,Ia-91T,-1.0,-1.0
CSP14aaq,2MASX J06134795-6755146,0.0362,0.03591,16.733,0.015,0.898,0.015,-0.09,0.02052,3e-05,-0.00022,4e-05,11.08,CSPII,Ia,-1.0,-1.0
CSP14aar,Anonymous,0.0424,0.04217,17.096,0.004,0.982,0.022,-0.021,0.00721,0.0,-2e-05,-1e-05,9.07,CSPII,Ia,-1.0,-1.0
CSP14abk,,0.0797,0.07974,17.963,0.019,0.96,0.025,0.081,0.02832,0.00021,-0.00036,0.0,11.5,CSPII,Ia,-1.0,-1.0
CSP14abn,2MASX J13560316-4334319,0.0233,0.0225,15.64,0.003,1.007,0.005,-0.026,0.00424,-0.0,-1e-05,0.0,9.75,CSPII,Ia,-1.0,-1.0
CSP14acl,Anonymous,0.0289,0.02998,16.641,0.009,0.96,0.008,-0.071,0.015,-1e-05,-8e-05,-1e-05,11.5,CSPII,Ia,-1.0,-1.0
CSP14acy,APMUKS(BJ) B004021.02-650219.5,0.066,0.06637,17.715,0.011,0.966,0.011,0.122,0.0178,2e-05,-0.00012,-1e-05,8.19,CSPII,Ia-91T,-1.0,-1.0
CSP14adc,UGC 01899,0.0317,0.03244,16.932,0.007,0.811,0.01,0.232,0.0114,2e-05,-5e-05,-1e-05,10.81,CSPII,Ia,-1.0,-1.0
CSP14ade,2MASX J05371898-7543157,0.0626,0.06246,17.671,0.008,1.228,0.013,0.035,0.01204,5e-05,-6e-05,0.0,10.49,CSPII,Ia-91T,-1.0,-1.0
CSP15B,ESO 509- G 108,0.0208,0.01989,15.973,0.006,0.718,0.006,0.14,0.01082,1e-05,-4e-05,1e-05,10.95,CSPII,Ia,-1.0,-1.0
CSP15aae,NGC 5490,0.017,0.01618,16.308,0.007,0.505,0.004,0.454,0.01063,1e-05,-5e-05,-1e-05,11.14,CSPII,Ia-91bg,-1.0,-1.0
KISS13j,SDSS J120939.62+161212.2,0.0776,0.07653,18.733,0.012,0.895,0.026,0.132,0.02081,-1e-05,-0.00014,9e-05,9.83,CSPII,Ia,-1.0,-1.0
KISS13l,SDSS J111454.06+293508.7,0.133,0.13201,19.544,0.052,1.087,0.115,-0.038,0.09964,-0.00082,-0.0027,-0.00263,8.69,CSPII,Ia,-1.0,-1.0
KISS13v,SDSS J135256.58+215621.1,0.0962,0.0954,19.188,0.012,0.984,0.014,0.094,0.01769,7e-05,-0.00014,-2e-05,11.5,CSPII,Ia,-1.0,-1.0
KISS15m,NGC 4098,0.0254,0.02432,17.67,0.015,0.425,0.009,0.622,0.03176,4e-05,-0.00022,2e-05,9.78,CSPII,Ia-91bg,-1.0,-1.0
KISS15n,GALEXMSC J130032.33+275842.3 ?,0.024,0.02308,15.418,0.007,1.225,0.009,0.097,0.01063,3e-05,-5e-05,1e-05,8.0,CSPII,Ia-91T,-1.0,-1.0
LSQ11bk,Anonymous,0.04,0.04027,16.953,0.007,1.071,0.016,-0.078,0.01063,-4e-05,-5e-05,2e-05,6.53,CSPII,Ia,-1.0,-1.0
LSQ11ot,CGCG 421-013,0.0273,0.02732,17.557,0.004,0.982,0.004,0.32,0.0064,1e-05,-2e-05,0.0,10.17,CSPII,Ia,-1.0,-1.0
LSQ11pn,2MASX J05164149+0629376,0.0327,0.03265,17.194,0.012,0.503,0.008,0.287,0.01769,5e-05,-0.00014,-2e-05,10.7,CSPII,Ia,-1.0,-1.0
LSQ12agq,GALEXASC J101741.80-072452.2,0.0654,0.06416,18.355,0.043,1.152,0.027,0.089,0.07301,7e-05,-0.00185,-0.00016,9.3,CSPII,Ia,-1.0,-1.0
LSQ12aor,GALEXASC J105517.85-141757.2,0.0946,0.09334,19.424,0.013,0.923,0.018,-0.069,0.0247,1e-05,-0.00017,8e-05,9.85,CSPII,Ia,-1.0,-1.0
LSQ12bld,SDSS J134244.72+080531.7,0.0843,0.08336,18.94,0.008,0.896,0.009,0.078,0.01442,2e-05,-6e-05,3e-05,10.55,CSPII,Ia,-1.0,-1.0
LSQ12btn,2MASX J09213114-0941331,0.0553,0.05417,18.134,0.007,0.829,0.01,0.1,0.01063,2e-05,-5e-05,-2e-05,10.9,CSPII,Ia,-1.0,-1.0
LSQ12ca,2MASX J05310364-1948063,0.0995,0.0994,19.095,0.044,0.947,0.032,-0.05,0.0728,-0.0001,-0.00194,-1e-05,10.44,CSPII,Ia,-1.0,-1.0
LSQ12cda,SDSS J135002.40+093755.1,0.1384,0.13749,20.104,0.066,0.813,0.126,0.045,0.12657,-0.00176,-0.00436,-0.00363,9.82,CSPII,Ia,-1.0,-1.0
LSQ12cdl,GALEXASC J125339.85-183025.6,0.109,0.10793,19.275,0.044,0.994,0.044,-0.141,0.0728,-0.00023,-0.00194,0.00038,8.81,CSPII,Ia,-1.0,-1.0
LSQ12fuk,GALEXASC J045815.88-161800.7,0.0206,0.02059,15.682,0.009,1.004,0.006,-0.008,0.01204,1e-05,-8e-05,-1e-05,8.34,CSPII,Ia,-1.0,-1.0
LSQ12fvl,MCG -06-12-002,0.056,0.05593,18.504,0.011,0.596,0.009,0.246,0.01703,4e-05,-0.00012,-0.0,10.74,CSPII,Ia,-1.0,-1.0
LSQ12fxd,ESO 487- G 004,0.0313,0.03122,16.292,0.004,1.16,0.006,-0.006,0.00566,1e-05,-2e-05,-1e-05,10.28,CSPII,Ia,-1.0,-1.0
LSQ12gdj,ESO 472- G 007,0.0293,0.0303,15.883,0.005,1.165,0.007,-0.031,0.00707,2e-05,-2e-05,-2e-05,8.66,CSPII,Ia-91T,-1.0,-1.0
LSQ12gef,2MASX J01403375+1830406,0.0632,0.06416,18.627,0.039,1.176,0.033,0.269,0.0658,-2e-05,-0.00152,-8e-05,11.5,CSPII,Ia,-1.0,-1.0
LSQ12gln,GALEXASC J052259.58-332755.3,0.1022,0.10203,19.036,0.006,1.109,0.014,-0.066,0.00781,4e-05,-4e-05,-6e-05,8.75,CSPII,Ia,-1.0,-1.0
LSQ12gxj,2MASX J02525699+0136231,0.0346,0.0353,17.807,0.004,1.092,0.01,0.264,0.00566,0.0,-2e-05,1e-05,9.18,CSPII,Ia,-1.0,-1.0
LSQ12gyc,Anonymous,0.0925,0.09314,18.804,0.006,1.148,0.028,-0.046,0.01082,3e-05,-4e-05,-0.00014,11.5,CSPII,Ia,-1.0,-1.0
LSQ12gzm,GALEXASC J024043.58-344425.0,0.0994,0.09993,19.476,0.011,1.143,0.026,0.03,0.01421,0.00016,-0.00012,-0.00018,11.5,CSPII,Ia,-1.0,-1.0
LSQ12hjm,2MASX J03102844-1629333,0.0708,0.07135,18.361,0.004,0.962,0.005,-0.068,0.00566,1e-05,-2e-05,0.0,10.09,CSPII,Ia,-1.0,-1.0
LSQ12hno,GALEXASC J034243.43-024007.7,0.0468,0.04727,17.871,0.006,0.989,0.014,0.049,0.01,0.0,-4e-05,2e-05,7.7,CSPII,Ia,-1.0,-1.0
LSQ12hnr,Anonymous,0.1255,0.1243,19.407,0.044,1.095,0.07,0.006,0.07684,-0.0001,-0.00194,-0.00071,8.05,CSPII,Ia,-1.0,-1.0
LSQ12hvj,GALEXASC J110738.65-294235.5,0.0724,0.07125,18.329,0.007,1.167,0.015,0.081,0.0099,3e-05,-5e-05,-4e-05,9.05,CSPII,Ia,-1.0,-1.0
LSQ12hxx,2MASX J03194423-2700201,0.0689,0.06936,18.158,0.01,1.19,0.024,0.078,0.0164,-6e-05,-0.0001,-0.0,10.45,CSPII,Ia,-1.0,-1.0
LSQ12hzj,2MASX J09591230-0900095,0.0346,0.0334,16.579,0.005,0.969,0.004,-0.069,0.00707,1e-05,-2e-05,-0.0,9.35,CSPII,Ia,-1.0,-1.0
LSQ12hzs,2MASXi J0401529-263947,0.0718,0.07208,18.696,0.007,1.02,0.018,0.1,0.01063,3e-05,-5e-05,5e-05,10.02,CSPII,Ia,-1.0,-1.0
LSQ13abo,2MASX J14592124-1709138,0.0681,0.06745,18.605,0.014,0.88,0.019,0.207,0.02778,0.00011,-0.0002,0.0002,10.31,CSPII,Ia,-1.0,-1.0
LSQ13aiz,ESO 576- G 017,0.0102,0.0092,13.63,0.005,0.964,0.006,0.08,0.0086,1e-05,-2e-05,1e-05,8.24,CSPII,Ia,-1.0,-1.0
LSQ13cwp,2MASX J04035024-0239275,0.0662,0.0666,18.311,0.014,0.944,0.017,0.088,0.0228,0.00013,-0.0002,3e-05,10.54,CSPII,Ia,-1.0,-1.0
LSQ13dby,Anonymous,0.0996,0.09993,19.149,0.008,1.139,0.014,-0.04,0.01063,7e-05,-6e-05,-7e-05,11.5,CSPII,Ia,-1.0,-1.0
LSQ13dcy,LCSB S0801P,0.0801,0.0801,19.057,0.013,0.94,0.025,0.116,0.0191,0.00019,-0.00017,-2e-05,9.18,CSPII,Ia,-1.0,-1.0
LSQ13dhj,GALEXMSC J021234.60-372019.1,0.0929,0.0935,19.0,0.014,1.167,0.019,0.06,0.0191,0.00013,-0.0002,-0.00012,8.63,CSPII,Ia,-1.0,-1.0
LSQ13dkp,2MASX J03101094-3638017,0.0685,0.06894,18.751,0.009,0.646,0.009,0.01,0.01345,3e-05,-8e-05,0.0,10.8,CSPII,Ia,-1.0,-1.0
LSQ13dpm,GALEXASC J102908.61-170654.2,0.0521,0.05086,17.694,0.003,1.054,0.009,-0.01,0.005,-1e-05,-1e-05,2e-05,9.17,CSPII,Ia,-1.0,-1.0
LSQ13dqh,Anonymous,0.1035,0.1038,19.354,0.011,1.19,0.022,-0.031,0.01703,3e-05,-0.00012,-2e-05,11.5,CSPII,Ia,-1.0,-1.0
LSQ13dsm,APMUKS(BJ) B033105.19-262232.9,0.042,0.04237,17.281,0.005,0.909,0.004,-0.016,0.00781,0.0,-2e-05,1e-05,9.01,CSPII,Ia,-1.0,-1.0
LSQ13lq,SDSS J134410.77+030345.3,0.0765,0.07555,18.078,0.004,1.069,0.026,-0.071,0.00566,-1e-05,-2e-05,3e-05,8.44,CSPII,Ia,-1.0,-1.0
LSQ13pf,LCRS B134534.3-112338,0.087,0.08604,19.434,0.043,0.915,0.039,0.233,0.07301,-9e-05,-0.00185,-0.0,10.26,CSPII,Ia-91T,-1.0,-1.0
LSQ13ry,SDSS J103247.83+041145.5,0.031,0.02984,16.589,0.007,0.881,0.006,-0.048,0.0114,1e-05,-5e-05,1e-05,9.64,CSPII,Ia,-1.0,-1.0
LSQ13vy,2MASX J16065563+0300046,0.0421,0.04177,17.574,0.005,0.891,0.005,0.076,0.00781,1e-05,-2e-05,1e-05,10.17,CSPII,Ia,-1.0,-1.0
LSQ14act,2MASX J15594429-1026396,0.0595,0.05905,18.368,0.007,0.691,0.007,0.003,0.0099,2e-05,-5e-05,-1e-05,10.17,CSPII,Ia,-1.0,-1.0
LSQ14age,GALEXASC J132408.58-132629.0,0.0816,0.08054,18.49,0.01,1.115,0.014,-0.009,0.01281,9e-05,-0.0001,-9e-05,8.42,CSPII,Ia,-1.0,-1.0
LSQ14ahc,2MASX J13434760-3254381,0.0518,0.05086,17.304,0.007,1.222,0.01,-0.029,0.01063,3e-05,-5e-05,1e-05,9.13,CSPII,Ia,-1.0,-1.0
LSQ14ahm,GALEXASC J114122.65-122354.9,0.051,0.04977,17.264,0.008,1.156,0.009,-0.051,0.01063,4e-05,-6e-05,-4e-05,8.2,CSPII,Ia,-1.0,-1.0
LSQ14ajn,CGCG 068-091,0.0222,0.02101,16.225,0.006,0.654,0.004,0.075,0.00922,1e-05,-4e-05,-1e-05,10.11,CSPII,Ia,-1.0,-1.0
LSQ14asu,2MASX J11113635-2127597,0.0696,0.0684,18.883,0.007,0.767,0.013,0.004,0.0114,0.0,-5e-05,4e-05,10.67,CSPII,Ia,-1.0,-1.0
LSQ14auy,2MASX J14281171-0403150,0.0832,0.08241,18.671,0.009,1.147,0.017,-0.012,0.01273,9e-05,-8e-05,-0.00012,10.74,CSPII,Ia,-1.0,-1.0
LSQ14azy,2MASX J11123493+1204206,0.0469,0.04576,17.612,0.039,1.134,0.026,0.073,0.06661,4e-05,-0.00152,-0.00013,9.94,CSPII,Ia,-1.0,-1.0
LSQ14ba,GALEXASC J110123.17-153706.2,0.0788,0.07755,18.758,0.009,0.958,0.006,0.035,0.01345,3e-05,-8e-05,0.0,9.47,CSPII,Ia,-1.0,-1.0
LSQ14bbv,2MASS J19593264-5659334,0.0584,0.05876,17.739,0.005,1.039,0.011,0.008,0.00707,-1e-05,-2e-05,3e-05,11.02,CSPII,Ia,-1.0,-1.0
LSQ14bjj,APMUKS(BJ) B141811.91-050120.8,0.082,0.08114,18.55,0.005,1.01,0.009,-0.075,0.0086,1e-05,-2e-05,1e-05,8.46,CSPII,Ia,-1.0,-1.0
LSQ14fms,2MASX J00145929-5112380,0.0773,0.07795,18.842,0.011,0.848,0.015,0.171,0.01628,8e-05,-0.00012,-4e-05,10.11,CSPII,Ia,-1.0,-1.0
LSQ14foj,GALEXASC J002634.59-324825.5,0.0452,0.04607,17.292,0.007,1.012,0.01,0.05,0.01063,1e-05,-5e-05,1e-05,8.44,CSPII,Ia,-1.0,-1.0
LSQ14fom,2MASX J21594968-3016187,0.0553,0.05626,17.771,0.008,0.947,0.009,0.023,0.01131,3e-05,-6e-05,0.0,9.54,CSPII,Ia,-1.0,-1.0
LSQ14gfb,2MASX J05100559-3618388,0.0528,0.05271,19.025,0.031,0.586,0.033,0.53,0.06227,0.00029,-0.00096,-2e-05,10.3,CSPII,Ia,-1.0,-1.0
LSQ14gfn,2MASX J03283205-0412113,0.1211,0.12162,19.315,0.02,1.073,0.091,0.051,0.03202,-0.00086,-0.0004,-2e-05,10.54,CSPII,Ia,-1.0,-1.0
LSQ14ghv,2MASX J03234449-3135101,0.0663,0.06665,18.398,0.007,0.968,0.009,-0.016,0.0114,2e-05,-5e-05,1e-05,10.18,CSPII,Ia,-1.0,-1.0
LSQ14gov,GALEXMSC J040601.67-160139.7,0.0892,0.08954,18.557,0.005,1.052,0.011,-0.104,0.00781,-2e-05,-2e-05,5e-05,9.02,CSPII,Ia,-1.0,-1.0
LSQ14ie,Anonymous,0.0905,0.08954,18.758,0.009,1.162,0.011,-0.01,0.01204,4e-05,-8e-05,-5e-05,8.08,CSPII,Ia,-1.0,-1.0
LSQ14ip,2MASX J09442084+0435319,0.0624,0.0613,19.14,0.014,0.509,0.01,0.338,0.0228,6e-05,-0.0002,-4e-05,10.18,CSPII,Ia,-1.0,-1.0
LSQ14jp,2MASX J12572166-1547411,0.0465,0.04539,18.011,0.006,0.675,0.007,0.123,0.01,1e-05,-4e-05,1e-05,10.54,CSPII,Ia,-1.0,-1.0
LSQ14mc,SDSS J090213.35+170335.4,0.0576,0.05662,17.845,0.004,0.963,0.004,-0.027,0.0064,1e-05,-2e-05,-0.0,9.17,CSPII,Ia,-1.0,-1.0
LSQ14q,SDSS J085357.19+171942.6,0.0679,0.06695,18.223,0.006,0.957,0.004,-0.046,0.00849,1e-05,-4e-05,-0.0,9.32,CSPII,Ia,-1.0,-1.0
LSQ14wp,SDSS J101405.83+064032.5,0.0706,0.06945,17.917,0.008,1.134,0.012,-0.037,0.01063,5e-05,-6e-05,-6e-05,7.48,CSPII,Ia-91T,-1.0,-1.0
LSQ14xi,2MASX J12304088-1346236,0.0519,0.05074,18.039,0.008,1.142,0.011,0.218,0.01063,4e-05,-6e-05,-4e-05,10.9,CSPII,Ia,-1.0,-1.0
LSQ15aae,2MASX J16301506+0555514,0.0518,0.05156,17.766,0.006,1.218,0.007,0.077,0.00849,2e-05,-4e-05,-0.0,10.27,CSPII,Ia-91T,-1.0,-1.0
LSQ15agh,2MASX J10525434+2335518,0.061,0.05996,17.766,0.006,1.134,0.008,-0.032,0.00781,3e-05,-4e-05,-4e-05,9.87,CSPII,Ia,-1.0,-1.0
LSQ15aja,SDSS J170308.90+122741.5,0.07,0.06995,18.123,0.005,1.032,0.011,-0.087,0.00943,-0.0,-2e-05,6e-05,7.46,CSPII,Ia,-1.0,-1.0
LSQ15alq,ESO 508- G 016,0.0481,0.04707,17.321,0.004,0.921,0.005,-0.002,0.0064,1e-05,-2e-05,1e-05,10.4,CSPII,Ia,-1.0,-1.0
LSQ15bv,2MASX J10594717-1649070,0.0701,0.0689,18.187,0.012,0.952,0.009,-0.001,0.01442,3e-05,-0.00014,-4e-05,10.56,CSPII,Ia,-1.0,-1.0
PS1-13eao,ESO 418- G 007,0.0374,0.03775,20.295,0.021,0.89,0.045,1.549,0.09632,0.00027,-0.00044,-0.00016,10.73,CSPII,Ia,-1.0,-1.0
PS1-14ra,IC 1044,0.0288,0.02808,16.567,0.004,0.777,0.006,0.06,0.0064,-0.0,-2e-05,-0.0,10.65,CSPII,Ia,-1.0,-1.0
PS1-14rx,SDSS J124653.32+144748.4,0.068,0.06695,18.567,0.018,0.846,0.018,-0.022,0.02691,0.0001,-0.00032,8e-05,9.89,CSPII,Ia,-1.0,-1.0
PS1-14xw,NGC 6240,0.0246,0.0245,15.775,0.004,1.039,0.01,0.026,0.0064,-1e-05,-2e-05,2e-05,11.24,CSPII,Ia,-1.0,-1.0
PS15sv,GALEXASC J161311.68+013532.2,0.0336,0.03328,16.415,0.006,0.993,0.005,0.011,0.00922,1e-05,-4e-05,-0.0,8.31,CSPII,Ia-91T,-1.0,-1.0
PTF11pbp,NGC 7674,0.0277,0.0289,16.299,0.005,1.15,0.007,0.055,0.00707,2e-05,-2e-05,-2e-05,10.88,CSPII,Ia,-1.0,-1.0
PTF11ppn,2MASX J21352164+2656051,0.0662,0.06725,18.494,0.098,0.641,0.037,0.189,0.17918,0.00074,-0.0096,0.00018,11.02,CSPII,Ia-91bg,-1.0,-1.0
PTF11pra,NGC 881,0.0167,0.01754,17.165,0.036,0.439,0.017,0.92,0.06,-0.0,-0.0013,-0.0,10.68,CSPII,Ia,-1.0,-1.0
PTF11qnr,NGC 7364,0.015,0.01622,15.507,0.006,0.806,0.008,0.255,0.00922,2e-05,-4e-05,0.0,10.65,CSPII,Ia,-1.0,-1.0
PTF13anh,SDSS J130650.44+153432.7,0.0625,0.06146,18.101,0.014,0.944,0.007,-0.17,0.01844,3e-05,-0.0002,1e-05,7.48,CSPII,Ia,-1.0,-1.0
PTF13duj,NGC 7042,0.0159,0.01694,14.997,0.008,1.156,0.014,0.057,0.01204,5e-05,-6e-05,-6e-05,10.73,CSPII,Ia,-1.0,-1.0
PTF13dwl,GALEXASC J211648.97+120052.8,0.0864,0.08744,18.498,0.007,1.088,0.04,-0.034,0.0114,3e-05,-5e-05,8e-05,8.74,CSPII,Ia,-1.0,-1.0
PTF13dym,SDSS J232430.20+143903.6,0.0409,0.04213,17.465,0.034,0.509,0.024,0.096,0.04952,0.0004,-0.00116,-0.0001,9.45,CSPII,Ia-91bg,-1.0,-1.0
PTF13dyt,,0.1099,0.10992,19.565,0.067,0.96,0.057,-0.27,0.0836,0.00224,-0.00449,-0.00088,11.5,CSPII,Ia-pec,-1.0,-1.0
PTF13ebh,NGC 0890,0.0125,0.01326,14.92,0.006,0.636,0.004,0.123,0.00922,1e-05,-4e-05,-0.0,10.86,CSPII,Ia,-1.0,-1.0
PTF13efe,SDSS J084339.26+161037.5,0.0758,0.07495,18.229,0.01,1.145,0.011,-0.017,0.01345,7e-05,-0.0001,-7e-05,11.5,CSPII,Ia,-1.0,-1.0
PTF13ez,SDSS J120951.25+194716.5,0.0445,0.04347,17.214,0.016,0.897,0.011,0.159,0.02968,-1e-05,-0.00026,5e-05,9.71,CSPII,Ia,-1.0,-1.0
PTF14aaf,,0.0596,0.05882,17.991,0.007,1.161,0.009,0.05,0.0099,3e-05,-5e-05,-2e-05,11.5,CSPII,Ia,-1.0,-1.0
PTF14aje,SDSS J152512.43-014840.1,0.0282,0.02767,17.923,0.006,0.684,0.005,0.608,0.01082,1e-05,-4e-05,-0.0,10.78,CSPII,Ia,-1.0,-1.0
PTF14fpg,SDSS J002812.09+070940.0,0.0328,0.034,16.75,0.006,1.078,0.013,0.01,0.00849,-1e-05,-4e-05,4e-05,11.5,CSPII,Ia,-1.0,-1.0
PTF14gnl,LCSB S0066P,0.0525,0.05369,17.484,0.005,1.021,0.006,-0.055,0.0086,1e-05,-2e-05,1e-05,10.06,CSPII,Ia,-1.0,-1.0
PTF14uo,GALEXASC J131857.37+094244.0,0.0922,0.09124,18.826,0.006,1.118,0.017,-0.114,0.00849,6e-05,-4e-05,-6e-05,9.0,CSPII,Ia,-1.0,-1.0
PTF14w,UGC 07034,0.0201,0.01889,16.03,0.003,0.742,0.004,0.056,0.005,0.0,-1e-05,0.0,9.14,CSPII,Ia,-1.0,-1.0
PTF14yw,NGC 3861,0.0181,0.01697,15.767,0.007,0.856,0.008,-0.038,0.01063,2e-05,-5e-05,-0.0,10.24,CSPII,Ia,-1.0,-1.0
PTF14yy,SDSS J122608.78+095847.1,0.0441,0.04297,18.226,0.01,0.837,0.01,0.256,0.01487,5e-05,-0.0001,0.0,9.41,CSPII,Ia,-1.0,-1.0
SN1990N,N4639,0.0041,0.003,12.648,0.006,1.1,0.006,0.066,0.00849,1e-05,-4e-05,-0.0,10.14,,,31.812,0.084
SN1994ae,N3370,0.0051,0.004,13.082,0.005,1.043,0.006,0.06,0.00707,-0.0,-2e-05,2e-05,9.69,,,32.12,0.051
SN1995al,N3021,0.0059,0.005,13.205,0.009,1.043,0.017,0.138,0.01345,-5e-05,-8e-05,0.0001,9.87,,,32.464,0.158
SN1998aq,N3982,0.0043,0.0037,12.461,0.005,0.968,0.004,-0.104,0.00781,1e-05,-2e-05,-0.0,10.02,,,31.722,0.071
SN2001el,N1448,0.0037,0.0039,12.678,0.006,0.959,0.005,0.144,0.01,1e-05,-4e-05,1e-05,10.34,,,31.287,0.037
SN2002fk,N1309,0.0066,0.00712,13.293,0.006,0.977,0.004,-0.091,0.00849,1e-05,-4e-05,-0.0,9.94,,,32.541,0.059
SN2003du,U9391,0.0067,0.00638,13.551,0.004,1.002,0.004,-0.073,0.0064,1e-05,-2e-05,0.0,8.6,,,32.848,0.067
SN2004ef,UGC 12158,0.0298,0.03097,16.754,0.004,0.84,0.003,0.117,0.00566,1e-05,-2e-05,-0.0,10.74,CSPI,Ia,-1.0,-1.0
SN2004eo,NGC 6928,0.0147,0.01569,15.101,0.006,0.869,0.005,0.025,0.00922,1e-05,-4e-05,0.0,11.16,CSPI,Ia,-1.0,-1.0
SN2004ey,UGC 11816,0.0146,0.01578,14.828,0.003,1.009,0.003,-0.051,0.00424,0.0,-1e-05,0.0,10.06,CSPI,Ia,-1.0,-1.0
SN2004gs,MCG +03-22-020,0.0283,0.02663,16.98,0.004,0.705,0.003,0.202,0.0064,0.0,-2e-05,-0.0,10.63,CSPI,Ia,-1.0,-1.0
SN2004gu,FGC 175A,0.0469,0.04583,17.283,0.01,1.149,0.011,0.145,0.01562,6e-05,-0.0001,-9e-05,10.02,CSPI,Ia-06gz,-1.0,-1.0
SN2005A,NGC 958,0.0183,0.01913,17.132,0.01,0.963,0.007,0.984,0.01562,2e-05,-0.0001,-1e-05,11.19,CSPI,Ia,-1.0,-1.0
SN2005M,NGC 2930,0.0256,0.022,15.906,0.003,1.204,0.003,0.018,0.00424,0.0,-1e-05,0.0,8.8,CSPI,Ia-91T,-1.0,-1.0
SN2005W,N0691,0.008,0.00888,14.037,0.005,0.938,0.006,0.171,0.00781,1e-05,-2e-05,0.0,9.9,CSPI,Ia,32.83,0.109
SN2005ag,,0.0801,0.07937,18.457,0.005,1.145,0.009,-0.03,0.00781,1e-05,-2e-05,-3e-05,10.9,CSPI,Ia,-1.0,-1.0
SN2005al,NGC 5304,0.0133,0.01239,14.938,0.004,0.865,0.004,-0.051,0.00721,0.0,-2e-05,-1e-05,10.49,CSPI,Ia,-1.0,-1.0
SN2005am,NGC 2811,0.009,0.00789,13.626,0.005,0.764,0.004,0.074,0.00781,-0.0,-2e-05,0.0,10.83,CSPI,Ia,-1.0,-1.0
SN2005be,,0.0356,0.035,16.932,0.043,0.761,0.023,0.053,0.0722,-7e-05,-0.00185,1e-05,10.4,CSPI,Ia,-1.0,-1.0
SN2005bg,MCG +03-31-93,0.0242,0.02307,15.809,0.041,1.061,0.037,0.042,0.06544,-0.00019,-0.00168,5e-05,9.91,CSPI,Ia,-1.0,-1.0
SN2005bl,NGC 4059,0.0251,0.02404,17.788,0.02,0.427,0.011,0.689,0.0336,1e-05,-0.0004,9e-05,11.01,CSPI,Ia-91bg,-1.0,-1.0
SN2005bo,NGC 4708,0.015,0.01389,15.431,0.004,0.881,0.008,0.242,0.0064,-0.0,-2e-05,-1e-05,10.5,CSPI,Ia,-1.0,-1.0
SN2005cf,N5917,0.007,0.00646,13.241,0.007,0.972,0.005,0.005,0.01063,2e-05,-5e-05,-0.0,9.65,,,32.363,0.12
SN2005el,NGC 1819,0.0149,0.0149,14.968,0.007,0.865,0.003,-0.073,0.01063,1e-05,-5e-05,0.0,10.84,CSPI,Ia,-1.0,-1.0
SN2005eq,MCG -01-09-006,0.0284,0.02896,16.257,0.005,1.234,0.007,0.035,0.0086,0.0,-2e-05,-0.0,10.56,CSPI,Ia-91T,-1.0,-1.0
SN2005hc,MCG +00-06-003,0.0445,0.04591,17.297,0.005,1.142,0.007,0.012,0.0064,2e-05,-2e-05,-2e-05,10.6,CSPI,Ia,-1.0,-1.0
SN2005hj,APMUKS(BJ) B012415.21-012950.3,0.057,0.05797,17.681,0.011,1.152,0.019,0.08,0.01556,9e-05,-0.00012,-0.00011,9.32,CSPI,Ia,-1.0,-1.0
SN2005iq,MCG -03-01-008,0.0329,0.03402,16.827,0.007,0.88,0.006,-0.032,0.01063,1e-05,-5e-05,1e-05,10.54,CSPI,Ia,-1.0,-1.0
SN2005ir,,0.0752,0.07631,18.355,0.01,1.03,0.02,0.05,0.01487,-3e-05,-0.0001,0.00012,9.23,CSPI,Ia,-1.0,-1.0
SN2005kc,NGC 7311,0.0139,0.01511,15.351,0.007,0.932,0.006,0.238,0.01063,1e-05,-5e-05,0.0,11.06,CSPI,Ia,-1.0,-1.0
SN2005ke,NGC 1371,0.0045,0.00488,14.125,0.008,0.438,0.003,0.67,0.01204,0.0,-6e-05,0.0,10.43,CSPI,Ia-91bg,-1.0,-1.0
SN2005ki,NGC 3332,0.0204,0.01919,15.605,0.005,0.839,0.003,-0.018,0.00707,1e-05,-2e-05,-0.0,10.8,CSPI,Ia,-1.0,-1.0
SN2005ku,2MASX J22594265-0000478,0.0442,0.04541,17.451,0.047,0.969,0.034,0.093,0.0778,-5e-05,-0.00221,-0.0,10.04,CSPI,Ia,-1.0,-1.0
SN2005lu,ESO 545-G038,0.0313,0.03199,17.011,0.044,1.063,0.03,0.247,0.07201,-0.00012,-0.00194,6e-05,9.86,CSPI,Ia,-1.0,-1.0
SN2005mc,UGC 4414,0.026,0.0252,16.915,0.039,0.664,0.02,0.314,0.06742,-1e-05,-0.00152,-4e-05,10.95,CSPI,Ia,-1.0,-1.0
SN2005na,UGC3634,0.0268,0.0263,16.028,0.005,0.971,0.018,-0.02,0.00781,0.0,-2e-05,-0.0,10.97,CSPI,Ia,-1.0,-1.0
SN2006D,M1337,0.0096,0.00852,14.096,0.004,0.839,0.003,0.098,0.0064,0.0,-2e-05,-0.0,9.76,CSPI,Ia,32.92,0.123
SN2006X,NGC 4321,0.0063,0.00524,14.03,0.008,0.971,0.004,1.214,0.01131,1e-05,-6e-05,-0.0,9.33,CSPI,Ia,-1.0,-1.0
SN2006ax,NGC 3663,0.018,0.01673,15.106,0.005,1.003,0.004,-0.072,0.00781,1e-05,-2e-05,0.0,10.92,CSPI,Ia,-1.0,-1.0
SN2006bd,UGC 6609,0.0268,0.02571,18.025,0.021,0.398,0.009,0.712,0.03912,4e-05,-0.00044,0.0,10.77,CSPI,Ia-91bg,-1.0,-1.0
SN2006bh,N7329,0.0105,0.01084,14.379,0.004,0.828,0.003,-0.01,0.00566,0.0,-2e-05,-0.0,10.43,CSPI,Ia,33.246,0.117
SN2006br,NGC5185,0.0255,0.02457,18.091,0.055,0.962,0.032,0.849,0.09626,-0.00011,-0.00302,7e-05,10.97,CSPI,Ia,-1.0,-1.0
SN2006ef,NGC809,0.017,0.01787,15.462,0.045,0.857,0.02,-0.024,0.08071,-1e-05,-0.00202,-3e-05,10.35,CSPI,Ia,-1.0,-1.0
SN2006ej,NGC 191A,0.0193,0.02044,15.72,0.035,0.842,0.018,0.029,0.06022,0.0,-0.00122,-1e-05,10.63,CSPI,Ia,-1.0,-1.0
SN2006eq,,0.0484,0.04947,18.27,0.045,0.649,0.023,0.31,0.07742,1e-05,-0.00202,-5e-05,10.19,CSPI,Ia,-1.0,-1.0
SN2006et,NGC 232,0.0216,0.02216,15.832,0.005,1.18,0.006,0.141,0.00781,1e-05,-2e-05,-1e-05,10.8,CSPI,Ia,-1.0,-1.0
SN2006ev,UGC 11758,0.0276,0.02871,16.979,0.041,0.843,0.021,0.175,0.07021,1e-05,-0.00168,-3e-05,10.75,CSPI,Ia,-1.0,-1.0
SN2006fw,anonymous,0.082,0.08294,18.988,0.042,0.922,0.045,0.104,0.06155,0.00022,-0.00176,0.00022,9.42,CSPI,Ia,-1.0,-1.0
SN2006gj,UGC 2650,0.027,0.02833,17.371,0.008,0.708,0.007,0.298,0.01204,0.0,-6e-05,-0.0,10.53,CSPI,Ia,-1.0,-1.0
SN2006gt,2MASX J00561810-013732,0.0436,0.04474,17.972,0.011,0.575,0.01,0.249,0.01628,3e-05,-0.00012,-2e-05,9.93,CSPI,Ia-91bg,-1.0,-1.0
SN2006hb,MCG -04-12-34,0.0153,0.01533,15.398,0.038,0.685,0.018,0.185,0.06603,-1e-05,-0.00144,-2e-05,10.22,CSPI,Ia-86G,-1.0,-1.0
SN2006hx,2MASX J01135716+0022171,0.0444,0.04546,17.418,0.024,0.977,0.012,0.116,0.03538,0.00014,-0.00058,-2e-05,10.31,CSPI,Ia,-1.0,-1.0
SN2006is,APMUKS(BJ) B051529.79-235009.8,0.0314,0.03133,16.134,0.04,1.092,0.037,0.039,0.0672,2e-05,-0.0016,-0.00012,7.1,CSPI,Ia,-1.0,-1.0
SN2006kf,UGC 2829,0.0208,0.02129,15.948,0.006,0.771,0.005,0.026,0.00922,0.0,-4e-05,0.0,10.82,CSPI,Ia,-1.0,-1.0
SN2006lu,anonymous,0.0544,0.05337,17.566,0.039,1.002,0.019,-0.018,0.0658,-1e-05,-0.00152,-1e-05,10.29,CSPI,Ia,-1.0,-1.0
SN2006mr,NGC1316,0.0055,0.00587,14.588,0.019,0.335,0.004,0.731,0.02759,2e-05,-0.00036,-1e-05,11.19,CSPI,Ia-91bg,-1.0,-1.0
SN2006ob,UGC 1333,0.0583,0.0592,18.17,0.01,0.743,0.009,0.111,0.01487,0.0,-0.0001,2e-05,11.26,CSPI,Ia,-1.0,-1.0
SN2006os,UGC 2384,0.0321,0.03279,17.294,0.039,0.944,0.02,0.317,0.065,-1e-05,-0.00152,-0.0,10.81,CSPI,Ia,-1.0,-1.0
SN2006py,SDSS J224142.04-000812.9,0.0566,0.05786,17.837,0.013,0.975,0.018,0.077,0.02062,2e-05,-0.00017,6e-05,9.1,CSPI,Ia,-1.0,-1.0
SN2007A,N0105,0.0165,0.01763,15.517,0.006,1.047,0.02,0.201,0.01,-4e-05,-4e-05,0.00013,10.57,CSPI,Ia,34.527,0.25
SN2007N,MCG -01-33-012,0.014,0.01287,17.097,0.014,0.375,0.006,0.953,0.0236,2e-05,-0.0002,1e-05,10.19,CSPI,Ia-91bg,-1.0,-1.0
SN2007S,UGC 5378,0.015,0.01387,15.427,0.006,1.187,0.007,0.366,0.01082,0.0,-4e-05,-0.0,9.98,CSPI,Ia-91T,-1.0,-1.0
SN2007af,N5584,0.0063,0.00546,13.119,0.005,0.949,0.002,0.065,0.00707,0.0,-2e-05,-0.0,9.82,CSPI,Ia,31.772,0.052
SN2007ai,MCG -04-38-004,0.032,0.03164,16.847,0.008,1.195,0.015,0.182,0.0136,0.0,-6e-05,-2e-05,9.91,CSPI,Ia-91T,-1.0,-1.0
SN2007al,2MASX J09591870-1928233,0.0133,0.01211,16.62,0.015,0.385,0.006,0.7,0.025,1e-05,-0.00022,0.0,9.47,CSPI,Ia-91bg,-1.0,-1.0
SN2007as,ESO 18-G18,0.0179,0.01756,15.409,0.005,0.89,0.004,0.08,0.0086,0.0,-2e-05,-0.0,10.36,CSPI,Ia,-1.0,-1.0
SN2007ax,NGC 2577,0.0076,0.00686,15.504,0.016,0.404,0.008,0.689,0.02561,3e-05,-0.00026,3e-05,10.23,CSPI,Ia-91bg,-1.0,-1.0
SN2007ba,UGC 9798,0.0391,0.03849,17.426,0.012,0.556,0.008,0.328,0.01921,5e-05,-0.00014,-2e-05,10.99,CSPI,Ia-91bg,-1.0,-1.0
SN2007bc,UGC 6332,0.0218,0.02076,15.825,0.005,0.909,0.005,0.033,0.0086,0.0,-2e-05,0.0,10.73,CSPI,Ia,-1.0,-1.0
SN2007bd,UGC 4455,0.0318,0.031,16.568,0.01,0.917,0.006,-0.001,0.01562,1e-05,-0.0001,1e-05,10.82,CSPI,Ia,-1.0,-1.0
SN2007bm,NGC 3672,0.0074,0.00621,14.003,0.006,0.906,0.006,0.421,0.01,-0.0,-4e-05,0.0,10.27,CSPI,Ia,-1.0,-1.0
SN2007ca,MCG -02-34-61,0.0151,0.01406,15.63,0.007,1.077,0.012,0.26,0.0099,0.0,-5e-05,2e-05,9.69,CSPI,Ia,-1.0,-1.0
SN2007cg,ESO 508-G75,0.0342,0.03317,17.522,0.059,1.069,0.053,0.688,0.09701,-0.00073,-0.00348,0.00014,10.37,CSPI,Ia,-1.0,-1.0
SN2007hj,NGC 7461,0.0129,0.0141,15.415,0.006,0.636,0.005,0.216,0.00922,1e-05,-4e-05,-1e-05,10.45,CSPI,Ia,-1.0,-1.0
SN2007hx,SDSS J020627.93-005353.0,0.0789,0.07976,19.042,0.043,1.017,0.03,0.217,0.07382,-1e-05,-0.00185,-2e-05,10.55,CSPI,Ia,-1.0,-1.0
SN2007jd,SDSS J025953.65+010936.1,0.0719,0.07258,18.748,0.049,0.893,0.035,0.095,0.07981,-5e-05,-0.0024,-8e-05,10.13,CSPI,Ia,-1.0,-1.0
SN2007jg,SDSS J032950.83+000316.0,0.0366,0.03711,17.231,0.006,0.94,0.006,0.03,0.01,1e-05,-4e-05,0.0,8.1,CSPI,Ia,-1.0,-1.0
SN2007jh,CGCG 391-014,0.0403,0.04077,18.033,0.017,0.6,0.015,0.272,0.02625,0.00011,-0.00029,-4e-05,10.99,CSPI,Ia-86G,-1.0,-1.0
SN2007le,NGC 7721,0.0055,0.00672,13.599,0.004,1.019,0.004,0.292,0.0064,0.0,-2e-05,0.0,9.85,CSPI,Ia,-1.0,-1.0
SN2007mm,SHK 035,0.0689,0.06635,19.222,0.022,0.506,0.016,0.406,0.0372,0.00013,-0.00048,-7e-05,11.36,CSPI,Ia-86G,-1.0,-1.0
SN2007nq,UGC 595,0.0439,0.045,17.371,0.007,0.78,0.006,0.059,0.0114,-1e-05,-5e-05,1e-05,11.21,CSPI,Ia,-1.0,-1.0
SN2007on,NGC 1404,0.0062,0.00649,12.916,0.008,0.588,0.003,0.116,0.01204,0.0,-6e-05,0.0,11.04,CSPI,Ia,-1.0,-1.0
SN2007so,NGC 1109,0.0289,0.02967,16.334,0.04,0.923,0.009,0.012,0.07803,-6e-05,-0.0016,0.00012,10.97,CSPI,Ia,-1.0,-1.0
SN2007sr,N4038,0.0067,0.00547,12.649,0.035,0.988,0.017,0.145,0.0586,-0.0,-0.00122,-0.0,10.05,CSPI,Ia,31.603,0.116
SN2007st,NGC 692,0.0207,0.02117,15.686,0.05,0.862,0.022,0.148,0.0836,-2e-05,-0.0025,-6e-05,10.95,CSPI,Ia,-1.0,-1.0
SN2007ux,2MASX J10091969+1459268,0.032,0.03089,17.194,0.006,0.624,0.006,0.213,0.01,0.0,-4e-05,-1e-05,10.3,CSPI,Ia-86G,-1.0,-1.0
SN2008C,UGC 3611,0.0171,0.01661,15.498,0.044,0.969,0.024,0.165,0.0744,-5e-05,-0.00194,-2e-05,10.49,CSPI,Ia,-1.0,-1.0
SN2008O,ESO 256-G11,0.0393,0.03883,17.834,0.01,0.683,0.01,0.314,0.0164,2e-05,-0.0001,-2e-05,11.33,CSPI,Ia,-1.0,-1.0
SN2008R,NGC 1200,0.0129,0.01349,15.15,0.007,0.633,0.006,0.12,0.01063,1e-05,-5e-05,-1e-05,11.25,CSPI,Ia,-1.0,-1.0
SN2008ar,IC 3284,0.0272,0.02613,16.223,0.007,0.975,0.004,0.009,0.0114,1e-05,-5e-05,1e-05,10.21,CSPI,Ia,-1.0,-1.0
SN2008bc,KK 1524,0.0157,0.01508,14.776,0.004,1.058,0.005,-0.028,0.00566,-1e-05,-2e-05,1e-05,10.1,CSPI,Ia,-1.0,-1.0
SN2008bd,MCG -02-26-42,0.0313,0.03008,17.335,0.042,0.656,0.04,0.345,0.06762,0.00118,-0.00176,-0.0018,11.07,CSPI,Ia-91bg,-1.0,-1.0
SN2008bf,NGC4055/4057,0.0246,0.02348,15.757,0.004,1.019,0.004,-0.046,0.0064,0.0,-2e-05,1e-05,11.4,CSPI,Ia,-1.0,-1.0
SN2008bi,NGC 2618,0.0144,0.01344,16.422,0.071,0.512,0.023,0.579,0.12925,6e-05,-0.00504,-6e-05,10.38,CSPI,Ia-91bg,-1.0,-1.0
SN2008bq,ESO 308-G25,0.0344,0.03398,16.668,0.006,1.146,0.009,0.045,0.00922,2e-05,-4e-05,-5e-05,10.82,CSPI,Ia,-1.0,-1.0
SN2008bt,NGC 3404,0.0166,0.01535,16.236,0.009,0.492,0.008,0.525,0.01345,2e-05,-8e-05,-1e-05,10.85,CSPI,Ia-91bg,-1.0,-1.0
SN2008bz,2MASX J12385810+1107502,0.0613,0.06024,17.996,0.039,0.944,0.023,-0.043,0.0642,-3e-05,-0.00152,-0.0,10.5,CSPI,Ia,-1.0,-1.0
SN2008cc,ESO 107-G4,0.0101,0.01039,14.178,0.038,0.809,0.018,0.16,0.06603,-2e-05,-0.00144,-2e-05,10.48,CSPI,Ia,-1.0,-1.0
SN2008cd,NGC 5038,0.0085,0.00741,17.147,0.073,1.08,0.144,1.662,0.13621,4e-05,-0.00533,-0.00397,9.54,CSPI,Ia,-1.0,-1.0
SN2008cf,,0.0468,0.04597,17.046,0.038,1.093,0.036,0.011,0.0628,-2e-05,-0.00144,-6e-05,8.73,CSPI,Ia,-1.0,-1.0
SN2008ff,PGC 64319,0.0187,0.01919,15.224,0.009,1.087,0.009,0.179,0.01836,-4e-05,-8e-05,-0.0,10.8,CSPI,Ia,-1.0,-1.0
SN2008fl,NGC 6805,0.0194,0.0199,15.625,0.035,0.882,0.017,0.056,0.05941,-0.0,-0.00122,-0.0,10.94,CSPI,Ia,-1.0,-1.0
SN2008fp,ESO 428-G14,0.0063,0.00566,13.456,0.004,1.103,0.008,0.48,0.0064,1e-05,-2e-05,-1e-05,10.2,CSPI,Ia,-1.0,-1.0
SN2008fr,anonymous,0.0379,0.03897,16.833,0.044,1.043,0.026,-0.01,0.07201,-0.00011,-0.00194,4e-05,7.73,CSPI,Ia,-1.0,-1.0
SN2008fu,ESO 480-IG 021,0.0518,0.05237,17.751,0.048,0.824,0.024,-0.034,0.08737,-1e-05,-0.0023,-0.0001,10.72,CSPI,Ia,-1.0,-1.0
SN2008fw,NGC3261,0.0095,0.00854,13.918,0.039,1.117,0.024,0.076,0.0658,6e-05,-0.00152,-0.00011,10.49,CSPI,Ia-91T,-1.0,-1.0
SN2008gg,NGC 539,0.0311,0.03199,16.422,0.039,1.058,0.026,0.15,0.0642,-8e-05,-0.00152,2e-05,10.73,CSPI,Ia,-1.0,-1.0
SN2008gl,UGC 881,0.0329,0.03399,16.79,0.005,0.867,0.005,0.028,0.00781,1e-05,-2e-05,-0.0,10.86,CSPI,Ia,-1.0,-1.0
SN2008go,2MASX J22104396-2047256,0.0613,0.06237,18.0,0.006,0.938,0.018,0.042,0.01,-0.0,-4e-05,0.0,10.94,CSPI,Ia,-1.0,-1.0
SN2008gp,MCG +00-9-74,0.0328,0.03339,16.461,0.007,0.979,0.004,-0.03,0.01063,1e-05,-5e-05,-0.0,10.73,CSPI,Ia,-1.0,-1.0
SN2008hj,MCG -02-01-014,0.0367,0.03787,16.791,0.005,1.008,0.005,-0.008,0.00707,1e-05,-2e-05,0.0,10.4,CSPI,Ia,-1.0,-1.0
SN2008hu,ESO 561-G18,0.0505,0.04967,17.823,0.042,0.822,0.024,0.026,0.07,2e-05,-0.00176,-4e-05,10.99,CSPI,Ia,-1.0,-1.0
SN2008hv,NGC 2765,0.0136,0.01254,14.787,0.007,0.869,0.004,-0.046,0.0114,1e-05,-5e-05,0.0,10.55,CSPI,Ia,-1.0,-1.0
SN2008ia,ESO 125-6,0.0225,0.02198,15.916,0.011,0.836,0.006,-0.035,0.01556,2e-05,-0.00012,-1e-05,10.77,CSPI,Ia,-1.0,-1.0
SN2009D,ESO 549-G031,0.0247,0.02499,15.773,0.004,1.157,0.007,-0.021,0.00566,1e-05,-2e-05,-1e-05,10.43,CSPI,Ia,-1.0,-1.0
SN2009F,NGC 1725,0.0129,0.01295,16.351,0.017,0.384,0.007,0.557,0.0255,2e-05,-0.00029,1e-05,10.79,CSPI,Ia-91bg,-1.0,-1.0
SN2009I,NGC 1080,0.0254,0.02615,17.53,0.012,1.083,0.035,0.651,0.01844,4e-05,-0.00014,-3e-05,10.74,CSPI,Ia,-1.0,-1.0
SN2009P,PGC 34730,0.0263,0.02509,16.617,0.013,1.082,0.042,0.405,0.0214,-3e-05,-0.00017,-0.00017,9.87,CSPI,Ia,-1.0,-1.0
SN2009Y,N5728,0.0101,0.00935,13.846,0.009,1.143,0.01,0.146,0.01204,6e-05,-8e-05,-6e-05,10.76,CSPI,Ia,33.094,0.205
SN2009aa,ESO 570-G20,0.0285,0.02729,16.32,0.008,0.944,0.004,0.013,0.01204,1e-05,-6e-05,-0.0,10.6,CSPI,Ia,-1.0,-1.0
SN2009ab,UGC 2998,0.0109,0.01116,14.678,0.007,0.901,0.006,0.035,0.01063,1e-05,-5e-05,1e-05,10.35,CSPI,Ia,-1.0,-1.0
SN2009ad,UGC 3236,0.0283,0.02838,16.172,0.008,1.105,0.015,0.031,0.01131,4e-05,-6e-05,-3e-05,10.58,CSPI,Ia,-1.0,-1.0
SN2009ag,ESO 492-2,0.0092,0.00863,14.459,0.009,0.967,0.005,0.149,0.01421,0.0,-8e-05,0.0,10.2,CSPI,Ia,-1.0,-1.0
SN2009al,NGC3388,0.0233,0.02209,16.06,0.017,0.922,0.013,0.186,0.0278,2e-05,-0.00029,3e-05,10.72,CSPI,Ia,-1.0,-1.0
SN2009cz,NGC 2789,0.022,0.02112,15.682,0.007,1.167,0.011,0.019,0.0099,3e-05,-5e-05,-3e-05,10.75,CSPI,Ia,-1.0,-1.0
SN2009ds,NGC 3905,0.0205,0.01925,15.376,0.009,1.121,0.015,0.106,0.01273,5e-05,-8e-05,-5e-05,10.77,CSPI,Ia,-1.0,-1.0
SN2009ig,N1015,0.008,0.0088,13.351,0.006,1.061,0.014,0.102,0.00922,-5e-05,-4e-05,7e-05,10.35,,,32.563,0.074
SN2009le,ESO 478-6,0.017,0.01777,15.224,0.006,1.088,0.011,0.122,0.00849,-1e-05,-4e-05,2e-05,10.84,CSPI,Ia,-1.0,-1.0
SN2011by,N3972,0.0034,0.00284,12.861,0.006,0.968,0.003,-0.006,0.00922,1e-05,-4e-05,-0.0,9.47,,,31.635,0.089
SN2011fe,M101,0.0012,0.0008,9.996,0.004,0.97,0.002,0.008,0.00721,0.0,-2e-05,0.0,10.23,,,29.178,0.041
SN2011iy,NGC 4984,0.0053,0.00426,11.91,0.007,1.038,0.006,0.244,0.01221,-2e-05,-5e-05,1e-05,10.39,CSPII,Ia,-1.0,-1.0
SN2011jh,NGC 4682,0.0089,0.00778,14.722,0.005,0.789,0.005,0.368,0.00781,1e-05,-2e-05,0.0,10.09,CSPII,Ia,-1.0,-1.0
SN2011jn,2MASX J12571157-1724344,0.0485,0.04744,17.798,0.05,0.641,0.021,0.121,0.08848,-1e-05,-0.0025,-5e-05,11.35,CSPII,Ia,-1.0,-1.0
SN2011jt,CGCG 048-051,0.0285,0.02778,16.466,0.048,0.958,0.027,0.178,0.08242,-0.00013,-0.0023,-1e-05,10.39,CSPII,Ia,-1.0,-1.0
SN2012E,NGC 975,0.0194,0.02024,15.657,0.006,0.846,0.008,0.011,0.00922,2e-05,-4e-05,-2e-05,10.54,CSPII,Ia,-1.0,-1.0
SN2012G,IC 0803 NED01,0.0268,0.0258,16.02,0.004,1.154,0.006,-0.04,0.0064,1e-05,-2e-05,-2e-05,9.73,CSPII,Ia,-1.0,-1.0
SN2012U,ESO 153- G 020,0.0193,0.01972,15.516,0.046,0.904,0.023,-0.019,0.07963,-4e-05,-0.00212,3e-05,10.56,CSPII,Ia,-1.0,-1.0
SN2012ah,NGC 7637,0.0124,0.01239,14.521,0.043,0.904,0.022,-0.075,0.0722,-6e-05,-0.00185,-1e-05,11.5,CSPII,Ia,-1.0,-1.0
SN2012aq,SDSS J145405.13+220540.7,0.0526,0.05196,17.57,0.037,0.995,0.018,0.006,0.06301,-1e-05,-0.00137,0.0,7.77,CSPII,Ia,-1.0,-1.0
SN2012ar,2MASX J16203650-1028061,0.0285,0.02824,16.464,0.004,0.807,0.006,0.033,0.0064,0.0,-2e-05,-1e-05,10.94,CSPII,Ia,-1.0,-1.0
SN2012bl,ESO 234-019,0.0182,0.01869,15.167,0.006,1.08,0.016,0.044,0.00849,-0.0,-4e-05,0.0,10.09,CSPII,Ia,-1.0,-1.0
SN2012bo,NGC 4726,0.0265,0.02541,16.164,0.004,1.154,0.007,0.012,0.0064,2e-05,-2e-05,-2e-05,10.32,CSPII,Ia,-1.0,-1.0
SN2012cg,N4424,0.0026,0.00146,11.925,0.005,1.013,0.007,0.071,0.00943,1e-05,-2e-05,1e-05,9.7,,,30.844,0.128
SN2012fr,N1365,0.0051,0.00545,11.922,0.003,1.109,0.004,0.013,0.00583,1e-05,-1e-05,-0.0,11.25,CSPII,Ia,31.378,0.056
SN2012gm,NGC 7580,0.0136,0.01478,15.174,0.003,0.987,0.004,0.173,0.00424,0.0,-1e-05,0.0,10.01,CSPII,Ia,-1.0,-1.0
SN2012hd,IC 1657,0.0111,0.01194,14.776,0.005,0.888,0.004,0.123,0.00781,0.0,-2e-05,1e-05,10.44,CSPII,Ia,-1.0,-1.0
SN2012hl,CSS J005017.69+243154.4,0.0319,0.03298,17.388,0.007,0.928,0.022,0.344,0.0114,1e-05,-5e-05,2e-05,7.31,CSPII,Ia,-1.0,-1.0
SN2012hr,ESO 121- G 026,0.0079,0.00756,13.614,0.003,0.973,0.001,0.009,0.00424,0.0,-1e-05,-0.0,10.32,CSPII,Ia,-1.0,-1.0
SN2012ht,N3447,0.0047,0.00356,13.019,0.007,0.868,0.003,-0.016,0.0099,1e-05,-5e-05,0.0,8.06,CSPII,Ia,31.936,0.034
SN2012id,2MASX J04424248+1835003,0.0155,0.01574,15.21,0.044,0.824,0.033,0.055,0.07767,-6e-05,-0.00194,-0.00016,10.01,CSPII,Ia,-1.0,-1.0
SN2012ij,CGCG 097-050,0.0121,0.01099,15.262,0.012,0.536,0.008,0.257,0.01628,6e-05,-0.00014,-3e-05,9.94,CSPII,Ia,-1.0,-1.0
SN2013E,IC 2532,0.0105,0.00941,13.692,0.003,1.129,0.004,0.076,0.00424,1e-05,-1e-05,-1e-05,9.96,CSPII,Ia,-1.0,-1.0
SN2013H,ESO 036- G 019,0.0159,0.01548,15.452,0.004,1.048,0.005,0.186,0.0064,-0.0,-2e-05,1e-05,10.5,CSPII,Ia,-1.0,-1.0
SN2013M,ESO 325- G 043,0.0357,0.03493,16.593,0.007,0.941,0.005,0.023,0.01304,1e-05,-5e-05,1e-05,10.9,CSPII,Ia,-1.0,-1.0
SN2013U,CGCG 008-023,0.0357,0.03448,16.839,0.006,1.213,0.011,0.168,0.01,1e-05,-4e-05,-0.0,10.27,CSPII,Ia-91T,-1.0,-1.0
SN2013aa,N5643,0.0047,0.004,11.176,0.003,1.002,0.002,-0.078,0.005,0.0,-1e-05,0.0,9.99,CSPII,Ia,30.546,0.052
SN2013ad,Anonymous,0.0359,0.03637,16.131,0.006,0.991,0.013,-0.089,0.01,1e-05,-4e-05,3e-05,11.5,CSPII,Ia,-1.0,-1.0
SN2013aj,NGC 5339,0.0101,0.00912,14.038,0.006,0.794,0.005,0.052,0.00922,1e-05,-4e-05,0.0,9.99,CSPII,Ia,-1.0,-1.0
SN2013as,Anonymous,0.0696,0.06845,18.329,0.039,1.007,0.021,0.001,0.0658,-3e-05,-0.00152,-1e-05,8.59,CSPII,Ia,-1.0,-1.0
SN2013ay,IC 4745,0.0157,0.01572,15.754,0.047,0.495,0.019,0.53,0.08349,-4e-05,-0.00221,-5e-05,10.72,CSPII,Ia,-1.0,-1.0
SN2013az,ESO 306-016,0.0375,0.03725,17.145,0.041,0.767,0.028,0.084,0.0694,-6e-05,-0.00168,1e-05,10.99,CSPII,Ia,-1.0,-1.0
SN2013bc,IC 4209,0.0235,0.02245,17.436,0.039,0.482,0.022,0.751,0.0658,-0.0,-0.00152,-1e-05,10.47,CSPII,Ia,-1.0,-1.0
SN2013bz,2MASX J13265081-1001263,0.0202,0.01915,15.292,0.007,1.15,0.009,0.154,0.0099,4e-05,-5e-05,-5e-05,9.98,CSPII,Ia-91T,-1.0,-1.0
SN2013cg,NGC 2891,0.009,0.00795,13.761,0.044,0.966,0.024,0.087,0.07603,-7e-05,-0.00194,-2e-05,10.13,CSPII,Ia,-1.0,-1.0
SN2013ct,NGC 428,0.0027,0.0038,11.779,0.006,1.002,0.006,0.064,0.01166,0.0,-4e-05,-2e-05,8.72,CSPII,Ia,-1.0,-1.0
SN2013dy,N7250,0.0029,0.00389,12.538,0.003,1.091,0.007,0.209,0.005,0.0,-1e-05,-0.0,9.09,,,31.628,0.125
SN2013fy,ESO 287- G 040,0.0302,0.03085,16.246,0.006,1.17,0.011,0.023,0.00849,3e-05,-4e-05,-3e-05,10.86,CSPII,Ia,-1.0,-1.0
SN2013fz,NGC 1578,0.0206,0.02059,15.412,0.003,1.016,0.004,0.005,0.00424,0.0,-1e-05,0.0,10.69,CSPII,Ia,-1.0,-1.0
SN2013gv,IC 1890,0.0335,0.0341,16.778,0.008,0.846,0.008,-0.018,0.01204,3e-05,-6e-05,-0.0,11.27,CSPII,Ia,-1.0,-1.0
SN2013gy,NGC 1418,0.0136,0.01401,14.705,0.004,0.911,0.003,-0.008,0.0064,0.0,-2e-05,0.0,9.0,CSPII,Ia,-1.0,-1.0
SN2013hh,UGC 06483,0.0141,0.01298,16.628,0.039,1.19,0.028,0.566,0.065,-4e-05,-0.00152,0.0,9.59,CSPII,Ia-91T,-1.0,-1.0
SN2013hn,IC 4329,0.016,0.01513,14.949,0.039,0.823,0.026,-0.063,0.06661,-1e-05,-0.00152,-7e-05,10.99,CSPII,Ia,-1.0,-1.0
SN2014D,UGC 07170,0.0092,0.00817,16.685,0.041,0.958,0.023,0.566,0.0694,-5e-05,-0.00168,-2e-05,8.26,CSPII,Ia,-1.0,-1.0
SN2014I,ESO 487-G36,0.0302,0.02999,16.284,0.004,0.913,0.003,0.012,0.0064,0.0,-2e-05,0.0,10.9,CSPII,Ia,-1.0,-1.0
SN2014Z,ESO 114- G 004,0.0209,0.02126,15.55,0.036,0.992,0.03,-0.01,0.0608,-6e-05,-0.0013,-1e-05,10.75,CSPII,Ia,-1.0,-1.0
SN2014ao,NGC 2615,0.015,0.01407,16.31,0.005,0.888,0.006,0.609,0.00781,0.0,-2e-05,-0.0,10.57,CSPII,Ia,-1.0,-1.0
SN2014at,NGC7119,0.0315,0.03222,16.423,0.004,0.95,0.003,-0.034,0.0064,1e-05,-2e-05,0.0,11.25,CSPII,Ia,-1.0,-1.0
SN2014ba,NGC 7410,0.005,0.00584,15.177,0.058,0.338,0.02,0.944,0.09402,-4e-05,-0.00336,0.0,10.64,CSPII,Ia-91bg,-1.0,-1.0
SN2014dl,UGC 10414,0.0331,0.03294,16.011,0.005,1.206,0.011,0.02,0.00781,2e-05,-2e-05,1e-05,9.48,CSPII,Ia-91T,-1.0,-1.0
SN2014dn,IC 2060,0.0221,0.02217,17.007,0.006,0.466,0.005,0.653,0.01,0.0,-4e-05,-0.0,10.65,CSPII,Ia,-1.0,-1.0
SN2014eg,ESO 154- G 010,0.0183,0.01862,15.255,0.006,1.177,0.01,0.257,0.00922,2e-05,-4e-05,-3e-05,11.62,CSPII,Ia-91T,-1.0,-1.0
SN2015F,N2442,0.0053,0.00489,12.695,0.004,0.887,0.003,0.058,0.00721,0.0,-2e-05,1e-05,10.97,CSPII,Ia,31.45,0.064
SNhunt281,NGC 5839,0.0047,0.00407,13.65,0.005,0.693,0.003,0.045,0.00707,0.0,-2e-05,-0.0,9.75,CSPII,Ia,-1.0,-1.0
