sn,zhel,zcmb,st,est,Mmax,eMmax,t0,EBVmw,eEBVmw,covMs,sample,subtype,quality,cosmo,phys,BV,eBV,covBV_M,ml,m,mu,dist,edist,host,caltype
ASAS14ad,0.0264,0.0274352,1.01,0.018,16.244,0.005,-7.2,0.0159,0.0016,6.66E-06,CSPII,Ia,0.973,0,1,-0.011,0.01118033989,-2.50E-05,8.23,8.61,8.78,-1,-1,KUG 1237+183,
ASAS14hp,0.0388933,0.0386676,1.074,0.01,16.547,0.003,-4.3,0.0295,0.0029,-5.27E-06,CSPII,Ia,0.984,1,0,-0.049,0.005,-9.00E-06,8.98,9.09,9.15,-1,-1,2MASX J21303015-7038489,
ASAS14hr,0.0335967,0.0327196,0.802,0.01,17.021,0.009,-6.1,0.0131,0.0013,4.13E-05,CSPII,Ia,0.985,1,0,0.061,0.01345362405,-8.10E-05,10.18,10.34,10.45,-1,-1,2MASX J01504127-1431032,
ASAS14hu,0.0215851,0.0218919,1.052,0.007,15.431,0.004,-6.8,0.0612,0.0061,-8.50E-06,CSPII,Ia,0.983,0,1,-0.045,0.006403124237,-1.60E-05,9.8,9.93,10.24,-1,-1,ESO 058- G 012,
ASAS14jc,0.0113167,0.0117796,0.915,0.005,15.245,0.006,-5.3,0.1346,0.0135,5.33E-06,CSPII,Ia,0.962,0,1,0.437,0.01,-3.60E-05,9.32,9.46,9.77,-1,-1,2MASX J07353554-6246099,
ASAS14jg,0.0148167,0.014347,1.285,0.022,14.732,0.035,2.7,0.0128,0.0013,-2.23E-05,CSPII,Ia,0.961,0,1,0.049,0.05940538696,-0.001225,8.57,8.76,8.88,-1,-1,2MASX J23331223-6034201,
ASAS14jz,0.0157891,0.0156168,0.989,0.006,14.663,0.004,-8.5,0.0472,0.0047,1.01E-05,CSPII,Ia,0.952,0,0,-0.041,0.005656854249,-1.60E-05,8.11,8.23,8.35,-1,-1,GALEXASC J184443.33-524819.2,
ASAS14kd,0.0243,0.0230683,1.169,0.007,16.01,0.005,-6.9,0.0574,0.0057,1.71E-05,CSPII,Ia-91T,0.941,0,0,0.234,0.007071067812,-2.50E-05,10.03,10.14,10.23,-1,-1,2MASX J22532475+0447583,
ASAS14kq,0.0335767,0.0325972,1.147,0.011,16.612,0.009,-5.2,0.0155,0.0016,6.29E-05,CSPII,Ia,0.961,1,0,-0.021,0.01204159458,-8.10E-05,8.78,8.91,9.11,-1,-1,2MASX J23451480-2947009,
ASAS14lo,0.0199167,0.0210151,0.952,0.018,15.876,0.036,2.3,0.0282,0.0028,-6.71E-06,CSPII,Ia,0.979,0,1,0.127,0.06080296045,-0.001296,9.47,9.69,9.79,-1,-1,UGC 06837,
ASAS14lp,0.0050967,0.0062254,1.029,0.004,11.914,0.004,-13.9,0.0213,0.0021,1.81E-06,CSPII,Ia,0.335,0,1,0.243,0.006403124237,-1.60E-05,10.6,10.74,10.91,-1,-1,NGC 4666,
ASAS14lq,0.0261733,0.0250833,0.999,0.024,16.013,0.047,5.6,0.0275,0.0028,-4.92E-05,CSPII,Ia,0.977,0,1,0.02,0.07940403012,-0.002209,10.46,10.65,10.73,-1,-1,2MASX J22571481-2058014,
ASAS14lt,0.0320233,0.0314552,0.944,0.008,16.368,0.01,-4.6,0.0474,0.0047,2.32E-05,CSPII,Ia,0.984,1,0,-0.033,0.01640121947,-0.0001,10.56,10.64,10.7,-1,-1,IC 0299,
ASAS14lw,0.0208855,0.0202609,1.25,0.007,15.602,0.006,-9,0.0117,0.0012,1.66E-05,CSPII,Ia,0.939,0,1,-0.012,0.009219544457,-3.60E-05,6.08,6.35,6.72,-1,-1,GALEXASC J010647.95-465904.1,
ASAS14me,0.0178,0.017386,1.078,0.005,15.074,0.004,-10.4,0.0175,0.0018,-1.63E-06,CSPII,Ia,0.981,0,1,0.007,0.005656854249,-1.60E-05,8.91,9.05,9.15,-1,-1,ESO 113- G 047,
ASAS14mf,0.03108,0.0301521,0.984,0.005,16.511,0.007,-3.7,0.0125,0.0013,1.10E-05,CSPII,Ia,0.984,1,0,-0.012,0.01063014581,-4.90E-05,8.66,8.93,9.03,-1,-1,GALEXASC J000454.54-322615.3,
ASAS14mw,0.0273867,0.0271207,1.063,0.007,15.879,0.003,-6.7,0.0179,0.0018,-6.64E-06,CSPII,Ia,0.984,1,1,-0.034,0.005,-9.00E-06,10.59,10.68,10.75,-1,-1,AM 0139-655 NED02,
ASAS14my,0.0205,0.0217279,0.923,0.005,15.553,0.006,-8.2,0.0316,0.0032,8.58E-06,CSPII,Ia,0.975,0,1,0.015,0.01,-3.60E-05,10.11,10.31,10.74,-1,-1,NGC 3774,
ASAS15aj,0.0109133,0.0120218,0.831,0.007,14.577,0.006,-2.6,0.0656,0.0066,1.49E-05,CSPII,Ia,0.952,0,1,0.103,0.009219544457,-3.60E-05,11.05,11.2,11.35,-1,-1,NGC 3449,
ASAS15al,0.0337766,0.0337612,1.077,0.028,16.841,0.036,0.4,0.0293,0.0029,-3.07E-05,CSPII,Ia,0.916,1,0,0.055,0.05920304046,-0.001296,8.03,8.07,8.23,-1,-1,GALEXASC J045749.46-213526.3,
ASAS15as,0.0286801,0.0297845,1.076,0.014,16.179,0.005,-1.3,0.0398,0.004,-2.36E-05,CSPII,Ia,0.985,1,1,0.029,0.007810249676,-2.50E-05,7.47,7.66,8.01,-1,-1,SDSS J093916.69+062551.1,
ASAS15ba,0.0231167,0.0239771,0.967,0.004,15.975,0.004,-2.1,0.0223,0.0022,1.91E-06,CSPII,Ia,0.983,0,1,0.008,0.006403124237,-1.60E-05,7.83,7.99,8.19,-1,-1,SDSS J140455.12+085514.0,
ASAS15be,0.0218833,0.0213892,1.134,0.006,15.611,0.005,-7.2,0.0167,0.0017,1.81E-05,CSPII,Ia,0.976,0,1,0.019,0.006403124237,-2.50E-05,7.66,7.8,8.16,-1,-1,GALEXASC J025245.83-341850.6,
ASAS15bm,0.0207856,0.0214395,0.991,0.005,15.625,0.007,-7.6,0.069,0.0069,1.47E-05,CSPII,Ia,0.976,0,1,0.127,0.009899494937,-4.90E-05,9.89,10.02,10.15,-1,-1,LCRS B150313.2-052600,
ASAS15cb,0.04001,0.0411361,1.086,0.053,16.953,0.047,1.9,0.0279,0.0028,-5.48E-05,CSPII,Ia,0.583,1,0,0.107,0.07940403012,-0.002209,10.17,10.28,10.4,-1,-1,VCC 1810,
ASAS15cd,0.0342863,0.0353887,1.003,0.005,16.693,0.006,-3.5,0.0261,0.0026,5.96E-06,CSPII,Ia,0.983,1,0,-0.021,0.009219544457,-3.60E-05,9.85,9.95,10.02,-1,-1,CGCG 064-017,
ASAS15da,0.0487,0.0488203,0.853,0.025,17.679,0.044,2.5,0.0303,0.003,-1.68E-05,CSPII,Ia,0.973,1,0,-0.132,0.07602631123,-0.001936,10.23,10.4,10.48,-1,-1,2MASX J05235106-2442201,
ASAS15db,0.01099,0.0113676,0.955,0.003,14.602,0.004,-6.1,0.029,0.0029,2.76E-06,CSPII,Ia,0.975,0,0,0.086,0.006403124237,-1.60E-05,9.98,10.11,10.19,-1,-1,NGC 5996,
ASAS15dd,0.0243567,0.0247417,0.849,0.006,16.065,0.006,-0.8,0.0461,0.0046,1.09E-05,CSPII,Ia,0.962,0,0,-0.007,0.009219544457,-3.60E-05,10.31,10.41,10.52,-1,-1,CGCG 107-031,
ASAS15eb,0.01647,0.0173082,0.821,0.018,15.339,0.01,-0.9,0.1652,0.0165,3.93E-05,CSPII,Ia,0.978,0,1,-0.129,0.01562049935,-0.0001,10.79,10.96,11.4,-1,-1,ESO 561- G 012,
ASAS15fr,0.0334133,0.0345082,0.905,0.021,16.816,0.039,1.4,0.0321,0.0032,-2.13E-05,CSPII,Ia-91T,0.978,1,1,-0.133,0.06580273551,-0.001521,9.89,9.98,10.06,-1,-1,2MASX J09202045-0738229,
ASAS15ga,0.0066267,0.0076517,0.496,0.03,15.068,0.037,-3.8,0.0236,0.0024,0.000736,CSPII,Ia-91bg,0.966,0,1,0.431,0.04957822102,-0.001369,10.18,10.38,10.48,-1,-1,NGC 4866,
ASAS15go,0.01891,0.0192546,1.071,0.012,15.847,0.004,-4,0.1369,0.0137,-1.44E-05,CSPII,Ia,0.981,0,1,0.224,0.006403124237,-1.60E-05,10.04,10.18,10.27,-1,-1,2MASX J06113048-1629085,
ASAS15gr,0.0242832,0.0247678,1.035,0.007,15.867,0.004,-3.4,0.0823,0.0082,-3.29E-06,CSPII,Ia,0.983,0,1,-0.036,0.006403124237,-1.60E-05,8.82,8.94,9.02,-1,-1,ESO 366- G 015,
ASAS15hf,0.0061733,0.0072452,0.943,0.005,13.996,0.006,-7.8,0.0854,0.0085,1.03E-05,CSPII,Ia,0.961,0,1,0.009,0.01,-3.60E-05,9.39,9.56,9.97,-1,-1,ESO 375- G 041,
ASAS15hg,0.02975,0.0308678,0.82,0.02,16.828,0.036,1.7,0.041,0.0041,-2.92E-06,CSPII,Ia,0.985,1,0,0.063,0.06080296045,-0.001296,10.3,10.42,10.51,-1,-1,CGCG 063-098,
ASAS15hx,0.0083,0.0092051,1.039,0.005,13.179,0.003,-10.2,0.0415,0.0042,-5.61E-07,CSPII,Ia,0.909,0,1,-0.03,0.005,-9.00E-06,7.06,7.45,7.89,-1,-1,GALEXASC J134316.80-313318.2,
CSP12G,0.0369744,0.0379661,1.159,0.029,17.099,0.043,8.9,0.0283,0.0028,6.92E-05,CSPII,Ia,0.985,1,0,0.115,0.07381734214,-0.001849,8.29,8.41,8.49,-1,-1,SDSS J090202.18+101759.7,
CSP12J,0.01468,0.0149235,0.484,0.025,15.82,0.071,5,0.0678,0.0068,-0.0001693,CSPII,Ia,0.917,0,0,0.555,0.1284133949,-0.005041,9.97,10.09,10.2,-1,-1,2MASX J06070178-6921180,
CSP12N,0.0971328,0.0982741,1.053,0.012,18.704,0.006,-8.9,0.0429,0.0043,-2.42E-05,CSPII,Ia,0.985,1,0,-0.114,0.008485281374,-3.60E-05,7.32,7.51,7.66,-1,-1,Anonymous,
CSP13N,0.04776,0.0487969,1.138,0.025,16.973,0.039,3.2,0.0238,0.0024,4.14E-05,CSPII,Ia-91T,0.976,1,0,-0.004,0.06661080993,-0.001521,9.88,10.07,10.24,-1,-1,CGCG 092-024,
CSP13Q,0.089,0.0887656,0.76,0.231,18.964,0.045,0.9,0.0287,0.0029,-0.0004394,CSPII,Ia,0.986,1,0,-0.047,0.08154140053,-0.002025,10.06,10.25,10.74,-1,-1,2MASX J02022241-6544090,
CSP13V,0.0599585,0.0611394,1.05,0.082,17.616,0.095,17.9,0.0474,0.0047,-0.006736,CSPII,Ia,0.987,0,0,-0.142,0.1430873859,-0.009025,11.5,11.5,11.5,-1,-1,,
CSP13Z,0.0788454,0.0800694,1.19,0.015,18.192,0.007,-7.1,0.0484,0.0048,8.68E-06,CSPII,Ia-91T,0.98,1,0,-0.023,0.01063014581,-4.90E-05,8.25,8.35,8.85,-1,-1,GALEXASC J105206.27-133420.2,
CSP13aad,0.0868,0.0865709,1.19,0.033,18.663,0.041,3.1,0.0206,0.0021,-6.98E-05,CSPII,Ia,0.979,1,0,0.02,0.0694046108,-0.001681,9.59,9.65,9.8,-1,-1,2MASX J01460987-6727579,
CSP13aaf,0.0775863,0.0787193,1.136,0.015,18.328,0.006,-4.6,0.0222,0.0022,5.20E-05,CSPII,Ia,0.978,1,0,-0.056,0.008485281374,-3.60E-05,10.53,10.66,11.04,-1,-1,SDSS J095510.00+064830.3,
CSP13aam,0.0749481,0.0750921,1.136,0.017,17.956,0.009,-3.1,0.1643,0.0164,7.03E-05,CSPII,Ia,0.968,1,0,-0.155,0.01272792206,-8.10E-05,8.65,9.05,9.23,-1,-1,2MASX J05144615-6650292,
CSP13aao,0.0613575,0.0616022,0.696,0.049,18.039,0.05,0.8,0.0444,0.0044,-2.11E-05,CSPII,Ia,0.978,1,0,0.125,0.08683893136,-0.0025,9.8,9.93,10.09,-1,-1,2MASX J05583036-6333386,
CSP13aaq,0.0597586,0.0597706,0.984,0.007,18.041,0.008,-6.9,0.0293,0.0029,2.37E-05,CSPII,Ia,0.969,1,0,-0.055,0.0113137085,-6.40E-05,11.5,11.5,11.5,-1,-1,Anonymous,
CSP13aay,0.0589592,0.0587551,1.14,0.012,18.197,0.006,-1.6,0.0159,0.0016,3.07E-05,CSPII,Ia,0.955,1,0,0.039,0.009219544457,-3.60E-05,11.5,11.5,11.5,-1,-1,Anonymous,
CSP13abl,0.0403721,0.0406288,0.817,0.051,20.161,0.026,-5.1,0.0862,0.0086,0.0006382,CSPII,Ia,0.42,1,0,1.073,0.06264982043,-0.000676,8.9,8.91,9.04,-1,-1,2MASX J06380745-7543288,
CSP13abm,0.0281805,0.027529,1.129,0.01,16.358,0.006,-4,0.1485,0.0149,2.86E-05,CSPII,Ia,0.747,0,1,-0.006,0.008485281374,-3.60E-05,11.5,11.5,11.5,-1,-1,SDSS J030559.63+043246.0,
CSP13abs,0.0771466,0.0783462,1.208,0.014,18.281,0.011,-6.5,0.0208,0.0021,7.20E-05,CSPII,Ia-91T,0.983,1,0,-0.061,0.0162788206,-0.000121,6.23,6.36,6.48,-1,-1,SDSS J120306.76-010132.4,
CSP14aaq,0.0359133,0.0361755,0.898,0.015,16.733,0.015,-6.7,0.0524,0.0052,3.28E-05,CSPII,Ia,0.986,1,0,-0.09,0.02051828453,-0.000225,11.01,11.08,11.48,-1,-1,2MASX J06134795-6755146,
CSP14aar,0.0421708,0.0423854,0.982,0.022,17.096,0.004,-0.9,0.0934,0.0093,4.68E-06,CSPII,Ia,0.986,1,0,-0.021,0.007211102551,-1.60E-05,8.9,9.07,9.42,-1,-1,Anonymous,
CSP14abk,0.0797448,0.0797387,0.96,0.025,17.963,0.019,-4.7,0.0663,0.0066,0.0002078,CSPII,Ia,0,0,0,0.081,0.02831960452,-0.000361,11.5,11.5,11.5,-1,-1,,
CSP14abn,0.0225,0.0232746,1.007,0.005,15.64,0.003,-1.4,0.0747,0.0075,-1.56E-06,CSPII,Ia,0.976,0,0,-0.026,0.004242640687,-9.00E-06,9.59,9.75,10.24,-1,-1,2MASX J13560316-4334319,
CSP14acl,0.0299792,0.0289327,0.96,0.008,16.641,0.009,-0.2,0.0264,0.0026,-7.67E-06,CSPII,Ia,0.081,0,0,-0.071,0.015,-8.10E-05,11.5,11.5,11.5,-1,-1,Anonymous,
CSP14acy,0.0663741,0.0660269,0.966,0.011,17.715,0.011,-1.8,0.0174,0.0017,1.95E-05,CSPII,Ia-91T,0.027,1,0,0.122,0.01780449381,-0.000121,7.86,8.19,8.33,-1,-1,APMUKS(BJ) B004021.02-650219.5,
CSP14adc,0.03244,0.031651,0.811,0.01,16.932,0.007,-3.2,0.0949,0.0095,2.00E-05,CSPII,Ia,0.976,1,1,0.232,0.01140175425,-4.90E-05,10.67,10.81,11.14,-1,-1,UGC 01899,
CSP14ade,0.0624568,0.0626358,1.228,0.013,17.671,0.008,-7.4,0.077,0.0077,5.35E-05,CSPII,Ia-91T,0.963,1,0,0.035,0.01204159458,-6.40E-05,10.33,10.49,10.97,-1,-1,2MASX J05371898-7543157,
CSP15B,0.0198862,0.0208198,0.718,0.006,15.973,0.006,-3.8,0.0641,0.0064,1.12E-05,CSPII,Ia,0.966,0,1,0.14,0.01081665383,-3.60E-05,10.78,10.95,11.42,-1,-1,ESO 509- G 108,
CSP15aae,0.0161833,0.0169733,0.505,0.004,16.308,0.007,-6.7,0.0226,0.0023,1.22E-05,CSPII,Ia-91bg,0.981,0,1,0.454,0.01063014581,-4.90E-05,10.96,11.14,11.26,-1,-1,NGC 5490,
KISS13j,0.0765333,0.0776331,0.895,0.026,18.733,0.012,-1.3,0.0326,0.0033,-1.32E-05,CSPII,Ia,0.963,1,0,0.132,0.02080865205,-0.000144,9.65,9.83,10.21,-1,-1,SDSS J120939.62+161212.2,
KISS13l,0.1320086,0.1330018,1.087,0.115,19.544,0.052,1.9,0.0137,0.0014,-0.0008184,CSPII,Ia,0.987,1,0,-0.038,0.09964436763,-0.002704,8.32,8.69,8.85,-1,-1,SDSS J111454.06+293508.7,
KISS13v,0.0954,0.0962132,0.984,0.014,19.188,0.012,-9.1,0.0195,0.002,7.12E-05,CSPII,Ia,0.98,1,0,0.094,0.01769180601,-0.000144,11.5,11.5,11.5,-1,-1,SDSS J135256.58+215621.1,
KISS15m,0.02432,0.0253844,0.425,0.009,17.67,0.015,-6.1,0.0277,0.0028,3.65E-05,CSPII,Ia-91bg,0.958,0,0,0.622,0.03176476035,-0.000225,9.67,9.78,9.94,-1,-1,NGC 4098,
KISS15n,0.023084,0.0239783,1.225,0.009,15.418,0.007,-14,0.0088,0.0009,2.53E-05,CSPII,Ia-91T,0.85,0,1,0.097,0.01063014581,-4.90E-05,7.8,8,8.17,-1,-1,GALEXMSC J130032.33+275842.3 ?,
LSQ11bk,0.0402721,0.0400251,1.071,0.016,16.953,0.007,-0.7,0.0936,0.0094,-4.49E-05,CSPII,Ia,0.967,1,0,-0.078,0.01063014581,-4.90E-05,6.5,6.53,6.59,-1,-1,Anonymous,
LSQ11ot,0.02732,0.0273222,0.982,0.004,17.557,0.004,-5.2,0.1581,0.0158,5.52E-06,CSPII,Ia,0.976,1,1,0.32,0.006403124237,-1.60E-05,10,10.17,10.22,-1,-1,CGCG 421-013,
LSQ11pn,0.0326533,0.0326611,0.503,0.008,17.194,0.012,-5,0.1457,0.0146,4.90E-05,CSPII,Ia,0.948,1,1,0.287,0.01769180601,-0.000144,10.52,10.7,10.8,-1,-1,2MASX J05164149+0629376,
LSQ12agq,0.0641556,0.0653581,1.152,0.027,18.355,0.043,5,0.0371,0.0037,6.71E-05,CSPII,Ia,0.986,1,0,0.089,0.07300684899,-0.001849,9.29,9.3,9.43,-1,-1,GALEXASC J101741.80-072452.2,
LSQ12aor,0.0933354,0.0945588,0.923,0.018,19.424,0.013,-2.6,0.0415,0.0042,1.24E-05,CSPII,Ia,0.986,1,0,-0.069,0.02469817807,-0.000169,9.67,9.85,10.15,-1,-1,GALEXASC J105517.85-141757.2,
LSQ12bld,0.0833623,0.084303,0.896,0.009,18.94,0.008,-4.9,0.0233,0.0023,2.08E-05,CSPII,Ia,0.987,1,0,0.078,0.0144222051,-6.40E-05,10.42,10.55,10.64,-1,-1,SDSS J134244.72+080531.7,
LSQ12btn,0.0541733,0.0552706,0.829,0.01,18.134,0.007,-1.7,0.0333,0.0033,1.89E-05,CSPII,Ia,0.986,1,0,0.1,0.01063014581,-4.90E-05,10.84,10.9,10.94,-1,-1,2MASX J09213114-0941331,
LSQ12ca,0.0994,0.0995466,0.947,0.032,19.095,0.044,1.1,0.0417,0.0042,-0.0001036,CSPII,Ia,0.962,0,0,-0.05,0.07280109889,-0.001936,10.34,10.44,10.64,-1,-1,2MASX J05310364-1948063,
LSQ12cda,0.1374948,0.1384035,0.813,0.126,20.104,0.066,3.8,0.0284,0.0028,-0.001764,CSPII,Ia,0.859,1,0,0.045,0.1265701387,-0.004356,9.69,9.82,9.98,-1,-1,SDSS J135002.40+093755.1,
LSQ12cdl,0.1079253,0.1090245,0.994,0.044,19.275,0.044,2.5,0.0492,0.0049,-0.0002278,CSPII,Ia,0.986,1,0,-0.141,0.07280109889,-0.001936,8.79,8.81,8.93,-1,-1,GALEXASC J125339.85-183025.6,
LSQ12fuk,0.0205857,0.0205571,1.004,0.006,15.682,0.009,-0.2,0.0714,0.0071,8.14E-06,CSPII,Ia,0.982,0,1,-0.008,0.01204159458,-8.10E-05,8.2,8.34,8.45,-1,-1,GALEXASC J045815.88-161800.7,
LSQ12fvl,0.05593,0.055977,0.596,0.009,18.504,0.011,-4.9,0.0179,0.0018,4.09E-05,CSPII,Ia,0.981,1,0,0.246,0.01702938637,-0.000121,10.55,10.74,10.93,-1,-1,MCG -06-12-002,
LSQ12fxd,0.03122,0.0313344,1.16,0.006,16.292,0.004,-9.8,0.0217,0.0022,1.10E-05,CSPII,Ia,0.98,1,1,-0.006,0.005656854249,-1.60E-05,10.16,10.28,10.4,-1,-1,ESO 487- G 004,
LSQ12gdj,0.0303033,0.0292813,1.165,0.007,15.883,0.005,-11.2,0.0199,0.002,1.64E-05,CSPII,Ia-91T,0.969,1,1,-0.031,0.007071067812,-2.50E-05,8.36,8.66,8.76,-1,-1,ESO 472- G 007,
LSQ12gef,0.0641556,0.0631798,1.176,0.033,18.627,0.039,0.2,0.0512,0.0051,-2.29E-05,CSPII,Ia,0.987,0,0,0.269,0.06580273551,-0.001521,11.5,11.5,11.5,-1,-1,2MASX J01403375+1830406,
LSQ12gln,0.1020294,0.1021611,1.109,0.014,19.036,0.006,-3.9,0.0201,0.002,4.17E-05,CSPII,Ia,0.986,1,0,-0.066,0.007810249676,-3.60E-05,8.6,8.75,9.07,-1,-1,GALEXASC J052259.58-332755.3,
LSQ12gxj,0.0353,0.034596,1.092,0.01,17.807,0.004,-9.8,0.0571,0.0057,9.65E-07,CSPII,Ia,0.655,0,0,0.264,0.005656854249,-1.60E-05,9.06,9.18,9.31,-1,-1,2MASX J02525699+0136231,
LSQ12gyc,0.0931355,0.0924863,1.148,0.028,18.804,0.006,-0.6,0.0211,0.0021,3.07E-05,CSPII,Ia,0.98,0,0,-0.046,0.01081665383,-3.60E-05,11.5,11.5,11.5,-1,-1,Anonymous,
LSQ12gzm,0.0999308,0.0993978,1.143,0.026,19.476,0.011,-5.8,0.0208,0.0021,0.0001608,CSPII,Ia,0.986,0,0,0.03,0.0142126704,-0.000121,11.5,11.5,11.5,-1,-1,GALEXASC J024043.58-344425.0,
LSQ12hjm,0.0713506,0.0707978,0.962,0.005,18.361,0.004,-5.8,0.0246,0.0025,9.13E-06,CSPII,Ia,0.982,0,0,-0.068,0.005656854249,-1.60E-05,9.93,10.09,10.25,-1,-1,2MASX J03102844-1629333,
LSQ12hno,0.0472673,0.0468084,0.989,0.014,17.871,0.006,-1.1,0.0994,0.0099,2.47E-06,CSPII,Ia,0.983,1,0,0.049,0.01,-3.60E-05,7.64,7.7,7.9,-1,-1,GALEXASC J034243.43-024007.7,
LSQ12hnr,0.1243,0.1255265,1.095,0.07,19.407,0.044,1.9,0.0324,0.0032,-9.75E-05,CSPII,Ia,0.982,1,0,0.006,0.07684399781,-0.001936,7.93,8.05,8.16,-1,-1,Anonymous,
LSQ12hvj,0.0712507,0.0723911,1.167,0.015,18.329,0.007,-5.3,0.0458,0.0046,3.03E-05,CSPII,Ia,0.986,1,0,0.081,0.009899494937,-4.90E-05,8.79,9.05,9.22,-1,-1,GALEXASC J110738.65-294235.5,
LSQ12hxx,0.06936,0.0689135,1.19,0.024,18.158,0.01,-0.6,0.0153,0.0015,-6.28E-05,CSPII,Ia,0.986,1,0,0.078,0.01640121947,-0.0001,10.28,10.45,10.58,-1,-1,2MASX J03194423-2700201,
LSQ12hzj,0.0334,0.0345752,0.969,0.004,16.579,0.005,-4.1,0.0569,0.0057,7.83E-06,CSPII,Ia,0.985,1,1,-0.069,0.007071067812,-2.50E-05,9.32,9.35,9.73,-1,-1,2MASX J09591230-0900095,
LSQ12hzs,0.07208,0.0718169,1.02,0.018,18.696,0.007,-7.8,0.0227,0.0023,2.68E-05,CSPII,Ia,0.985,1,0,0.1,0.01063014581,-4.90E-05,9.88,10.02,10.42,-1,-1,2MASXi J0401529-263947,
LSQ13abo,0.0674467,0.0681328,0.88,0.019,18.605,0.014,-7,0.0906,0.0091,0.0001087,CSPII,Ia,0.986,1,0,0.207,0.02778488798,-0.000196,10.04,10.31,10.34,-1,-1,2MASX J14592124-1709138,
LSQ13aiz,0.0092,0.0102493,0.964,0.006,13.63,0.005,-8.4,0.0788,0.0079,8.63E-06,CSPII,Ia,0.716,0,1,0.08,0.008602325267,-2.50E-05,8.12,8.24,8.34,-1,-1,ESO 576- G 017,
LSQ13cwp,0.0666,0.0662474,0.944,0.017,18.311,0.014,-6.6,0.1326,0.0133,0.0001341,CSPII,Ia,0.986,1,0,0.088,0.0228035085,-0.000196,10.39,10.54,10.7,-1,-1,2MASX J04035024-0239275,
LSQ13dby,0.0999308,0.0995683,1.139,0.014,19.149,0.008,-5.9,0.0093,0.0009,6.93E-05,CSPII,Ia,0.865,1,0,-0.04,0.01063014581,-6.40E-05,11.5,11.5,11.5,-1,-1,Anonymous,
LSQ13dcy,0.0801,0.0800671,0.94,0.025,19.057,0.013,-3.2,0.0408,0.0041,0.0001886,CSPII,Ia,0.929,1,0,0.116,0.01910497317,-0.000169,9.01,9.18,9.34,-1,-1,LCSB S0801P,
LSQ13dhj,0.0935,0.0929027,1.167,0.019,19,0.014,-6.7,0.0132,0.0013,0.0001254,CSPII,Ia,0.985,1,0,0.06,0.01910497317,-0.000196,8.27,8.63,8.78,-1,-1,GALEXMSC J021234.60-372019.1,
LSQ13dkp,0.0689367,0.0685268,0.646,0.009,18.751,0.009,-4.6,0.0145,0.0015,2.58E-05,CSPII,Ia,0.963,1,0,0.01,0.01345362405,-8.10E-05,10.61,10.8,10.92,-1,-1,2MASX J03101094-3638017,
LSQ13dpm,0.0508648,0.0520617,1.054,0.009,17.694,0.003,-7.8,0.0529,0.0053,-1.06E-05,CSPII,Ia,0.984,1,0,-0.01,0.005,-9.00E-06,9.06,9.17,9.6,-1,-1,GALEXASC J102908.61-170654.2,
LSQ13dqh,0.1038,0.1035425,1.19,0.022,19.354,0.011,-5.5,0.0501,0.005,2.77E-05,CSPII,Ia,0.969,1,0,-0.031,0.01702938637,-0.000121,11.5,11.5,11.5,-1,-1,Anonymous,
LSQ13dsm,0.0423707,0.0419767,0.909,0.004,17.281,0.005,-11.8,0.0088,0.0009,3.97E-06,CSPII,Ia,0.984,1,0,-0.016,0.007810249676,-2.50E-05,8.85,9.01,9.14,-1,-1,APMUKS(BJ) B033105.19-262232.9,
LSQ13lq,0.0755477,0.0765051,1.069,0.026,18.078,0.004,-6,0.0215,0.0022,-1.46E-05,CSPII,Ia,0.951,1,0,-0.071,0.005656854249,-1.60E-05,8,8.44,8.63,-1,-1,SDSS J134410.77+030345.3,
LSQ13pf,0.0860404,0.0870045,0.915,0.039,19.434,0.043,1.3,0.0558,0.0056,-8.96E-05,CSPII,Ia-91T,0.957,1,0,0.233,0.07300684899,-0.001849,10.14,10.26,10.44,-1,-1,LCRS B134534.3-112338,
LSQ13ry,0.0298367,0.031032,0.881,0.006,16.589,0.007,-12.2,0.0403,0.004,1.05E-05,CSPII,Ia,0.971,1,1,-0.048,0.01140175425,-4.90E-05,9.54,9.64,9.7,-1,-1,SDSS J103247.83+041145.5,
LSQ13vy,0.0417711,0.0421068,0.891,0.005,17.574,0.005,-5.8,0.0676,0.0068,6.58E-06,CSPII,Ia,0.985,1,0,0.076,0.007810249676,-2.50E-05,10.15,10.17,10.33,-1,-1,2MASX J16065563+0300046,
LSQ14act,0.05905,0.0594518,0.691,0.007,18.368,0.007,-3.2,0.2269,0.0227,1.63E-05,CSPII,Ia,0.976,1,0,0.003,0.009899494937,-4.90E-05,10.07,10.17,10.61,-1,-1,2MASX J15594429-1026396,
LSQ14age,0.0805442,0.0815802,1.115,0.014,18.49,0.01,-11.9,0.0576,0.0058,8.79E-05,CSPII,Ia,0.976,1,0,-0.009,0.01280624847,-0.0001,8.33,8.42,8.59,-1,-1,GALEXASC J132408.58-132629.0,
LSQ14ahc,0.0508648,0.0517592,1.222,0.01,17.304,0.007,-7.9,0.0461,0.0046,3.02E-05,CSPII,Ia,0.986,1,0,-0.029,0.01063014581,-4.90E-05,8.89,9.13,9.62,-1,-1,2MASX J13434760-3254381,
LSQ14ahm,0.0497655,0.0509869,1.156,0.009,17.264,0.008,-10.5,0.0274,0.0027,4.00E-05,CSPII,Ia,0.986,1,0,-0.051,0.01063014581,-6.40E-05,8.03,8.2,8.37,-1,-1,GALEXASC J114122.65-122354.9,
LSQ14ajn,0.02101,0.0221584,0.654,0.004,16.225,0.006,-0.3,0.0193,0.0019,5.37E-06,CSPII,Ia,0.979,0,1,0.075,0.009219544457,-3.60E-05,9.95,10.11,10.3,-1,-1,CGCG 068-091,
LSQ14asu,0.0683967,0.069594,0.767,0.013,18.883,0.007,-3.6,0.0372,0.0037,3.61E-06,CSPII,Ia,0.927,1,0,0.004,0.01140175425,-4.90E-05,10.51,10.67,10.86,-1,-1,2MASX J11113635-2127597,
LSQ14auy,0.0824129,0.0832263,1.147,0.017,18.671,0.009,-4.1,0.0669,0.0067,9.27E-05,CSPII,Ia,0.987,1,0,-0.012,0.01272792206,-8.10E-05,10.61,10.74,11.19,-1,-1,2MASX J14281171-0403150,
LSQ14azy,0.0457633,0.0469322,1.134,0.026,17.612,0.039,3.6,0.0164,0.0016,3.71E-05,CSPII,Ia,0.981,0,0,0.073,0.06661080993,-0.001521,9.75,9.94,10.1,-1,-1,2MASX J11123493+1204206,
LSQ14ba,0.0775463,0.0787677,0.958,0.006,18.758,0.009,-6.9,0.0493,0.0049,2.68E-05,CSPII,Ia,0.986,1,0,0.035,0.01345362405,-8.10E-05,9.3,9.47,9.87,-1,-1,GALEXASC J110123.17-153706.2,
LSQ14bbv,0.0587593,0.058439,1.039,0.011,17.739,0.005,-2.5,0.0464,0.0046,-1.06E-05,CSPII,Ia,0.986,0,0,0.008,0.007071067812,-2.50E-05,10.9,11.02,11.14,-1,-1,2MASS J19593264-5659334,
LSQ14bjj,0.0811438,0.0819882,1.01,0.009,18.55,0.005,-4.3,0.0408,0.0041,1.34E-05,CSPII,Ia,0.986,1,0,-0.075,0.008602325267,-2.50E-05,8.3,8.46,8.91,-1,-1,APMUKS(BJ) B141811.91-050120.8,
LSQ14fms,0.077946,0.0773231,0.848,0.015,18.842,0.011,-3.3,0.0143,0.0014,8.47E-05,CSPII,Ia,0.986,1,0,0.171,0.0162788206,-0.000121,10,10.11,10.49,-1,-1,2MASX J00145929-5112380,
LSQ14foj,0.0460667,0.0451705,1.012,0.01,17.292,0.007,-10.9,0.0121,0.0012,1.44E-05,CSPII,Ia,0.986,1,0,0.05,0.01063014581,-4.90E-05,8.33,8.44,8.7,-1,-1,GALEXASC J002634.59-324825.5,
LSQ14fom,0.05626,0.0553279,0.947,0.009,17.771,0.008,-8.2,0.0184,0.0018,2.91E-05,CSPII,Ia,0.978,1,0,0.023,0.0113137085,-6.40E-05,9.4,9.54,9.72,-1,-1,2MASX J21594968-3016187,
LSQ14gfb,0.0527067,0.0527873,0.586,0.033,19.025,0.031,-1,0.0159,0.0016,0.0002944,CSPII,Ia,0.985,1,0,0.53,0.0622655603,-0.000961,10.11,10.3,10.64,-1,-1,2MASX J05100559-3618388,
LSQ14gfn,0.1216158,0.1210925,1.073,0.091,19.315,0.02,-3,0.0332,0.0033,-0.0008561,CSPII,Ia,0.967,1,0,0.051,0.03201562119,-0.0004,10.42,10.54,10.88,-1,-1,2MASX J03283205-0412113,
LSQ14ghv,0.0666539,0.0662566,0.968,0.009,18.398,0.007,-3.5,0.0088,0.0009,1.66E-05,CSPII,Ia,0.981,1,0,-0.016,0.01140175425,-4.90E-05,10.06,10.18,10.31,-1,-1,2MASX J03234449-3135101,
LSQ14gov,0.089538,0.0892443,1.052,0.011,18.557,0.005,-9.5,0.0357,0.0036,-2.15E-05,CSPII,Ia,0.985,1,0,-0.104,0.007810249676,-2.50E-05,8.85,9.02,9.19,-1,-1,GALEXMSC J040601.67-160139.7,
LSQ14ie,0.089538,0.0905466,1.162,0.011,18.758,0.009,-8.1,0.0717,0.0072,4.38E-05,CSPII,Ia,0.983,1,0,-0.01,0.01204159458,-8.10E-05,7.95,8.08,8.21,-1,-1,Anonymous,
LSQ14ip,0.0612967,0.0624196,0.509,0.01,19.14,0.014,-7.3,0.0373,0.0037,6.46E-05,CSPII,Ia,0.987,1,0,0.338,0.0228035085,-0.000196,10.01,10.18,10.31,-1,-1,2MASX J09442084+0435319,
LSQ14jp,0.04539,0.0464896,0.675,0.007,18.011,0.006,-8.4,0.053,0.0053,7.23E-06,CSPII,Ia,0.986,1,0,0.123,0.01,-3.60E-05,10.48,10.54,10.81,-1,-1,2MASX J12572166-1547411,
LSQ14mc,0.05662,0.0575661,0.963,0.004,17.845,0.004,-6.6,0.0207,0.0021,8.60E-06,CSPII,Ia,0.986,1,0,-0.027,0.006403124237,-1.60E-05,9.16,9.17,9.43,-1,-1,SDSS J090213.35+170335.4,
LSQ14q,0.0669503,0.067871,0.957,0.004,18.223,0.006,-12.7,0.0198,0.002,1.14E-05,CSPII,Ia,0.987,1,0,-0.046,0.008485281374,-3.60E-05,8.92,9.32,9.42,-1,-1,SDSS J085357.19+171942.6,
LSQ14wp,0.0694519,0.0706148,1.134,0.012,17.917,0.008,-7.8,0.0207,0.0021,5.28E-05,CSPII,Ia-91T,0.984,1,0,-0.037,0.01063014581,-6.40E-05,7.23,7.48,7.59,-1,-1,SDSS J101405.83+064032.5,
LSQ14xi,0.0507429,0.0519014,1.142,0.011,18.039,0.008,-8.6,0.0368,0.0037,4.07E-05,CSPII,Ia,0.986,1,0,0.218,0.01063014581,-6.40E-05,10.77,10.9,11.07,-1,-1,2MASX J12304088-1346236,
LSQ15aae,0.0515643,0.0517701,1.218,0.007,17.766,0.006,-5.5,0.0616,0.0062,1.79E-05,CSPII,Ia-91T,0.982,1,0,0.077,0.008485281374,-3.60E-05,10.1,10.27,10.46,-1,-1,2MASX J16301506+0555514,
LSQ15agh,0.0599585,0.0610193,1.134,0.008,17.766,0.006,-5.6,0.0216,0.0022,3.25E-05,CSPII,Ia,0.987,1,0,-0.032,0.007810249676,-3.60E-05,9.72,9.87,9.99,-1,-1,2MASX J10525434+2335518,
LSQ15aja,0.0699516,0.0699657,1.032,0.011,18.123,0.005,-9,0.0545,0.0054,-1.56E-06,CSPII,Ia,0.984,1,0,-0.087,0.009433981132,-2.50E-05,7.34,7.46,7.58,-1,-1,SDSS J170308.90+122741.5,
LSQ15alq,0.0470667,0.0480953,0.921,0.005,17.321,0.004,-12.1,0.0668,0.0067,5.60E-06,CSPII,Ia,0.97,1,0,-0.002,0.006403124237,-1.60E-05,10.22,10.4,10.82,-1,-1,ESO 508- G 016,
LSQ15bv,0.0689,0.0701168,0.952,0.009,18.187,0.012,-0.7,0.0443,0.0044,3.04E-05,CSPII,Ia,0.985,1,0,-0.001,0.0144222051,-0.000144,10.39,10.56,10.77,-1,-1,2MASX J10594717-1649070,
PS1-13eao,0.0377533,0.037362,0.89,0.045,20.295,0.021,-1.9,0.0107,0.0011,0.0002683,CSPII,Ia,0,1,0,1.549,0.09631718434,-0.000441,10.56,10.73,11.04,-1,-1,ESO 418- G 007,
PS1-14ra,0.0280833,0.0287982,0.777,0.006,16.567,0.004,-0.1,0.023,0.0023,-3.74E-06,CSPII,Ia,0.984,1,1,0.06,0.006403124237,-1.60E-05,10.35,10.65,10.72,-1,-1,IC 1044,
PS1-14rx,0.0669536,0.0680019,0.846,0.018,18.567,0.018,-8.2,0.0266,0.0027,0.0001039,CSPII,Ia,0.981,1,0,-0.022,0.02690724809,-0.000324,9.77,9.89,10.06,-1,-1,SDSS J124653.32+144748.4,
PS1-14xw,0.0245,0.0245957,1.039,0.01,15.775,0.004,-3.2,0.0656,0.0066,-1.02E-05,CSPII,Ia,0.975,0,0,0.026,0.006403124237,-1.60E-05,11.11,11.24,11.71,-1,-1,NGC 6240,
PS15sv,0.033277,0.0335844,0.993,0.005,16.415,0.006,-3.9,0.0782,0.0078,1.05E-05,CSPII,Ia-91T,0.977,1,1,0.011,0.009219544457,-3.60E-05,8.2,8.31,8.56,-1,-1,GALEXASC J161311.68+013532.2,
PTF11pbp,0.0289033,0.0276702,1.15,0.007,16.299,0.005,-6.4,0.0507,0.0051,2.12E-05,CSPII,Ia,0.984,1,1,0.055,0.007071067812,-2.50E-05,10.73,10.88,10.97,-1,-1,NGC 7674,
PTF11ppn,0.0672534,0.0661869,0.641,0.037,18.494,0.098,7.4,0.132,0.0132,0.0007386,CSPII,Ia-91bg,0.154,1,0,0.189,0.1791758912,-0.009604,10.96,11.02,11.06,-1,-1,2MASX J21352164+2656051,
PTF11pra,0.0175433,0.0167242,0.439,0.017,17.165,0.036,1,0.0243,0.0024,-1.39E-06,CSPII,Ia,0.981,0,0,0.92,0.06,-0.001296,10.57,10.68,10.75,-1,-1,NGC 881,
PTF11qnr,0.0162167,0.0149985,0.806,0.008,15.507,0.006,-9.3,0.0556,0.0056,1.94E-05,CSPII,Ia,0.979,0,1,0.255,0.009219544457,-3.60E-05,10.38,10.65,10.7,-1,-1,NGC 7364,
PTF13anh,0.0614575,0.0624543,0.944,0.007,18.101,0.014,-10.7,0.0224,0.0022,2.56E-05,CSPII,Ia,0.979,1,0,-0.17,0.01843908891,-0.000196,7.29,7.48,7.66,-1,-1,SDSS J130650.44+153432.7,
PTF13duj,0.01694,0.015867,1.156,0.014,14.997,0.008,-7,0.0665,0.0067,5.00E-05,CSPII,Ia,0.965,0,1,0.057,0.01204159458,-6.40E-05,10.61,10.73,10.82,-1,-1,NGC 7042,
PTF13dwl,0.0874395,0.0863561,1.088,0.04,18.498,0.007,-5.3,0.0613,0.0061,3.24E-05,CSPII,Ia,0.987,1,0,-0.034,0.01140175425,-4.90E-05,8.42,8.74,8.98,-1,-1,GALEXASC J211648.97+120052.8,
PTF13dym,0.04213,0.0409061,0.509,0.024,17.465,0.034,-5.8,0.0379,0.0038,0.0004004,CSPII,Ia-91bg,0,1,0,0.096,0.04951767361,-0.001156,9.25,9.45,9.88,-1,-1,SDSS J232430.20+143903.6,
PTF13dyt,0.1099239,0.109862,0.96,0.057,19.565,0.067,-7,0.0458,0.0046,0.00224,CSPII,Ia-pec,,0,0,-0.27,0.08360023923,-0.004489,11.5,11.5,11.5,-1,-1,,
PTF13ebh,0.01326,0.012484,0.636,0.004,14.92,0.006,-13,0.0668,0.0067,7.47E-06,CSPII,Ia,0.975,0,1,0.123,0.009219544457,-3.60E-05,10.8,10.86,11.02,-1,-1,NGC 0890,
PTF13efe,0.0749481,0.0758465,1.145,0.011,18.229,0.01,-9,0.0213,0.0021,6.54E-05,CSPII,Ia,0.987,1,0,-0.017,0.01345362405,-0.0001,11.5,11.5,11.5,-1,-1,SDSS J084339.26+161037.5,
PTF13ez,0.0434699,0.0445375,0.897,0.011,17.214,0.016,-1.9,0.0429,0.0043,-1.16E-05,CSPII,Ia,0.982,1,0,0.159,0.02968164416,-0.000256,9.52,9.71,9.84,-1,-1,SDSS J120951.25+194716.5,
PTF14aaf,0.0588167,0.0595653,1.161,0.009,17.991,0.007,-11.8,0.0288,0.0029,2.74E-05,CSPII,Ia,0.986,0,0,0.05,0.009899494937,-4.90E-05,11.5,11.5,11.5,-1,-1,,
PTF14aje,0.0276708,0.0282271,0.684,0.005,17.923,0.006,-3.2,0.1524,0.0152,1.15E-05,CSPII,Ia,0.978,1,0,0.608,0.01081665383,-3.60E-05,10.64,10.78,10.84,-1,-1,SDSS J152512.43-014840.1,
PTF14fpg,0.034,0.03283,1.078,0.013,16.75,0.006,-8.9,0.0258,0.0026,-1.29E-05,CSPII,Ia,0.784,1,1,0.01,0.008485281374,-3.60E-05,11.5,11.5,11.5,-1,-1,SDSS J002812.09+070940.0,
PTF14gnl,0.05369,0.0525349,1.021,0.006,17.484,0.005,-13.4,0.0268,0.0027,1.25E-05,CSPII,Ia,0.984,1,0,-0.055,0.008602325267,-2.50E-05,9.86,10.06,10.5,-1,-1,LCSB S0066P,
PTF14uo,0.0912368,0.0922406,1.118,0.017,18.826,0.006,-5.7,0.0161,0.0016,5.53E-05,CSPII,Ia,0.987,1,0,-0.114,0.008485281374,-3.60E-05,8.86,9,9.48,-1,-1,GALEXASC J131857.37+094244.0,
PTF14w,0.0188933,0.0200839,0.742,0.004,16.03,0.003,-6.3,0.0205,0.0021,1.40E-06,CSPII,Ia,0.975,0,1,0.056,0.005,-9.00E-06,8.96,9.14,9.3,-1,-1,UGC 07034,
PTF14yw,0.01697,0.0180604,0.856,0.008,15.767,0.007,-4.2,0.0255,0.0026,2.17E-05,CSPII,Ia,0.411,0,1,-0.038,0.01063014581,-4.90E-05,10.16,10.24,10.59,-1,-1,NGC 3861,
PTF14yy,0.0429703,0.0440905,0.837,0.01,18.226,0.01,-6.9,0.0198,0.002,4.96E-05,CSPII,Ia,0.986,1,0,0.256,0.01486606875,-0.0001,9.25,9.41,9.52,-1,-1,SDSS J122608.78+095847.1,
SN1981B,0.006027,0.0071693,0.941,0.019,11.911,0.006,-1.5,0.0157,0.0016,1.14E-05,,,,,,0.068,0.007810249676,-3.60E-05,10.42,10.47,10.68,30.835,0.05,N4536,c
SN1990N,0.003,0.0040676,1.1,0.006,12.648,0.006,-10.9,0.0223,0.0022,8.46E-06,,,,,,0.066,0.008485281374,-3.60E-05,10.07,10.14,10.24,31.812,0.084,N4639,c
SN1994ae,0.004,0.0051205,1.043,0.006,13.082,0.005,-12,0.0262,0.0026,-2.44E-06,,,,,,0.06,0.007071067812,-2.50E-05,9.55,9.69,9.83,32.12,0.051,N3370,c
SN1995al,0.005,0.0058765,1.043,0.017,13.205,0.009,-4.1,0.0117,0.0012,-4.92E-05,,,,,,0.138,0.01345362405,-8.10E-05,9.76,9.87,9.97,32.464,0.158,N3021,c
SN1998aq,0.003697,0.0042623,0.968,0.004,12.461,0.005,-10.3,0.0122,0.0012,9.68E-06,,,,,,-0.104,0.007810249676,-2.50E-05,9.86,10.02,10.1,31.722,0.071,N3982,c
SN2001el,0.003896,0.0036761,0.959,0.005,12.678,0.006,-10.9,0.0121,0.0012,1.02E-05,,,,,,0.144,0.01,-3.60E-05,10.34,10.34,10.34,31.287,0.037,N1448,c
SN2002fk,0.00712,0.0066137,0.977,0.004,13.293,0.006,-12.3,0.0344,0.0034,8.91E-06,,,,,,-0.091,0.008485281374,-3.60E-05,9.78,9.94,10.64,32.541,0.059,N1309,c
SN2003du,0.0063844,0.0066521,1.002,0.004,13.551,0.004,-10.6,0.0081,0.0008,8.31E-06,,,,,,-0.073,0.006403124237,-1.60E-05,8.47,8.6,8.74,32.848,0.067,U9391,c
SN2004ef,0.0309667,0.02977,0.84,0.003,16.754,0.004,-9,0.0458,0.0046,5.40E-06,CSPI,Ia,0.981,0,0,0.117,0.005656854249,-1.60E-05,10.63,10.74,10.8,-1,-1,UGC 12158,
SN2004eo,0.01569,0.0147367,0.869,0.005,15.101,0.006,-12.3,0.093,0.0093,7.60E-06,CSPI,Ia,0.979,0,0,0.025,0.009219544457,-3.60E-05,11.03,11.16,11.35,-1,-1,NGC 6928,
SN2004ey,0.0157767,0.0146267,1.009,0.003,14.828,0.003,-8.9,0.1197,0.012,1.95E-06,CSPI,Ia,0.973,0,0,-0.051,0.004242640687,-9.00E-06,9.76,10.06,10.41,-1,-1,UGC 11816,
SN2004gs,0.0266267,0.0282767,0.705,0.003,16.98,0.004,-3.9,0.0257,0.0026,3.77E-06,CSPI,Ia,0.982,0,0,0.202,0.006403124237,-1.60E-05,10.57,10.63,10.7,-1,-1,MCG +03-22-020,
SN2004gu,0.0458267,0.0468967,1.149,0.011,17.283,0.01,-4.8,0.0223,0.0022,6.01E-05,CSPI,Ia-06gz,0.986,0,0,0.145,0.01562049935,-0.0001,9.74,10.02,10.19,-1,-1,FGC 175A,
SN2005A,0.0191267,0.01834,0.963,0.007,17.132,0.01,-3.6,0.0259,0.0026,1.86E-05,CSPI,Ia,0.976,0,0,0.984,0.01562049935,-0.0001,11.07,11.19,11.26,-1,-1,NGC 958,
SN2005M,0.0219967,0.02558,1.204,0.003,15.906,0.003,-9.1,0.0273,0.0027,2.99E-06,CSPI,Ia-91T,0.984,0,0,0.018,0.004242640687,-9.00E-06,8.38,8.8,8.92,-1,-1,NGC 2930,
SN2005W,0.0088833,0.00795,0.938,0.006,14.037,0.005,-7.8,0.0615,0.0062,9.44E-06,CSPI,Ia,0.967,0,0,0.171,0.007810249676,-2.50E-05,9.75,9.9,10,32.83,0.109,N0691,c
SN2005ag,0.07937,0.08008,1.145,0.009,18.457,0.005,-0.9,0.0331,0.0033,1.36E-05,CSPI,Ia,0.982,0,0,-0.03,0.007810249676,-2.50E-05,10.84,10.9,10.95,-1,-1,,
SN2005al,0.0123933,0.0132867,0.865,0.004,14.938,0.004,-1.1,0.0483,0.0048,4.30E-06,CSPI,Ia,0.909,0,0,-0.051,0.007211102551,-1.60E-05,10.4,10.49,10.63,-1,-1,NGC 5304,
SN2005am,0.0078933,0.0089667,0.764,0.004,13.626,0.005,-0.4,0.0433,0.0043,-3.94E-06,CSPI,Ia,0.934,0,0,0.074,0.007810249676,-2.50E-05,10.68,10.83,11.26,-1,-1,NGC 2811,
SN2005be,0.035,0.0355767,0.761,0.023,16.932,0.043,6.3,0.0294,0.0029,-6.90E-05,CSPI,Ia,0.985,0,0,0.053,0.07220110802,-0.001849,10.25,10.4,10.5,-1,-1,,
SN2005bg,0.02307,0.0241567,1.061,0.037,15.809,0.041,2.6,0.0264,0.0026,-0.0001891,CSPI,Ia,0.983,0,0,0.042,0.0654369926,-0.001681,9.72,9.91,10.02,-1,-1,MCG +03-31-93,
SN2005bl,0.0240433,0.0251133,0.427,0.011,17.788,0.02,-6.5,0.025,0.0025,1.25E-05,CSPI,Ia-91bg,0.98,0,0,0.689,0.03360059523,-0.0004,10.89,11.01,11.2,-1,-1,NGC 4059,
SN2005bo,0.0138867,0.0150133,0.881,0.008,15.431,0.004,-0.3,0.0396,0.004,-1.40E-07,CSPI,Ia,0.962,0,0,0.242,0.006403124237,-1.60E-05,10.34,10.5,10.65,-1,-1,NGC 4708,
SN2005cf,0.0064611,0.007045,0.972,0.005,13.241,0.007,-12.5,0.0968,0.0097,1.72E-05,,,,,,0.005,0.01063014581,-4.90E-05,9.6,9.65,9.6,32.363,0.12,N5917,c
SN2005el,0.0149,0.0148833,0.865,0.003,14.968,0.007,-7.2,0.0976,0.0098,6.24E-06,CSPI,Ia,0.973,0,0,-0.073,0.01063014581,-4.90E-05,10.7,10.84,11.24,-1,-1,NGC 1819,
SN2005eq,0.0289567,0.02835,1.234,0.007,16.257,0.005,-3.5,0.0629,0.0063,4.65E-06,CSPI,Ia-91T,0.984,0,0,0.035,0.008602325267,-2.50E-05,10.44,10.56,10.65,-1,-1,MCG -01-09-006,
SN2005hc,0.0459067,0.0444967,1.142,0.007,17.297,0.005,-4.7,0.028,0.0028,1.81E-05,CSPI,Ia,0.98,0,0,0.012,0.006403124237,-2.50E-05,10.52,10.6,10.65,-1,-1,MCG +00-06-003,
SN2005hj,0.0579667,0.05695,1.152,0.019,17.681,0.011,-2.9,0.0329,0.0033,8.62E-05,CSPI,Ia,0.984,0,0,0.08,0.01555634919,-0.000121,9.22,9.32,9.38,-1,-1,APMUKS(BJ) B012415.21-012950.3,
SN2005iq,0.03402,0.03293,0.88,0.006,16.827,0.007,-5.5,0.0185,0.0019,9.04E-06,CSPI,Ia,0.965,0,0,-0.032,0.01063014581,-4.90E-05,10.47,10.54,10.6,-1,-1,MCG -03-01-008,
SN2005ir,0.0763067,0.0752333,1.03,0.02,18.355,0.01,-2.7,0.0265,0.0027,-3.32E-05,CSPI,Ia,0.984,0,0,0.05,0.01486606875,-0.0001,9.12,9.23,9.37,-1,-1,,
SN2005kc,0.01511,0.01389,0.932,0.006,15.351,0.007,-10.6,0.1137,0.0114,9.98E-06,CSPI,Ia,0.978,0,0,0.238,0.01063014581,-4.90E-05,10.6,11.06,11.5,-1,-1,NGC 7311,
SN2005ke,0.0048767,0.0044833,0.438,0.003,14.125,0.008,-9.8,0.02,0.002,1.90E-06,CSPI,Ia-91bg,0.953,0,0,0.67,0.01204159458,-6.40E-05,10.29,10.43,10.61,-1,-1,NGC 1371,
SN2005ki,0.0191933,0.02037,0.839,0.003,15.605,0.005,-10,0.0267,0.0027,5.09E-06,CSPI,Ia,0.982,0,0,-0.018,0.007071067812,-2.50E-05,10.62,10.8,10.86,-1,-1,NGC 3332,
SN2005ku,0.0454067,0.0441833,0.969,0.034,17.451,0.047,0.4,0.0461,0.0046,-4.70E-05,CSPI,Ia,0.986,0,0,0.093,0.07780102827,-0.002209,9.96,10.04,10.1,-1,-1,2MASX J22594265-0000478,
SN2005lu,0.0319867,0.0312933,1.063,0.03,17.011,0.044,9.2,0.0218,0.0022,-0.0001206,CSPI,Ia,0.975,0,0,0.247,0.07200694411,-0.001936,9.68,9.86,10.03,-1,-1,ESO 545-G038,
SN2005mc,0.0252033,0.0260067,0.664,0.02,16.915,0.039,2.4,0.0379,0.0038,-1.47E-05,CSPI,Ia,0.982,0,0,0.314,0.06742403132,-0.001521,10.85,10.95,11.1,-1,-1,UGC 4414,
SN2005na,0.0263033,0.0268133,0.971,0.018,16.028,0.005,-1.9,0.0681,0.0068,4.39E-06,CSPI,Ia,0.976,0,0,-0.02,0.007810249676,-2.50E-05,10.9,10.97,11.05,-1,-1,UGC3634,
SN2006D,0.00852,0.00964,0.839,0.003,14.096,0.004,-6.1,0.0394,0.0039,3.89E-06,CSPI,Ia,0.972,0,0,0.098,0.006403124237,-1.60E-05,9.54,9.76,9.85,32.92,0.123,M1337,c
SN2006X,0.0052367,0.00632,0.971,0.004,14.03,0.008,-10.9,0.0228,0.0023,1.06E-05,CSPI,Ia,0.557,0,0,1.214,0.0113137085,-6.40E-05,9.06,9.33,9.43,-1,-1,NGC 4321,
SN2006ax,0.0167267,0.0179567,1.003,0.004,15.106,0.005,-11.8,0.041,0.0041,6.24E-06,CSPI,Ia,0.981,0,0,-0.072,0.007810249676,-2.50E-05,10.79,10.92,11.04,-1,-1,NGC 3663,
SN2006bd,0.0257067,0.0267967,0.398,0.009,18.025,0.021,-1.4,0.0231,0.0023,4.45E-05,CSPI,Ia-91bg,0.981,0,0,0.712,0.03911521443,-0.000441,10.6,10.77,10.8,-1,-1,UGC 6609,
SN2006bh,0.01084,0.0104933,0.828,0.003,14.379,0.004,-4.9,0.0228,0.0023,4.50E-06,CSPI,Ia,0.969,0,0,-0.01,0.005656854249,-1.60E-05,10.31,10.43,10.49,33.246,0.117,N7329,c
SN2006br,0.0245733,0.0255233,0.962,0.032,18.091,0.055,7.5,0.0197,0.002,-0.0001133,CSPI,Ia,0.982,0,0,0.849,0.09626006441,-0.003025,10.87,10.97,11.36,-1,-1,NGC5185,
SN2006ef,0.01787,0.0170267,0.857,0.02,15.462,0.045,10,0.0201,0.002,-5.77E-06,CSPI,Ia,0.943,0,0,-0.024,0.0807093551,-0.002025,10.18,10.35,10.49,-1,-1,NGC809,
SN2006ej,0.0204367,0.0193367,0.842,0.018,15.72,0.035,3.2,0.0296,0.003,1.71E-06,CSPI,Ia,0.971,0,0,0.029,0.06021627687,-0.001225,10.48,10.63,10.7,-1,-1,NGC 191A,
SN2006eq,0.0494667,0.0483667,0.649,0.023,18.27,0.045,2.1,0.0416,0.0042,7.95E-06,CSPI,Ia,0.973,0,0,0.31,0.0774209274,-0.002025,9.79,10.19,10.65,-1,-1,,
SN2006et,0.0221567,0.0216467,1.18,0.006,15.832,0.005,-7.4,0.0165,0.0017,7.68E-06,CSPI,Ia,0.983,0,0,0.141,0.007810249676,-2.50E-05,10.7,10.8,10.88,-1,-1,NGC 232,
SN2006ev,0.0287133,0.0276,0.843,0.021,16.979,0.041,3.7,0.0759,0.0076,7.87E-06,CSPI,Ia,0.924,0,0,0.175,0.07021395873,-0.001681,10.65,10.75,10.91,-1,-1,UGC 11758,
SN2006fw,0.0829433,0.0819867,0.922,0.045,18.988,0.042,-2.1,0.028,0.0028,0.0002162,CSPI,Ia,0.001,0,0,0.104,0.06155485359,-0.001764,9.32,9.42,9.62,-1,-1,anonymous,
SN2006gj,0.0283333,0.0269667,0.708,0.007,17.371,0.008,-1.7,0.0705,0.007,4.18E-06,CSPI,Ia,0.983,0,0,0.298,0.01204159458,-6.40E-05,10.36,10.53,10.6,-1,-1,UGC 2650,
SN2006gt,0.04474,0.0436433,0.575,0.01,17.972,0.011,-2.3,0.0323,0.0032,3.17E-05,CSPI,Ia-91bg,0.982,0,0,0.249,0.0162788206,-0.000121,9.87,9.93,9.94,-1,-1,2MASX J00561810-013732,
SN2006hb,0.0153333,0.0153367,0.685,0.018,15.398,0.038,4.4,0.0236,0.0024,-6.27E-06,CSPI,Ia-86G,0.98,0,0,0.185,0.06603029608,-0.001444,10.05,10.22,10.39,-1,-1,MCG -04-12-34,
SN2006hx,0.0454633,0.0444033,0.977,0.012,17.418,0.024,-9.2,0.0256,0.0026,0.000138,CSPI,Ia,0.981,0,0,0.116,0.03538361203,-0.000576,10.12,10.31,10.44,-1,-1,2MASX J01135716+0022171,
SN2006is,0.0313333,0.03142,1.092,0.037,16.134,0.04,0.5,0.029,0.0029,1.85E-05,CSPI,Ia,0.983,0,0,0.039,0.06720119047,-0.0016,6.68,7.1,7.41,-1,-1,APMUKS(BJ) B051529.79-235009.8,
SN2006kf,0.0212867,0.0208,0.771,0.005,15.948,0.006,-4.7,0.2097,0.021,2.88E-06,CSPI,Ia,0.981,0,0,0.026,0.009219544457,-3.60E-05,10.59,10.82,10.9,-1,-1,UGC 2829,
SN2006lu,0.0533667,0.0543967,1.002,0.019,17.566,0.039,5,0.0986,0.0099,-9.42E-06,CSPI,Ia,0.984,0,0,-0.018,0.06580273551,-0.001521,10.22,10.29,10.37,-1,-1,anonymous,
SN2006mr,0.0058667,0.00551,0.335,0.004,14.588,0.019,-4.4,0.0179,0.0018,2.43E-05,CSPI,Ia-91bg,0.947,0,0,0.731,0.02758622845,-0.000361,10.79,11.19,11.38,-1,-1,NGC1316,
SN2006ob,0.0591967,0.0582567,0.743,0.009,18.17,0.01,-3.1,0.0285,0.0029,4.45E-06,CSPI,Ia,0.986,0,0,0.111,0.01486606875,-0.0001,11.08,11.26,11.33,-1,-1,UGC 1333,
SN2006os,0.0327867,0.03208,0.944,0.02,17.294,0.039,1,0.1254,0.0125,-1.04E-05,CSPI,Ia,0.982,0,0,0.317,0.065,-0.001521,10.66,10.81,10.87,-1,-1,UGC 2384,
SN2006py,0.05786,0.0566433,0.975,0.018,17.837,0.013,-1.6,0.0518,0.0052,2.13E-05,CSPI,Ia,0.968,0,0,0.077,0.02061552813,-0.000169,8.94,9.1,9.24,-1,-1,SDSS J224142.04-000812.9,
SN2007A,0.0176333,0.0164633,1.047,0.02,15.517,0.006,-4.6,0.0631,0.0063,-4.08E-05,CSPI,Ia,0.98,0,0,0.201,0.01,-3.60E-05,10.57,10.57,10.57,34.527,0.25,N0105,c
SN2007N,0.01287,0.014,0.375,0.006,17.097,0.014,-0.7,0.0343,0.0034,1.51E-05,CSPI,Ia-91bg,0.976,0,0,0.953,0.02360084744,-0.000196,10.1,10.19,10.57,-1,-1,MCG -01-33-012,
SN2007S,0.01387,0.0150233,1.187,0.007,15.427,0.006,-10.6,0.0224,0.0022,2.27E-06,CSPI,Ia-91T,0.973,0,0,0.366,0.01081665383,-3.60E-05,9.63,9.98,10.16,-1,-1,UGC 5378,
SN2007af,0.00546,0.00629,0.949,0.002,13.119,0.005,-8.9,0.0338,0.0034,3.23E-06,CSPI,Ia,0.927,0,0,0.065,0.007071067812,-2.50E-05,9.69,9.82,9.87,31.772,0.052,N5584,c
SN2007ai,0.03164,0.0319867,1.195,0.015,16.847,0.008,-0.6,0.286,0.0286,1.76E-06,CSPI,Ia-91T,0.985,0,0,0.182,0.01360147051,-6.40E-05,9.76,9.91,10.18,-1,-1,MCG -04-38-004,
SN2007al,0.0121133,0.0132629,0.385,0.006,16.62,0.015,-0.3,0.036,0.0036,1.20E-05,CSPI,Ia-91bg,0.971,0,0,0.7,0.025,-0.000225,9.33,9.47,9.91,-1,-1,2MASX J09591870-1928233,
SN2007as,0.01756,0.0178967,0.89,0.004,15.409,0.005,-0.5,0.1229,0.0123,1.24E-06,CSPI,Ia,0.98,0,0,0.08,0.008602325267,-2.50E-05,10.24,10.36,10.43,-1,-1,ESO 18-G18,
SN2007ax,0.0068567,0.0076367,0.404,0.008,15.504,0.016,-2.9,0.0446,0.0045,3.00E-05,CSPI,Ia-91bg,0.924,0,0,0.689,0.02561249695,-0.000256,10.13,10.23,10.29,-1,-1,NGC 2577,
SN2007ba,0.0384867,0.0390533,0.556,0.008,17.426,0.012,-7.1,0.0315,0.0032,4.51E-05,CSPI,Ia-91bg,0.796,0,0,0.328,0.01920937271,-0.000144,10.9,10.99,11.06,-1,-1,UGC 9798,
SN2007bc,0.0207567,0.02185,0.909,0.005,15.825,0.005,-2.8,0.0186,0.0019,1.86E-06,CSPI,Ia,0.983,0,0,0.033,0.008602325267,-2.50E-05,10.65,10.73,10.78,-1,-1,UGC 6332,
SN2007bd,0.0309967,0.0318267,0.917,0.006,16.568,0.01,-9.6,0.0289,0.0029,8.91E-06,CSPI,Ia,0.984,0,0,-0.001,0.01562049935,-0.0001,10.68,10.82,10.89,-1,-1,UGC 4455,
SN2007bm,0.0062067,0.00744,0.906,0.006,14.003,0.006,-0.7,0.0354,0.0035,-2.17E-06,CSPI,Ia,0.958,0,0,0.421,0.01,-3.60E-05,10.09,10.27,10.72,-1,-1,NGC 3672,
SN2007ca,0.0140567,0.01507,1.077,0.012,15.63,0.007,-9,0.057,0.0057,2.07E-06,CSPI,Ia,0.979,0,0,0.26,0.009899494937,-4.90E-05,9.52,9.69,9.74,-1,-1,MCG -02-34-61,
SN2007cg,0.0331733,0.0341676,1.069,0.053,17.522,0.059,8,0.0686,0.0069,-0.000727,CSPI,Ia,0.39,0,0,0.688,0.0970051545,-0.003481,10.33,10.37,10.43,-1,-1,ESO 508-G75,
SN2007hj,0.0141033,0.0128818,0.636,0.005,15.415,0.006,-1.5,0.0747,0.0075,8.37E-06,CSPI,Ia,0.961,0,0,0.216,0.009219544457,-3.60E-05,10.3,10.45,10.89,-1,-1,NGC 7461,
SN2007hx,0.07976,0.0788733,1.017,0.03,19.042,0.043,0.6,0.0299,0.003,-1.47E-05,CSPI,Ia,0.985,0,0,0.217,0.07381734214,-0.001849,10.45,10.55,10.62,-1,-1,SDSS J020627.93-005353.0,
SN2007jd,0.0725833,0.0719112,0.893,0.035,18.748,0.049,0.3,0.066,0.0066,-5.43E-05,CSPI,Ia,0.942,0,0,0.095,0.07981227976,-0.002401,9.93,10.13,10.18,-1,-1,SDSS J025953.65+010936.1,
SN2007jg,0.0371067,0.0365767,0.94,0.006,17.231,0.006,-3,0.0904,0.009,1.10E-05,CSPI,Ia,0.974,0,0,0.03,0.01,-3.60E-05,7.95,8.1,8.22,-1,-1,SDSS J032950.83+000316.0,
SN2007jh,0.0407667,0.0402667,0.6,0.015,18.033,0.017,-2.9,0.0902,0.009,0.0001085,CSPI,Ia-86G,0.981,0,0,0.272,0.0262488095,-0.000289,10.89,10.99,11.04,-1,-1,CGCG 391-014,
SN2007le,0.0067167,0.0055233,1.019,0.004,13.599,0.004,-6.7,0.0287,0.0029,3.12E-06,CSPI,Ia,0.955,0,0,0.292,0.006403124237,-1.60E-05,9.71,9.85,10.16,-1,-1,NGC 7721,
SN2007mm,0.066354,0.0688733,0.506,0.016,19.222,0.022,-7.2,0.0313,0.0031,0.0001274,CSPI,Ia-86G,0.983,0,0,0.406,0.03720215048,-0.000484,11.36,11.36,11.36,-1,-1,SHK 035,
SN2007nq,0.045,0.0439033,0.78,0.006,17.371,0.007,-1.2,0.0312,0.0031,-5.86E-06,CSPI,Ia,0.952,0,0,0.059,0.01140175425,-4.90E-05,11.15,11.21,11.28,-1,-1,UGC 595,
SN2007ol,0.05587,0.054882,0.678,0.029,18.122,0.022,-3.6,0.0215,0.0022,0.0001347,CSPI,Ia,0.972,0,0,-0.073,0.02906888371,-0.000484,9.71,9.82,9.93,-1,-1,2MASX J01372378-0018422,
SN2007on,0.00649,0.0061833,0.588,0.003,12.916,0.008,-8.4,0.0098,0.001,4.66E-06,CSPI,Ia,0.957,0,0,0.116,0.01204159458,-6.40E-05,10.78,11.04,11.45,-1,-1,NGC 1404,
SN2007so,0.0296667,0.0289285,0.923,0.009,16.334,0.04,24,0.1161,0.0116,-5.79E-05,CSPI,Ia,,0,0,0.012,0.0780320447,-0.0016,10.89,10.97,11.07,-1,-1,NGC 1109,
SN2007sr,0.0054733,0.0066557,0.988,0.017,12.649,0.035,6.4,0.0398,0.004,-3.95E-06,CSPI,Ia,0.198,0,0,0.145,0.0586003413,-0.001225,9.85,10.05,10.17,31.603,0.116,N4038,c
SN2007st,0.0211667,0.0206508,0.862,0.022,15.686,0.05,4.3,0.0143,0.0014,-2.07E-05,CSPI,Ia,0.951,0,0,0.148,0.08360023923,-0.0025,10.85,10.95,11.4,-1,-1,NGC 692,
SN2007ux,0.0308933,0.031996,0.624,0.006,17.194,0.006,-0.3,0.0386,0.0039,2.78E-06,CSPI,Ia-86G,0.981,0,0,0.213,0.01,-3.60E-05,10.23,10.3,10.34,-1,-1,2MASX J10091969+1459268,
SN2008C,0.01661,0.0170667,0.969,0.024,15.498,0.044,3.5,0.072,0.0072,-5.16E-05,CSPI,Ia,0.981,0,0,0.165,0.07440430095,-0.001936,10.35,10.49,10.55,-1,-1,UGC 3611,
SN2008O,0.03883,0.039318,0.683,0.01,17.834,0.01,-1.3,0.0763,0.0076,1.91E-05,CSPI,Ia,0.986,0,0,0.314,0.01640121947,-0.0001,11.12,11.33,11.59,-1,-1,ESO 256-G11,
SN2008R,0.0134933,0.0128867,0.633,0.006,15.15,0.007,-1.3,0.0618,0.0062,9.70E-06,CSPI,Ia,0.976,0,0,0.12,0.01063014581,-4.90E-05,11.07,11.25,11.31,-1,-1,NGC 1200,
SN2008ar,0.02613,0.0272474,0.975,0.004,16.223,0.007,-7.1,0.0311,0.0031,1.41E-05,CSPI,Ia,0.984,0,0,0.009,0.01140175425,-4.90E-05,10.11,10.21,10.28,-1,-1,IC 3284,
SN2008bc,0.0150767,0.0157067,1.058,0.005,14.776,0.004,-7.2,0.2251,0.0225,-5.27E-06,CSPI,Ia,0.979,0,0,-0.028,0.005656854249,-1.60E-05,9.95,10.1,10.23,-1,-1,KK 1524,
SN2008bd,0.0300833,0.0312803,0.656,0.04,17.335,0.042,16.2,0.0751,0.0075,0.001177,CSPI,Ia-91bg,,0,0,0.345,0.06762396025,-0.001764,10.99,11.07,11.13,-1,-1,MCG -02-26-42,
SN2008bf,0.0234837,0.0245538,1.019,0.004,15.757,0.004,-7.2,0.0296,0.003,3.51E-06,CSPI,Ia,0.982,0,0,-0.046,0.006403124237,-1.60E-05,11.4,11.4,11.4,-1,-1,NGC4055/4057,
SN2008bi,0.0134367,0.0143882,0.512,0.023,16.422,0.071,7.4,0.037,0.0037,5.73E-05,CSPI,Ia-91bg,0.972,0,0,0.579,0.129247824,-0.005041,10.27,10.38,10.48,-1,-1,NGC 2618,
SN2008bq,0.0339767,0.0344433,1.146,0.009,16.668,0.006,-0.2,0.0774,0.0077,2.27E-05,CSPI,Ia,0.983,0,0,0.045,0.009219544457,-3.60E-05,10.74,10.82,10.91,-1,-1,ESO 308-G25,
SN2008bt,0.0153533,0.0165796,0.492,0.008,16.236,0.009,-1.2,0.0445,0.0044,2.19E-05,CSPI,Ia-91bg,0.979,0,0,0.525,0.01345362405,-8.10E-05,10.7,10.85,10.91,-1,-1,NGC 3404,
SN2008bz,0.0602367,0.0613265,0.944,0.023,17.996,0.039,1.4,0.0226,0.0023,-3.25E-05,CSPI,Ia,0.957,0,0,-0.043,0.06420280368,-0.001521,10.44,10.5,10.56,-1,-1,2MASX J12385810+1107502,
SN2008cc,0.0103867,0.0101222,0.809,0.018,14.178,0.038,8.4,0.0355,0.0035,-1.65E-05,CSPI,Ia,0.965,0,0,0.16,0.06603029608,-0.001444,10.4,10.48,10.64,-1,-1,ESO 107-G4,
SN2008cd,0.0074067,0.0084623,1.08,0.144,17.147,0.073,9.3,0.0592,0.0059,3.70E-05,CSPI,Ia,0.87,0,0,1.662,0.1362130684,-0.005329,9.43,9.54,9.64,-1,-1,NGC 5038,
SN2008cf,0.0459682,0.0468269,1.093,0.036,17.046,0.038,0.9,0.0577,0.0058,-2.03E-05,CSPI,Ia,0.986,0,0,0.011,0.06280127387,-0.001444,8.59,8.73,8.97,-1,-1,,
SN2008ff,0.0191933,0.0186725,1.087,0.009,15.224,0.009,19.5,0.0436,0.0044,-3.87E-05,CSPI,Ia,0.981,0,0,0.179,0.01835755975,-8.10E-05,10.8,10.8,10.8,-1,-1,PGC 64319,
SN2008fl,0.0199,0.0194172,0.882,0.017,15.625,0.035,3,0.1569,0.0157,-5.00E-06,CSPI,Ia,0.982,0,0,0.056,0.05940538696,-0.001225,10.87,10.94,11.01,-1,-1,NGC 6805,
SN2008fp,0.00566,0.0062867,1.103,0.008,13.456,0.004,-5.5,0.1686,0.0169,1.42E-05,CSPI,Ia,0.944,0,0,0.48,0.006403124237,-1.60E-05,10.15,10.2,10.63,-1,-1,ESO 428-G14,
SN2008fr,0.0389733,0.0379062,1.043,0.026,16.833,0.044,7.8,0.0395,0.004,-0.0001108,CSPI,Ia,0.981,0,0,-0.01,0.07200694411,-0.001936,7.58,7.73,7.92,-1,-1,anonymous,
SN2008fu,0.05237,0.0518336,0.824,0.024,17.751,0.048,7,0.018,0.0018,-7.41E-06,CSPI,Ia,0.986,0,0,-0.034,0.08736704184,-0.002304,10.66,10.72,10.8,-1,-1,ESO 480-IG 021,
SN2008fw,0.0085433,0.0095066,1.117,0.024,13.918,0.039,9.1,0.1123,0.0112,5.90E-05,CSPI,Ia-91T,0.971,0,0,0.076,0.06580273551,-0.001521,10.31,10.49,10.61,-1,-1,NGC3261,
SN2008gg,0.0319933,0.0310658,1.058,0.026,16.422,0.039,3.5,0.0195,0.002,-7.73E-05,CSPI,Ia,0.984,0,0,0.15,0.06420280368,-0.001521,10.63,10.73,10.82,-1,-1,NGC 539,
SN2008gl,0.0339933,0.0329459,0.867,0.005,16.79,0.005,-2.9,0.0244,0.0024,7.81E-06,CSPI,Ia,0.977,0,0,0.028,0.007810249676,-2.50E-05,10.81,10.86,10.92,-1,-1,UGC 881,
SN2008go,0.0623667,0.0613133,0.938,0.018,18,0.006,-0.5,0.032,0.0032,-1.36E-06,CSPI,Ia,0.986,0,0,0.042,0.01,-3.60E-05,10.89,10.94,11,-1,-1,2MASX J22104396-2047256,
SN2008gp,0.03339,0.0328233,0.979,0.004,16.461,0.007,-10.6,0.1042,0.0104,1.15E-05,CSPI,Ia,0.985,0,0,-0.03,0.01063014581,-4.90E-05,10.64,10.73,10.79,-1,-1,MCG +00-9-74,
SN2008hj,0.0378667,0.0367224,1.008,0.005,16.791,0.005,-6.3,0.0303,0.003,6.41E-06,CSPI,Ia,0.983,0,0,-0.008,0.007071067812,-2.50E-05,10.2,10.4,10.69,-1,-1,MCG -02-01-014,
SN2008hu,0.0496656,0.050526,0.822,0.024,17.823,0.042,0.1,0.0921,0.0092,1.60E-05,CSPI,Ia,0.985,0,0,0.026,0.07,-0.001764,10.84,10.99,11.07,-1,-1,ESO 561-G18,
SN2008hv,0.01254,0.01358,0.869,0.004,14.787,0.007,-10.7,0.0279,0.0028,6.14E-06,CSPI,Ia,0.973,0,0,-0.046,0.01140175425,-4.90E-05,10.29,10.55,10.67,-1,-1,NGC 2765,
SN2008ia,0.0219833,0.02254,0.836,0.006,15.916,0.011,-3.7,0.1954,0.0195,1.68E-05,CSPI,Ia,0.983,0,0,-0.035,0.01555634919,-0.000121,10.54,10.77,11.23,-1,-1,ESO 125-6,
SN2009D,0.02499,0.024654,1.157,0.007,15.773,0.004,-6.4,0.0441,0.0044,1.33E-05,CSPI,Ia,0.984,0,0,-0.021,0.005656854249,-1.60E-05,10.35,10.43,10.5,-1,-1,ESO 549-G031,
SN2009F,0.0129467,0.01291,0.384,0.007,16.351,0.017,-4.9,0.0895,0.0089,1.81E-05,CSPI,Ia-91bg,0.97,0,0,0.557,0.02549509757,-0.000289,10.61,10.79,11.22,-1,-1,NGC 1725,
SN2009I,0.02615,0.0254309,1.083,0.035,17.53,0.012,-3.7,0.0272,0.0027,3.94E-05,CSPI,Ia,0.969,0,0,0.651,0.01843908891,-0.000144,10.53,10.74,10.88,-1,-1,NGC 1080,
SN2009P,0.0250867,0.0263202,1.082,0.042,16.617,0.013,-0.8,0.0415,0.0042,-2.60E-05,CSPI,Ia,0.982,0,0,0.405,0.02140093456,-0.000169,9.77,9.87,9.95,-1,-1,PGC 34730,
SN2009Y,0.0093467,0.0101034,1.143,0.01,13.846,0.009,-6.6,0.0873,0.0087,5.72E-05,CSPI,Ia,0.97,0,0,0.146,0.01204159458,-8.10E-05,10.66,10.76,10.95,33.094,0.205,N5728,c
SN2009aa,0.02729,0.0284814,0.944,0.004,16.32,0.008,-8.9,0.0295,0.0029,1.12E-05,CSPI,Ia,0.983,0,0,0.013,0.01204159458,-6.40E-05,10.1,10.6,10.8,-1,-1,ESO 570-G20,
SN2009ab,0.0111633,0.0108624,0.901,0.006,14.678,0.007,-9.1,0.1838,0.0184,7.00E-06,CSPI,Ia,0.959,0,0,0.035,0.01063014581,-4.90E-05,10.2,10.35,10.78,-1,-1,UGC 2998,
SN2009ad,0.02838,0.0283174,1.105,0.015,16.172,0.008,-7.7,0.0953,0.0095,3.78E-05,CSPI,Ia,0.984,0,0,0.031,0.0113137085,-6.40E-05,10.5,10.58,10.64,-1,-1,UGC 3236,
SN2009ag,0.0086333,0.0092477,0.967,0.005,14.459,0.009,-1.5,0.218,0.0218,3.60E-06,CSPI,Ia,0.97,0,0,0.149,0.0142126704,-8.10E-05,9.99,10.2,10.6,-1,-1,ESO 492-2,
SN2009al,0.02209,0.0232764,0.922,0.013,16.06,0.017,-3.3,0.0212,0.0021,1.75E-05,CSPI,Ia,0.98,0,0,0.186,0.02780287755,-0.000289,10.66,10.72,10.77,-1,-1,NGC3388,
SN2009cz,0.0211233,0.0219786,1.167,0.011,15.682,0.007,-5.8,0.0221,0.0022,3.06E-05,CSPI,Ia,0.982,0,0,0.019,0.009899494937,-4.90E-05,10.68,10.75,10.84,-1,-1,NGC 2789,
SN2009ds,0.0192467,0.0204662,1.121,0.015,15.376,0.009,-8.7,0.0332,0.0033,5.45E-05,CSPI,Ia,0.982,0,0,0.106,0.01272792206,-8.10E-05,10.62,10.77,10.97,-1,-1,NGC 3905,
SN2009ig,0.0088,0.0080401,1.061,0.014,13.351,0.006,-1.8,0.0269,0.0027,-4.56E-05,,,,,,0.102,0.009219544457,-3.60E-05,10.35,10.35,10.35,32.563,0.074,N1015,c
SN2009le,0.0177733,0.017027,1.088,0.011,15.224,0.006,-10.1,0.0143,0.0014,-1.21E-05,CSPI,Ia,0.976,0,0,0.122,0.008485281374,-3.60E-05,10.66,10.84,11.31,-1,-1,ESO 478-6,
SN2011by,0.002843,0.003405,0.968,0.003,12.861,0.006,-12.7,0.0119,0.0012,1.07E-05,,,,,,-0.006,0.009219544457,-3.60E-05,9.47,9.47,9.47,31.635,0.089,N3972,c
SN2011fe,0.000803,0.0012072,0.97,0.002,9.996,0.004,-15.4,0.0077,0.0008,3.03E-06,,,,,,0.008,0.007211102551,-1.60E-05,10.23,10.23,10.23,29.178,0.041,M101,c
SN2011iy,0.0042633,0.0053357,1.038,0.006,11.91,0.007,15.6,0.0529,0.0053,-2.16E-05,CSPII,Ia,0.9,0,1,0.244,0.01220655562,-4.90E-05,10.21,10.39,10.83,-1,-1,NGC 4984,
SN2011jh,0.0077833,0.0089154,0.789,0.005,14.722,0.005,-8.5,0.0322,0.0032,8.88E-06,CSPII,Ia,0.966,0,1,0.368,0.007810249676,-2.50E-05,10.02,10.09,10.16,-1,-1,NGC 4682,
SN2011jn,0.0474433,0.0485384,0.641,0.021,17.798,0.05,5.4,0.0593,0.0059,-9.85E-06,CSPII,Ia,0.982,1,0,0.121,0.08848163651,-0.0025,11.23,11.35,11.78,-1,-1,2MASX J12571157-1724344,
SN2011jt,0.02778,0.0284695,0.958,0.027,16.466,0.048,5.7,0.0386,0.0039,-0.0001334,CSPII,Ia,0.985,0,1,0.178,0.08241965785,-0.002304,10.25,10.39,10.52,-1,-1,CGCG 048-051,
SN2012E,0.0202367,0.019439,0.846,0.008,15.657,0.006,-1.5,0.0649,0.0065,1.93E-05,CSPII,Ia,0.982,0,1,0.011,0.009219544457,-3.60E-05,10.36,10.54,10.73,-1,-1,NGC 975,
SN2012G,0.0258,0.0268487,1.154,0.006,16.02,0.004,-0.2,0.0205,0.0021,8.95E-06,CSPII,Ia,0.973,0,1,-0.04,0.006403124237,-1.60E-05,9.58,9.73,9.84,-1,-1,IC 0803 NED01,
SN2012U,0.0197233,0.0193386,0.904,0.023,15.516,0.046,9.3,0.0227,0.0023,-4.10E-05,CSPII,Ia,0.975,0,1,-0.019,0.07963039621,-0.002116,10.38,10.56,10.74,-1,-1,ESO 153- G 020,
SN2012ah,0.0123933,0.0123697,0.904,0.022,14.521,0.043,4.6,0.1545,0.0155,-5.86E-05,CSPII,Ia,0.974,0,1,-0.075,0.07220110802,-0.001849,11.5,11.5,11.5,-1,-1,NGC 7637,
SN2012aq,0.0519633,0.0525508,0.995,0.018,17.57,0.037,6.7,0.0338,0.0034,-8.43E-06,CSPII,Ia,0.972,1,0,0.006,0.06300793601,-0.001369,7.63,7.77,8.01,-1,-1,SDSS J145405.13+220540.7,
SN2012ar,0.02824,0.028536,0.807,0.006,16.464,0.004,-1.6,0.2024,0.0202,3.88E-06,CSPII,Ia,0.982,1,1,0.033,0.006403124237,-1.60E-05,10.84,10.94,11.02,-1,-1,2MASX J16203650-1028061,
SN2012bl,0.0186933,0.0181998,1.08,0.016,15.167,0.006,-4.2,0.0297,0.003,-8.54E-07,CSPII,Ia,0.977,0,1,0.044,0.008485281374,-3.60E-05,9.85,10.09,10.24,-1,-1,ESO 234-019,
SN2012bo,0.0254133,0.0265314,1.154,0.007,16.164,0.004,-4.6,0.0447,0.0045,1.58E-05,CSPII,Ia,0.983,0,1,0.012,0.006403124237,-1.60E-05,10.15,10.32,10.4,-1,-1,NGC 4726,
SN2012cg,0.001458,0.0025798,1.013,0.007,11.925,0.005,-17.5,0.0179,0.0018,1.32E-05,,,,,,0.071,0.009433981132,-2.50E-05,9.6,9.7,9.8,30.844,0.128,N4424,c
SN2012fr,0.0054533,0.0051291,1.109,0.004,11.922,0.003,-12.7,0.0177,0.0018,5.43E-06,CSPII,Ia,0.981,0,1,0.013,0.005830951895,-9.00E-06,11.06,11.25,11.32,31.378,0.056,N1365,c
SN2012gm,0.01478,0.013553,0.987,0.004,15.174,0.003,-7.5,0.0393,0.0039,4.36E-06,CSPII,Ia,0.977,0,1,0.173,0.004242640687,-9.00E-06,9.9,10.01,10.08,-1,-1,NGC 7580,
SN2012hd,0.0119433,0.0111341,0.888,0.004,14.776,0.005,-12.3,0.0228,0.0023,3.05E-06,CSPII,Ia,0.973,0,1,0.123,0.007810249676,-2.50E-05,10.38,10.44,10.54,-1,-1,IC 1657,
SN2012hl,0.0329772,0.0318991,0.928,0.022,17.388,0.007,-1.6,0.053,0.0053,1.20E-05,CSPII,Ia,0.939,0,0,0.344,0.01140175425,-4.90E-05,7.18,7.31,7.46,-1,-1,CSS J005017.69+243154.4,
SN2012hr,0.0075567,0.0078716,0.973,0.001,13.614,0.003,-9.4,0.0389,0.0039,1.77E-06,CSPII,Ia,0.966,0,1,0.009,0.004242640687,-9.00E-06,10.21,10.32,10.45,-1,-1,ESO 121- G 026,
SN2012ht,0.0035567,0.0046846,0.868,0.003,13.019,0.007,-13.3,0.0252,0.0025,8.03E-06,CSPII,Ia,,0,1,-0.016,0.009899494937,-4.90E-05,8.06,8.06,8.06,31.936,0.034,N3447,c
SN2012id,0.0157367,0.0155401,0.824,0.033,15.21,0.044,2.9,0.4255,0.0426,-5.81E-05,CSPII,Ia,0.977,0,1,0.055,0.07766595136,-0.001936,9.85,10.01,10.16,-1,-1,2MASX J04424248+1835003,
SN2012ij,0.01099,0.012107,0.536,0.008,15.262,0.012,-4.3,0.0235,0.0024,5.81E-05,CSPII,Ia,0.969,0,1,0.257,0.0162788206,-0.000144,9.8,9.94,10.11,-1,-1,CGCG 097-050,
SN2013E,0.0094067,0.0104565,1.129,0.004,13.692,0.003,-9.7,0.0843,0.0084,8.28E-06,CSPII,Ia,0.951,0,1,0.076,0.004242640687,-9.00E-06,9.83,9.96,9.99,-1,-1,IC 2532,
SN2013H,0.0154767,0.0158792,1.048,0.005,15.452,0.004,-10.5,0.1134,0.0113,-2.76E-06,CSPII,Ia,0.98,0,1,0.186,0.006403124237,-1.60E-05,10.32,10.5,10.6,-1,-1,ESO 036- G 019,
SN2013M,0.03493,0.0357427,0.941,0.005,16.593,0.007,-7.1,0.0719,0.0072,1.18E-05,CSPII,Ia,0.934,1,1,0.023,0.01303840481,-4.90E-05,10.73,10.9,11.04,-1,-1,ESO 325- G 043,
SN2013U,0.0344833,0.0356518,1.213,0.011,16.839,0.006,-3.9,0.0245,0.0025,1.38E-05,CSPII,Ia-91T,0.842,1,1,0.168,0.01,-3.60E-05,10.15,10.27,10.31,-1,-1,CGCG 008-023,
SN2013aa,0.0039967,0.0046654,1.002,0.002,11.176,0.003,-4.8,0.1458,0.0146,2.43E-06,CSPII,Ia,0.888,0,1,-0.078,0.005,-9.00E-06,9.85,9.99,10.12,30.546,0.052,N5643,c
SN2013ad,0.0363748,0.0358694,0.991,0.013,16.131,0.006,-2.7,0.3692,0.0369,1.14E-05,CSPII,Ia,0.639,1,0,-0.089,0.01,-3.60E-05,11.5,11.5,11.5,-1,-1,Anonymous,
SN2013aj,0.00912,0.0100653,0.794,0.005,14.038,0.006,-4.9,0.0316,0.0032,7.45E-06,CSPII,Ia,0.969,0,1,0.052,0.009219544457,-3.60E-05,9.82,9.99,10.38,-1,-1,NGC 5339,
SN2013as,0.0684526,0.0696439,1.007,0.021,18.329,0.039,4.7,0.0336,0.0034,-2.97E-05,CSPII,Ia,0.984,1,0,0.001,0.06580273551,-0.001521,8.43,8.59,8.95,-1,-1,Anonymous,
SN2013ay,0.0157167,0.0156526,0.495,0.019,15.754,0.047,7.5,0.0622,0.0062,-3.97E-05,CSPII,Ia,0.953,0,1,0.53,0.08348652586,-0.002209,10.64,10.72,10.82,-1,-1,IC 4745,
SN2013az,0.0372533,0.037464,0.767,0.028,17.145,0.041,2.4,0.0271,0.0027,-5.99E-05,CSPII,Ia,0.972,1,0,0.084,0.0694046108,-0.001681,10.93,10.99,11.07,-1,-1,ESO 306-016,
SN2013bc,0.02245,0.023528,0.482,0.022,17.436,0.039,0.8,0.0407,0.0041,-4.86E-06,CSPII,Ia,0.98,0,1,0.751,0.06580273551,-0.001521,10.28,10.47,10.55,-1,-1,IC 4209,
SN2013bz,0.01915,0.0201818,1.15,0.009,15.292,0.007,-5,0.0377,0.0038,3.51E-05,CSPII,Ia-91T,0.855,0,1,0.154,0.009899494937,-4.90E-05,9.94,9.98,10.04,-1,-1,2MASX J13265081-1001263,
SN2013cg,0.0079467,0.009009,0.966,0.024,13.761,0.044,4.8,0.0749,0.0075,-6.51E-05,CSPII,Ia,0.97,0,1,0.087,0.07602631123,-0.001936,9.98,10.13,10.27,-1,-1,NGC 2891,
SN2013ct,0.0038,0.0027369,1.002,0.006,11.779,0.006,22.7,0.0244,0.0024,4.72E-06,CSPII,Ia,0.944,0,1,0.064,0.01166190379,-3.60E-05,8.57,8.72,8.89,-1,-1,NGC 428,
SN2013dy,0.003889,0.0028843,1.091,0.007,12.538,0.003,-16.4,0.132,0.0132,3.99E-06,,,,,,0.209,0.005,-9.00E-06,9.09,9.09,9.09,31.628,0.125,N7250,c
SN2013fy,0.0308467,0.0301903,1.17,0.011,16.246,0.006,-5.7,0.023,0.0023,2.65E-05,CSPII,Ia,0.985,1,1,0.023,0.008485281374,-3.60E-05,10.77,10.86,10.96,-1,-1,ESO 287- G 040,
SN2013fz,0.0205933,0.0205517,1.016,0.004,15.412,0.003,-2.7,0.0119,0.0012,8.75E-07,CSPII,Ia,0.98,0,1,0.005,0.004242640687,-9.00E-06,10.61,10.69,10.77,-1,-1,NGC 1578,
SN2013gv,0.0340967,0.0334585,0.846,0.008,16.778,0.008,-6.3,0.1434,0.0143,3.10E-05,CSPII,Ia,0.973,1,1,-0.018,0.01204159458,-6.40E-05,11.16,11.27,11.56,-1,-1,IC 1890,
SN2013gy,0.0140133,0.0135587,0.911,0.003,14.705,0.004,-15.4,0.0485,0.0049,1.82E-06,CSPII,Ia,0.976,0,1,-0.008,0.006403124237,-1.60E-05,8.98,9,9.16,-1,-1,NGC 1418,
SN2013hh,0.01298,0.0141046,1.19,0.028,16.628,0.039,0.9,0.0247,0.0025,-3.93E-05,CSPII,Ia-91T,0.928,0,1,0.566,0.065,-0.001521,9.41,9.59,9.69,-1,-1,UGC 06483,
SN2013hn,0.01513,0.0160268,0.823,0.026,14.949,0.039,1.4,0.0529,0.0053,-1.13E-05,CSPII,Ia,0.98,0,1,-0.063,0.06661080993,-0.001521,10.84,10.99,11.07,-1,-1,IC 4329,
SN2014D,0.0081733,0.0092489,0.958,0.023,16.685,0.041,2.7,0.0257,0.0026,-4.69E-05,CSPII,Ia,0.039,0,1,0.566,0.0694046108,-0.001681,8.15,8.26,8.38,-1,-1,UGC 07170,
SN2014I,0.0299933,0.0302041,0.913,0.003,16.284,0.004,-7.2,0.0207,0.0021,2.19E-06,CSPII,Ia,0.98,1,1,0.012,0.006403124237,-1.60E-05,10.76,10.9,11.31,-1,-1,ESO 487-G36,
SN2014Z,0.02126,0.0209246,0.992,0.03,15.55,0.036,2,0.0246,0.0025,-5.84E-05,CSPII,Ia,0.983,0,1,-0.01,0.06080296045,-0.001296,10.66,10.75,10.81,-1,-1,ESO 114- G 004,
SN2014ao,0.0140733,0.015028,0.888,0.006,16.31,0.005,-1.7,0.0282,0.0028,1.55E-06,CSPII,Ia,0.979,0,1,0.609,0.007810249676,-2.50E-05,10.47,10.57,10.74,-1,-1,NGC 2615,
SN2014at,0.03222,0.031543,0.95,0.003,16.423,0.004,-5.5,0.0164,0.0016,6.08E-06,CSPII,Ia,0.984,1,1,-0.034,0.006403124237,-1.60E-05,11.08,11.25,11.4,-1,-1,NGC7119,
SN2014ba,0.0058367,0.0049902,0.338,0.02,15.177,0.058,6.8,0.0102,0.001,-4.48E-05,CSPII,Ia-91bg,0.954,0,1,0.944,0.09402127419,-0.003364,10.56,10.64,11.06,-1,-1,NGC 7410,
SN2014dl,0.0329433,0.0331433,1.206,0.011,16.011,0.005,-7.7,0.0547,0.0055,2.26E-05,CSPII,Ia-91T,0.694,1,0,0.02,0.007810249676,-2.50E-05,9.19,9.48,9.68,-1,-1,UGC 10414,
SN2014dn,0.0221733,0.0221408,0.466,0.005,17.007,0.006,-0.3,0.0161,0.0016,2.28E-06,CSPII,Ia,0.982,0,0,0.653,0.01,-3.60E-05,10.58,10.65,10.72,-1,-1,IC 2060,
SN2014eg,0.01862,0.018331,1.177,0.01,15.255,0.006,-5.9,0.0257,0.0026,2.07E-05,CSPII,Ia-91T,0.947,0,1,0.257,0.009219544457,-3.60E-05,11.47,11.62,11.73,-1,-1,ESO 154- G 010,
SN2015F,0.0048867,0.0052804,0.887,0.003,12.695,0.004,-14.6,0.1749,0.0175,2.94E-06,CSPII,Ia,0.987,0,1,0.058,0.007211102551,-1.60E-05,10.97,10.97,10.97,31.45,0.064,N2442,c
SNhunt281,0.0040667,0.004706,0.693,0.003,13.65,0.005,-12,0.0454,0.0045,4.96E-06,CSPII,Ia,0.947,0,1,0.045,0.007071067812,-2.50E-05,9.66,9.75,9.85,-1,-1,NGC 5839,