sn,zhel,zcmb,st,est,Mmax,eMmax,t0,EBVmw,eEBVmw,covMs,sample,subtype,quality,cosmo,phys,BV,eBV,covBV_M,ml,m,mu,host,dist,edist,caltype,Ho,eHo,meth,kmag,ekmag,dsbf,ed
ASAS14ad,0.0264,0.0274352,1.013,0.004,17.23,0.061,11.2,0.0159,0.0016,5.421e-06,CSPII,Ia,0.973,0,1,-0.03,0.011,0.0,8.23,8.61,8.78,N/A,-1.0,-1.0,none,,,,,,,
ASAS14hp,0.0388933,0.0386676,1.077,0.01,17.641,0.025,4.1,0.0295,0.0029,1.978e-05,CSPII,Ia,0.984,1,0,-0.055,0.005,0.0,8.98,9.09,9.15,N/A,-1.0,-1.0,none,,,,,,,
ASAS14hr,0.0335967,0.0327196,0.803,0.009,17.39,0.051,1.7,0.0131,0.0013,-8.493e-06,CSPII,Ia,0.985,1,0,0.053,0.013,0.0,10.18,10.34,10.45,N/A,-1.0,-1.0,none,,,,,,,
ASAS14hu,0.0215851,0.0218919,1.05,0.007,16.467,0.015,-1.4,0.0612,0.0061,1.754e-05,CSPII,Ia,0.983,0,1,-0.052,0.006,0.0,9.8,9.93,10.24,N/A,-1.0,-1.0,none,,,,,,,
ASAS14jc,0.0113167,0.0117796,0.914,0.005,14.968,0.046,9.2,0.1346,0.0135,1.137e-05,CSPII,Ia,0.962,0,1,0.426,0.01,0.0,9.32,9.46,9.77,N/A,-1.0,-1.0,none,,,,,,,
ASAS14jg,0.0148167,0.014347,1.3,0.017,15.533,0.04,9.8,0.0128,0.0013,-1.272e-05,CSPII,Ia,0.961,0,1,0.068,0.059,0.0,8.57,8.76,8.88,N/A,-1.0,-1.0,none,,,,,,,
ASAS14jz,0.0157891,0.0156168,0.985,0.005,15.34,0.034,-4.1,0.0472,0.0047,-9.462e-06,CSPII,Ia,0.952,0,0,-0.045,0.006,0.0,8.11,8.23,8.35,N/A,-1.0,-1.0,none,,,,,,,
ASAS14kd,0.0243,0.0230683,1.174,0.007,16.363,0.075,14.5,0.0574,0.0057,-7.291e-06,CSPII,Ia-91T,0.941,0,0,0.221,0.007,0.0,10.03,10.14,10.23,N/A,-1.0,-1.0,none,,,,,,,
ASAS14lp,0.0050967,0.0062254,1.027,0.004,12.363,0.014,-8.5,0.0213,0.0021,7.614e-06,CSPII,Ia,0.335,0,1,0.237,0.006,0.0,10.6,10.74,10.91,N/A,-1.0,-1.0,none,,,,,,,
ASAS14lq,0.0261733,0.0250833,1.005,0.024,16.98,0.089,13.0,0.0275,0.0028,3.217e-05,CSPII,Ia,0.977,0,1,0.013,0.078,0.0,10.46,10.65,10.73,N/A,-1.0,-1.0,none,,,,,,,
ASAS14lt,0.0320233,0.0314552,0.947,0.008,17.105,0.032,0.9,0.0474,0.0047,2.914e-06,CSPII,Ia,0.984,1,0,-0.034,0.016,0.0,10.56,10.64,10.7,N/A,-1.0,-1.0,none,,,,,,,
ASAS14lw,0.0208855,0.0202609,1.156,0.009,16.516,0.049,-4.8,0.0117,0.0012,2.512e-05,CSPII,Ia,0.939,0,1,-0.01,0.011,0.0,6.08,6.35,6.72,N/A,-1.0,-1.0,none,,,,,,,
ASAS14me,0.0178,0.017386,1.078,0.005,15.997,0.039,5.9,0.0175,0.0018,1.005e-05,CSPII,Ia,0.981,0,1,0.001,0.006,0.0,8.91,9.05,9.15,N/A,-1.0,-1.0,none,,,,,,,
ASAS14mw,0.0273867,0.0271207,1.063,0.007,16.899,0.016,-0.3,0.0179,0.0018,8.659e-06,CSPII,Ia,0.984,1,1,-0.042,0.005,0.0,10.59,10.68,10.75,N/A,-1.0,-1.0,none,,,,,,,
ASAS14my,0.0205,0.0217279,0.921,0.005,16.277,0.02,-3.8,0.0316,0.0032,1.462e-06,CSPII,Ia,0.975,0,1,0.007,0.01,0.0,10.11,10.31,10.74,N/A,-1.0,-1.0,none,,,,,,,
ASAS15aj,0.0109133,0.0120218,0.83,0.007,14.876,0.028,2.2,0.0656,0.0066,3.01e-05,CSPII,Ia,0.952,0,1,0.095,0.009,0.0,11.05,11.2,11.35,N/A,-1.0,-1.0,none,,,,,,,
ASAS15al,0.0337766,0.0337612,1.079,0.027,17.668,0.05,23.7,0.0293,0.0029,4.441e-05,CSPII,Ia,0.916,1,0,0.043,0.059,0.0,8.03,8.07,8.23,N/A,-1.0,-1.0,none,,,,,,,
ASAS15as,0.0286801,0.0297845,1.077,0.014,17.191,0.036,16.0,0.0398,0.004,-3.904e-06,CSPII,Ia,0.985,1,1,0.018,0.008,0.0,7.47,7.66,8.01,N/A,-1.0,-1.0,none,,,,,,,
ASAS15ba,0.0231167,0.0239771,0.965,0.004,16.814,0.041,9.4,0.0223,0.0022,6.377e-06,CSPII,Ia,0.983,0,1,0.0,0.006,0.0,7.83,7.99,8.19,N/A,-1.0,-1.0,none,,,,,,,
ASAS15be,0.0218833,0.0213892,1.14,0.005,16.575,0.015,4.1,0.0167,0.0017,4.425e-06,CSPII,Ia,0.976,0,1,0.008,0.006,0.0,7.66,7.8,8.16,N/A,-1.0,-1.0,none,,,,,,,
ASAS15bm,0.0207856,0.0214395,0.989,0.005,16.333,0.019,-0.2,0.069,0.0069,5.783e-06,CSPII,Ia,0.976,0,1,0.119,0.01,0.0,9.89,10.02,10.15,N/A,-1.0,-1.0,none,,,,,,,
ASAS15cb,0.04001,0.0411361,1.088,0.052,17.392,0.067,7.4,0.0279,0.0028,0.0004595,CSPII,Ia,0.583,1,0,0.102,0.079,0.0,10.17,10.28,10.4,N/A,-1.0,-1.0,none,,,,,,,
ASAS15cd,0.0342863,0.0353887,1.001,0.005,17.575,0.018,0.9,0.0261,0.0026,6.798e-06,CSPII,Ia,0.983,1,0,-0.03,0.009,0.0,9.85,9.95,10.02,N/A,-1.0,-1.0,none,,,,,,,
ASAS15db,0.01099,0.0113676,0.953,0.003,14.977,0.029,17.3,0.029,0.0029,2.885e-06,CSPII,Ia,0.975,0,0,0.078,0.007,0.0,9.98,10.11,10.19,N/A,-1.0,-1.0,none,,,,,,,
ASAS15dd,0.0243567,0.0247417,0.849,0.006,16.279,0.035,14.9,0.0461,0.0046,9.761e-06,CSPII,Ia,0.962,0,0,-0.017,0.009,0.0,10.31,10.41,10.52,N/A,-1.0,-1.0,none,,,,,,,
ASAS15fr,0.0334133,0.0345082,0.905,0.021,17.507,0.043,5.0,0.0321,0.0032,-3.138e-06,CSPII,Ia-91T,0.978,1,1,-0.147,0.066,0.0,9.89,9.98,10.06,N/A,-1.0,-1.0,none,,,,,,,
ASAS15ga,0.0066267,0.0076517,0.5,0.031,14.68,0.186,1.2,0.0236,0.0024,-0.0002897,CSPII,Ia-91bg,0.966,0,1,0.421,0.051,0.0,10.18,10.38,10.48,N/A,-1.0,-1.0,none,,,,,,,
ASAS15go,0.01891,0.0192546,1.072,0.011,16.248,0.03,0.4,0.1369,0.0137,4.286e-06,CSPII,Ia,0.981,0,1,0.214,0.006,0.0,10.04,10.18,10.27,N/A,-1.0,-1.0,none,,,,,,,
ASAS15gr,0.0242832,0.0247678,1.031,0.006,16.648,0.042,15.0,0.0823,0.0082,8.014e-06,CSPII,Ia,0.983,0,1,-0.046,0.006,0.0,8.82,8.94,9.02,N/A,-1.0,-1.0,none,,,,,,,
ASAS15hf,0.0061733,0.0072452,0.939,0.005,14.426,0.051,4.6,0.0854,0.0085,7.357e-06,CSPII,Ia,0.961,0,1,0.004,0.01,0.0,9.39,9.56,9.97,N/A,-1.0,-1.0,none,,,,,,,
ASAS15hx,0.0083,0.0092051,1.034,0.004,14.082,0.013,-6.8,0.0415,0.0042,-1.905e-06,CSPII,Ia,0.909,0,1,-0.035,0.005,0.0,7.06,7.45,7.89,N/A,-1.0,-1.0,none,,,,,,,
CSP12G,0.0369744,0.0379661,1.158,0.029,17.745,0.058,13.4,0.0283,0.0028,-4.694e-05,CSPII,Ia,0.985,1,0,0.109,0.075,0.0,8.29,8.41,8.49,N/A,-1.0,-1.0,none,,,,,,,
CSP13N,0.04776,0.0487969,1.145,0.024,17.981,0.033,17.7,0.0238,0.0024,3.474e-06,CSPII,Ia-91T,0.976,1,0,-0.015,0.065,0.0,9.88,10.07,10.24,N/A,-1.0,-1.0,none,,,,,,,
CSP13abl,0.0403721,0.0406288,0.812,0.05,17.955,0.061,0.8,0.0862,0.0086,-0.0004676,CSPII,Ia,0.42,1,0,1.061,0.063,0.0,8.9,8.91,9.04,N/A,-1.0,-1.0,none,,,,,,,
CSP14aar,0.0421708,0.0423854,0.982,0.01,17.911,0.074,14.3,0.0934,0.0093,6.581e-05,CSPII,Ia,0.986,1,0,-0.016,0.009,0.0,8.9,9.07,9.42,N/A,-1.0,-1.0,none,,,,,,,
CSP14abk,0.0797448,0.0797387,0.963,0.025,18.061,0.093,2.7,0.0663,0.0066,0.0001701,CSPII,Ia,0.0,0,0,0.082,0.028,0.0,11.5,11.5,11.5,N/A,-1.0,-1.0,none,,,,,,,
CSP14abn,0.0225,0.0232746,1.004,0.004,16.425,0.013,3.1,0.0747,0.0075,-8.365e-07,CSPII,Ia,0.976,0,0,-0.036,0.004,0.0,9.59,9.75,10.24,N/A,-1.0,-1.0,none,,,,,,,
CSP14adc,0.03244,0.031651,0.815,0.009,17.46,0.031,1.6,0.0949,0.0095,-7.872e-06,CSPII,Ia,0.976,1,1,0.219,0.011,0.0,10.67,10.81,11.14,N/A,-1.0,-1.0,none,,,,,,,
CSP15aae,0.0161833,0.0169733,0.505,0.005,16.366,0.035,13.4,0.0226,0.0023,4.523e-05,CSPII,Ia-91bg,0.981,0,1,0.455,0.011,0.0,10.96,11.14,11.26,N/A,-1.0,-1.0,none,,,,,,,
KISS15m,0.02432,0.0253844,0.429,0.009,17.591,0.038,-6.1,0.0277,0.0028,7.846e-05,CSPII,Ia-91bg,0.958,0,0,0.62,0.031,0.0,9.67,9.78,9.94,N/A,-1.0,-1.0,none,,,,,,,
KISS15n,0.023084,0.0239783,1.241,0.009,16.243,0.06,5.7,0.0088,0.0009,-1.184e-05,CSPII,Ia-91T,0.85,0,1,0.102,0.009,0.0,7.8,8.0,8.17,N/A,-1.0,-1.0,none,,,,,,,
LSQ11bk,0.0402721,0.0400251,1.071,0.015,17.919,0.025,3.6,0.0936,0.0094,3.849e-05,CSPII,Ia,0.967,1,0,-0.079,0.011,0.0,6.5,6.53,6.59,N/A,-1.0,-1.0,none,,,,,,,
LSQ11ot,0.02732,0.0273222,0.982,0.003,17.299,0.016,4.0,0.1581,0.0158,2.6e-06,CSPII,Ia,0.976,1,1,0.318,0.006,0.0,10.0,10.17,10.22,N/A,-1.0,-1.0,none,,,,,,,
LSQ11pn,0.0326533,0.0326611,0.507,0.008,17.269,0.033,-1.0,0.1457,0.0146,-2.473e-05,CSPII,Ia,0.948,1,1,0.285,0.018,0.0,10.52,10.7,10.8,N/A,-1.0,-1.0,none,,,,,,,
LSQ12bld,0.0833623,0.084303,0.892,0.01,19.277,0.092,0.6,0.0233,0.0023,6.334e-07,CSPII,Ia,0.987,1,0,0.101,0.016,0.0,10.42,10.55,10.64,N/A,-1.0,-1.0,none,,,,,,,
LSQ12btn,0.0541733,0.0552706,0.832,0.009,18.473,0.051,3.0,0.0333,0.0033,0.0001075,CSPII,Ia,0.986,1,0,0.098,0.011,0.0,10.84,10.9,10.94,N/A,-1.0,-1.0,none,,,,,,,
LSQ12fuk,0.0205857,0.0205571,1.003,0.006,16.37,0.034,5.2,0.0714,0.0071,1.712e-06,CSPII,Ia,0.982,0,1,-0.009,0.012,0.0,8.2,8.34,8.45,N/A,-1.0,-1.0,none,,,,,,,
LSQ12fvl,0.05593,0.055977,0.61,0.008,18.936,0.05,-2.5,0.0179,0.0018,1.02e-05,CSPII,Ia,0.981,1,0,0.251,0.016,0.0,10.55,10.74,10.93,N/A,-1.0,-1.0,none,,,,,,,
LSQ12fxd,0.03122,0.0313344,1.161,0.006,17.023,0.021,-5.5,0.0217,0.0022,-1.292e-06,CSPII,Ia,0.98,1,1,-0.008,0.006,0.0,10.16,10.28,10.4,N/A,-1.0,-1.0,none,,,,,,,
LSQ12gdj,0.0303033,0.0292813,1.167,0.007,16.904,0.036,4.3,0.0199,0.002,1.011e-06,CSPII,Ia-91T,0.969,1,1,-0.035,0.007,0.0,8.36,8.66,8.76,N/A,-1.0,-1.0,none,,,,,,,
LSQ12hno,0.0472673,0.0468084,0.989,0.015,18.065,0.03,4.3,0.0994,0.0099,-6.322e-06,CSPII,Ia,0.983,1,0,0.046,0.01,0.0,7.64,7.7,7.9,N/A,-1.0,-1.0,none,,,,,,,
LSQ12hvj,0.0712507,0.0723911,1.206,0.014,18.854,0.038,-1.7,0.0458,0.0046,4.658e-05,CSPII,Ia,0.986,1,0,0.08,0.009,0.0,8.79,9.05,9.22,N/A,-1.0,-1.0,none,,,,,,,
LSQ12hxx,0.06936,0.0689135,1.204,0.023,18.938,0.071,2.8,0.0153,0.0015,-0.0001299,CSPII,Ia,0.986,1,0,0.077,0.017,0.0,10.28,10.45,10.58,N/A,-1.0,-1.0,none,,,,,,,
LSQ12hzj,0.0334,0.0345752,0.97,0.004,17.489,0.034,0.3,0.0569,0.0057,-7.907e-07,CSPII,Ia,0.985,1,1,-0.07,0.007,0.0,9.32,9.35,9.73,N/A,-1.0,-1.0,none,,,,,,,
LSQ12hzs,0.07208,0.0718169,1.145,0.012,19.024,0.037,-1.1,0.0227,0.0023,1.202e-05,CSPII,Ia,0.985,1,0,0.1,0.011,0.0,9.88,10.02,10.42,N/A,-1.0,-1.0,none,,,,,,,
LSQ13cwp,0.0666,0.0662474,0.94,0.016,18.893,0.093,2.9,0.1326,0.0133,6.723e-06,CSPII,Ia,0.986,1,0,0.086,0.02,0.0,10.39,10.54,10.7,N/A,-1.0,-1.0,none,,,,,,,
LSQ13dpm,0.0508648,0.0520617,1.055,0.009,18.305,0.018,-2.4,0.0529,0.0053,6.429e-06,CSPII,Ia,0.984,1,0,-0.013,0.005,0.0,9.06,9.17,9.6,N/A,-1.0,-1.0,none,,,,,,,
LSQ13dsm,0.0423707,0.0419767,0.908,0.004,17.687,0.046,0.7,0.0088,0.0009,2.186e-07,CSPII,Ia,0.984,1,0,-0.024,0.008,0.0,8.85,9.01,9.14,N/A,-1.0,-1.0,none,,,,,,,
LSQ13lq,0.0755477,0.0765051,1.054,0.012,18.983,0.055,5.2,0.0215,0.0022,4.43e-05,CSPII,Ia,0.951,1,0,-0.076,0.006,0.0,8.0,8.44,8.63,N/A,-1.0,-1.0,none,,,,,,,
LSQ13pf,0.0860404,0.0870045,0.917,0.038,19.641,0.173,6.8,0.0558,0.0056,-5.637e-05,CSPII,Ia-91T,0.957,1,0,0.216,0.072,0.0,10.14,10.26,10.44,N/A,-1.0,-1.0,none,,,,,,,
LSQ13ry,0.0298367,0.031032,0.88,0.006,17.402,0.042,-7.7,0.0403,0.004,1.065e-05,CSPII,Ia,0.971,1,1,-0.05,0.011,0.0,9.54,9.64,9.7,N/A,-1.0,-1.0,none,,,,,,,
LSQ13vy,0.0417711,0.0421068,0.892,0.005,17.953,0.115,10.7,0.0676,0.0068,1.701e-05,CSPII,Ia,0.985,1,0,0.075,0.008,0.0,10.15,10.17,10.33,N/A,-1.0,-1.0,none,,,,,,,
LSQ14ahc,0.0508648,0.0517592,1.252,0.01,18.084,0.035,-3.1,0.0461,0.0046,1.21e-05,CSPII,Ia,0.986,1,0,-0.02,0.011,0.0,8.89,9.13,9.62,N/A,-1.0,-1.0,none,,,,,,,
LSQ14ahm,0.0497655,0.0509869,1.161,0.009,18.154,0.043,-6.2,0.0274,0.0027,-1.039e-05,CSPII,Ia,0.986,1,0,-0.059,0.011,0.0,8.03,8.2,8.37,N/A,-1.0,-1.0,none,,,,,,,
LSQ14ba,0.0775463,0.0787677,0.959,0.006,19.394,0.1,10.6,0.0493,0.0049,2.807e-05,CSPII,Ia,0.986,1,0,0.034,0.013,0.0,9.3,9.47,9.87,N/A,-1.0,-1.0,none,,,,,,,
LSQ14foj,0.0460667,0.0451705,1.015,0.01,18.108,0.049,-6.5,0.0121,0.0012,8.098e-06,CSPII,Ia,0.986,1,0,0.047,0.011,0.0,8.33,8.44,8.7,N/A,-1.0,-1.0,none,,,,,,,
LSQ14fom,0.05626,0.0553279,0.947,0.009,18.313,0.046,-2.7,0.0184,0.0018,6.945e-06,CSPII,Ia,0.978,1,0,0.021,0.011,0.0,9.4,9.54,9.72,N/A,-1.0,-1.0,none,,,,,,,
LSQ14gfb,0.0527067,0.0527873,0.605,0.035,18.888,0.112,5.5,0.0159,0.0016,-0.0006045,CSPII,Ia,0.985,1,0,0.526,0.064,0.0,10.11,10.3,10.64,N/A,-1.0,-1.0,none,,,,,,,
LSQ14gfn,0.1216158,0.1210925,0.991,0.023,19.697,0.129,-3.5,0.0332,0.0033,0.000276,CSPII,Ia,0.967,1,0,0.037,0.021,0.0,10.42,10.54,10.88,N/A,-1.0,-1.0,none,,,,,,,
LSQ14ghv,0.0666539,0.0662566,0.949,0.009,18.863,0.059,3.8,0.0088,0.0009,-1.551e-05,CSPII,Ia,0.981,1,0,-0.022,0.011,0.0,10.06,10.18,10.31,N/A,-1.0,-1.0,none,,,,,,,
LSQ14gov,0.089538,0.0892443,1.141,0.008,19.767,0.158,1.2,0.0357,0.0036,7.773e-07,CSPII,Ia,0.985,1,0,-0.105,0.009,0.0,8.85,9.02,9.19,N/A,-1.0,-1.0,none,,,,,,,
LSQ14ip,0.0612967,0.0624196,0.522,0.009,19.305,0.215,-5.8,0.0373,0.0037,0.0001011,CSPII,Ia,0.987,1,0,0.345,0.021,0.0,10.01,10.18,10.31,N/A,-1.0,-1.0,none,,,,,,,
LSQ14jp,0.04539,0.0464896,0.677,0.007,18.288,0.066,10.9,0.053,0.0053,-8.973e-05,CSPII,Ia,0.986,1,0,0.123,0.009,0.0,10.48,10.54,10.81,N/A,-1.0,-1.0,none,,,,,,,
LSQ14wp,0.0694519,0.0706148,1.138,0.011,18.868,0.051,-3.3,0.0207,0.0021,1.975e-05,CSPII,Ia-91T,0.984,1,0,-0.05,0.01,0.0,7.23,7.48,7.59,N/A,-1.0,-1.0,none,,,,,,,
LSQ14xi,0.0507429,0.0519014,1.142,0.011,18.341,0.064,8.7,0.0368,0.0037,6.227e-05,CSPII,Ia,0.986,1,0,0.212,0.011,0.0,10.77,10.9,11.07,N/A,-1.0,-1.0,none,,,,,,,
LSQ15alq,0.0470667,0.0480953,0.92,0.005,18.05,0.045,1.4,0.0668,0.0067,1.231e-06,CSPII,Ia,0.97,1,0,-0.004,0.006,0.0,10.22,10.4,10.82,N/A,-1.0,-1.0,none,,,,,,,
LSQ15bv,0.0689,0.0701168,0.955,0.01,18.955,0.138,12.7,0.0443,0.0044,5.922e-05,CSPII,Ia,0.985,1,0,-0.003,0.017,0.0,10.39,10.56,10.77,N/A,-1.0,-1.0,none,,,,,,,
PS1-13eao,0.0377533,0.037362,0.893,0.047,17.456,0.043,2.5,0.0107,0.0011,-0.0002808,CSPII,Ia,0.0,1,0,1.509,0.1,0.0,10.56,10.73,11.04,N/A,-1.0,-1.0,none,,,,,,,
PS1-14ra,0.0280833,0.0287982,0.778,0.006,17.032,0.018,4.8,0.023,0.0023,-1.35e-05,CSPII,Ia,0.984,1,1,0.052,0.006,0.0,10.35,10.65,10.72,N/A,-1.0,-1.0,none,,,,,,,
PS1-14xw,0.0245,0.0245957,1.036,0.01,16.56,0.016,4.2,0.0656,0.0066,2.887e-05,CSPII,Ia,0.975,0,0,0.018,0.006,0.0,11.11,11.24,11.71,N/A,-1.0,-1.0,none,,,,,,,
PS15sv,0.033277,0.0335844,1.113,0.014,17.466,0.087,6.3,0.0782,0.0078,6.2e-05,CSPII,Ia-91T,0.977,1,1,0.013,0.013,0.0,8.2,8.31,8.56,N/A,-1.0,-1.0,none,,,,,,,
PTF11pbp,0.0289033,0.0276702,1.157,0.007,16.957,0.024,-0.0,0.0507,0.0051,6.106e-06,CSPII,Ia,0.984,1,1,0.051,0.007,0.0,10.73,10.88,10.97,N/A,-1.0,-1.0,none,,,,,,,
PTF11pra,0.0175433,0.0167242,0.442,0.017,16.529,0.032,2.2,0.0243,0.0024,5.05e-07,CSPII,Ia,0.981,0,0,0.935,0.061,0.0,10.57,10.68,10.75,N/A,-1.0,-1.0,none,,,,,,,
PTF11qnr,0.0162167,0.0149985,0.807,0.008,15.691,0.02,3.5,0.0556,0.0056,-3.268e-06,CSPII,Ia,0.979,0,1,0.255,0.009,0.0,10.38,10.65,10.7,N/A,-1.0,-1.0,none,,,,,,,
PTF13duj,0.01694,0.015867,1.158,0.013,15.916,0.058,15.4,0.0665,0.0067,-3.874e-05,CSPII,Ia,0.965,0,1,0.052,0.011,0.0,10.61,10.73,10.82,N/A,-1.0,-1.0,none,,,,,,,
PTF13dym,0.04213,0.0409061,0.517,0.024,16.675,0.154,4.5,0.0379,0.0038,0.0001553,CSPII,Ia-91bg,0.0,1,0,0.097,0.049,0.0,9.25,9.45,9.88,N/A,-1.0,-1.0,none,,,,,,,
PTF13ebh,0.01326,0.012484,0.632,0.004,15.243,0.023,-8.3,0.0668,0.0067,-5.58e-06,CSPII,Ia,0.975,0,1,0.117,0.009,0.0,10.8,10.86,11.02,N/A,-1.0,-1.0,none,,,,,,,
PTF13efe,0.0749481,0.0758465,1.159,0.011,19.188,0.049,-0.7,0.0213,0.0021,8.304e-06,CSPII,Ia,0.987,1,0,-0.022,0.012,0.0,11.5,11.5,11.5,N/A,-1.0,-1.0,none,,,,,,,
PTF14aje,0.0276708,0.0282271,0.685,0.006,17.162,0.035,0.4,0.1524,0.0152,-2.044e-05,CSPII,Ia,0.978,1,0,0.582,0.014,0.0,10.64,10.78,10.84,N/A,-1.0,-1.0,none,,,,,,,
PTF14gnl,0.05369,0.0525349,1.02,0.006,18.241,0.042,-9.0,0.0268,0.0027,1.276e-05,CSPII,Ia,0.984,1,0,-0.06,0.009,0.0,9.86,10.06,10.5,N/A,-1.0,-1.0,none,,,,,,,
PTF14w,0.0188933,0.0200839,0.743,0.004,16.436,0.018,1.6,0.0205,0.0021,-8.741e-06,CSPII,Ia,0.975,0,1,0.05,0.005,0.0,8.96,9.14,9.3,N/A,-1.0,-1.0,none,,,,,,,
PTF14yw,0.01697,0.0180604,0.854,0.008,16.842,0.299,0.4,0.0255,0.0026,-2.742e-06,CSPII,Ia,0.411,0,1,-0.043,0.011,0.0,10.16,10.24,10.59,N/A,-1.0,-1.0,none,,,,,,,
PTF14yy,0.0429703,0.0440905,0.837,0.01,17.949,0.057,-2.2,0.0198,0.002,-1.274e-05,CSPII,Ia,0.986,1,0,0.252,0.015,0.0,9.25,9.41,9.52,N/A,-1.0,-1.0,none,,,,,,,
SN1980N,0.005871,0.0055142,0.903,0.006,12.929,0.043,9.1,0.018,0.0018,7.153e-05,,,,,,0.07,0.012,0.0,11.75,11.79,11.8,N1316,31.44,0.04,t,,,,,,,
SN1981B,0.006027,0.0071693,0.941,0.005,12.513,0.035,10.5,0.0157,0.0016,-2.518e-06,,,,,,0.07,0.008,0.0,10.42,10.47,10.68,N4536,30.91,0.05,c,,,,,,,
SN1981D,0.005871,0.0055129,0.792,0.033,12.99,0.044,8.0,0.0178,0.0018,-0.0001468,,,,,,0.172,0.038,0.0,11.75,11.79,11.8,N1316,31.44,0.04,t,,,,,,,
SN1989B,0.002425,0.0035864,0.888,0.024,11.94,0.059,10.5,0.0284,0.0028,1.668e-05,,,,,,0.366,0.012,0.0,11.02,11.02,11.02,N3627,31.2,0.04,t,,,,,,,
SN1996X,0.00689,0.0078918,0.918,0.013,13.752,0.184,16.1,0.0596,0.006,0.0001393,N/A,N/A,0.0,,,-0.031,0.019,0.0,10.971,11.057,11.143,NGC5061,32.26,0.19,s,32.596,0.275,Ho,,,,
SN1998bu,0.0024827,0.0036812,0.968,0.004,11.754,0.015,-2.9,0.0382,0.0038,6.124e-06,,,,,,0.345,0.007,0.0,11.09,11.26,11.54,N3368,30.31,0.04,t,,,,,,,
SN2000cx,0.007929,0.0068909,0.843,0.005,14.143,0.026,-3.4,0.0698,0.007,2.688e-05,N/A,N/A,0.0,,,0.053,0.008,0.0,10.84,10.929,11.018,NGC0524,32.212,0.09,s,32.301,0.315,Ho,0.0,0.0,0.0,0.0
SN2001el,0.003896,0.0036761,0.959,0.005,12.9,0.017,-6.5,0.0121,0.0012,1.458e-05,,,,,,0.145,0.01,0.0,10.34,10.34,10.34,N1448,31.28,0.06,c,,,,,,,
SN2002fk,0.00712,0.0066137,0.979,0.004,14.053,0.011,-8.2,0.0344,0.0034,1.526e-06,,,,,,-0.091,0.008,0.0,9.78,9.94,10.64,N1309,32.52,0.06,c,,,,,,,
SN2003du,0.0063844,0.0066521,1.004,0.004,14.486,0.023,-6.3,0.0081,0.0008,4.129e-06,,,,,,-0.074,0.006,0.0,8.47,8.6,8.74,U9391,32.92,0.06,c,,,,,,,
SN2003hv,0.005601,0.0050833,0.789,0.019,12.999,0.035,6.5,0.0133,0.0013,3e-05,N/A,N/A,0.0,,,-0.079,0.061,0.0,10.504999999999999,10.565,10.625,NGC1201,31.347,0.074,s,31.641,0.427,Ho,0.0,0.0,0.0,0.0
SN2004ef,0.0309667,0.02977,0.84,0.003,17.257,0.047,9.7,0.0458,0.0046,-1.997e-06,CSPI,Ia,0.981,0,0,0.119,0.006,0.0,10.63,10.74,10.8,N/A,-1.0,-1.0,none,,,,,,,
SN2004eo,0.01569,0.0147367,0.867,0.005,15.701,0.015,-4.7,0.093,0.0093,1.33e-05,CSPI,Ia,0.979,0,0,0.023,0.009,0.0,11.03,11.16,11.35,N/A,-1.0,-1.0,none,,,,,,,
SN2004ey,0.0157767,0.0146267,1.008,0.003,15.772,0.014,1.5,0.1197,0.012,6.049e-06,CSPI,Ia,0.973,0,0,-0.054,0.004,0.0,9.76,10.06,10.41,N/A,-1.0,-1.0,none,,,,,,,
SN2004gs,0.0266267,0.0282767,0.707,0.003,17.321,0.036,11.8,0.0257,0.0026,-6.99e-06,CSPI,Ia,0.982,0,0,0.205,0.006,0.0,10.57,10.63,10.7,N/A,-1.0,-1.0,none,,,,,,,
SN2004gu,0.0458267,0.0468967,1.153,0.011,18.223,0.062,28.6,0.0223,0.0022,4.211e-05,CSPI,Ia-06gz,0.986,0,0,0.149,0.014,0.0,9.74,10.02,10.19,N/A,-1.0,-1.0,none,,,,,,,
SN2005A,0.0191267,0.01834,0.963,0.007,16.286,0.054,9.8,0.0259,0.0026,3.342e-05,CSPI,Ia,0.976,0,0,0.978,0.016,0.0,11.07,11.19,11.26,N/A,-1.0,-1.0,none,,,,,,,
SN2005M,0.0219967,0.02558,1.205,0.004,16.68,0.013,-2.6,0.0273,0.0027,1.137e-06,CSPI,Ia-91T,0.984,0,0,0.018,0.004,0.0,8.38,8.8,8.92,N/A,-1.0,-1.0,none,,,,,,,
SN2005al,0.0123933,0.0132867,0.868,0.004,15.71,0.034,7.7,0.0483,0.0048,2.719e-05,CSPI,Ia,0.909,0,0,-0.058,0.008,0.0,10.4,10.49,10.63,N/A,-1.0,-1.0,none,,,,,,,
SN2005am,0.0078933,0.0089667,0.765,0.004,14.174,0.011,1.5,0.0433,0.0043,1.859e-05,CSPI,Ia,0.934,0,0,0.065,0.008,0.0,10.68,10.83,11.26,N/A,-1.0,-1.0,none,,,,,,,
SN2005cf,0.0064611,0.007045,0.973,0.005,13.919,0.014,-7.1,0.0968,0.0097,5.331e-06,,,,,,0.005,0.01,0.0,9.6,9.65,9.6,N5917,32.26,0.1,c,,,,,,,
SN2005el,0.0149,0.0148833,0.864,0.003,15.685,0.011,-1.6,0.0976,0.0098,8.096e-06,CSPI,Ia,0.973,0,0,-0.08,0.012,0.0,10.7,10.84,11.24,N/A,-1.0,-1.0,none,,,,,,,
SN2005eq,0.0289567,0.02835,1.136,0.009,17.06,0.023,3.5,0.0629,0.0063,2.008e-05,CSPI,Ia-91T,0.984,0,0,0.055,0.01,0.0,10.44,10.56,10.65,N/A,-1.0,-1.0,none,,,,,,,
SN2005hc,0.0459067,0.0444967,1.141,0.007,18.009,0.047,-1.4,0.028,0.0028,5.827e-06,CSPI,Ia,0.98,0,0,0.013,0.007,0.0,10.52,10.6,10.65,N/A,-1.0,-1.0,none,,,,,,,
SN2005iq,0.03402,0.03293,0.882,0.006,17.501,0.04,2.1,0.0185,0.0019,4.632e-05,CSPI,Ia,0.965,0,0,-0.031,0.011,0.0,10.47,10.54,10.6,N/A,-1.0,-1.0,none,,,,,,,
SN2005kc,0.01511,0.01389,0.933,0.005,15.597,0.015,-5.1,0.1137,0.0114,4.086e-06,CSPI,Ia,0.978,0,0,0.234,0.011,0.0,10.6,11.06,11.5,N/A,-1.0,-1.0,none,,,,,,,
SN2005ke,0.0048767,0.0044833,0.436,0.003,13.998,0.011,-7.7,0.02,0.002,1.166e-05,CSPI,Ia-91bg,0.953,0,0,0.662,0.012,0.0,10.29,10.43,10.61,N/A,-1.0,-1.0,none,,,,,,,
SN2005ki,0.0191933,0.02037,0.836,0.004,16.321,0.013,-3.4,0.0267,0.0027,4.158e-06,CSPI,Ia,0.982,0,0,-0.019,0.007,0.0,10.62,10.8,10.86,N/A,-1.0,-1.0,none,,,,,,,
SN2005na,0.0263033,0.0268133,0.97,0.005,16.699,0.032,20.5,0.0681,0.0068,2.649e-05,CSPI,Ia,0.976,0,0,-0.015,0.009,0.0,10.9,10.97,11.05,N/A,-1.0,-1.0,none,,,,,,,
SN2006D,0.00852,0.00964,0.839,0.003,14.675,0.024,20.7,0.0394,0.0039,1.369e-05,CSPI,Ia,0.972,0,0,0.099,0.006,0.0,9.54,9.76,9.85,N/A,-1.0,-1.0,none,,,,,,,
SN2006X,0.0052367,0.00632,0.97,0.004,12.957,0.013,-5.3,0.0228,0.0023,9.688e-06,CSPI,Ia,0.557,0,0,1.213,0.012,0.0,9.06,9.33,9.43,N/A,-1.0,-1.0,none,,,,,,,
SN2006ax,0.0167267,0.0179567,1.003,0.004,15.98,0.01,-5.3,0.041,0.0041,3.839e-06,CSPI,Ia,0.981,0,0,-0.073,0.008,0.0,10.79,10.92,11.04,N/A,-1.0,-1.0,none,,,,,,,
SN2006bd,0.0257067,0.0267967,0.395,0.01,17.728,0.094,8.0,0.0231,0.0023,0.000207,CSPI,Ia-91bg,0.981,0,0,0.733,0.044,0.0,10.6,10.77,10.8,N/A,-1.0,-1.0,none,,,,,,,
SN2006bh,0.01084,0.0104933,0.827,0.003,15.026,0.01,0.9,0.0228,0.0023,7.461e-06,CSPI,Ia,0.969,0,0,-0.01,0.006,0.0,10.31,10.43,10.49,N/A,-1.0,-1.0,none,,,,,,,
SN2006br,0.0245733,0.0255233,0.954,0.032,17.132,0.098,8.7,0.0197,0.002,-3.42e-05,CSPI,Ia,0.982,0,0,0.837,0.097,0.0,10.87,10.97,11.36,N/A,-1.0,-1.0,none,,,,,,,
SN2006dd,0.005867,0.0055089,0.951,0.003,12.823,0.007,-6.2,0.0179,0.0018,4.609e-06,,,,,,-0.065,0.007,0.0,11.75,11.79,11.8,N1316,31.44,0.04,t,,,,,,,
SN2006ej,0.0204367,0.0193367,0.845,0.018,16.429,0.038,8.9,0.0296,0.003,1.722e-05,CSPI,Ia,0.971,0,0,0.028,0.06,0.0,10.48,10.63,10.7,N/A,-1.0,-1.0,none,,,,,,,
SN2006eq,0.0494667,0.0483667,0.656,0.022,17.817,0.113,5.4,0.0416,0.0042,-0.000126,CSPI,Ia,0.973,0,0,0.302,0.075,0.0,9.79,10.19,10.65,N/A,-1.0,-1.0,none,,,,,,,
SN2006et,0.0221567,0.0216467,1.181,0.006,16.4,0.01,-7.0,0.0165,0.0017,3.83e-06,CSPI,Ia,0.983,0,0,0.142,0.007,0.0,10.7,10.8,10.88,N/A,-1.0,-1.0,none,,,,,,,
SN2006ev,0.0287133,0.0276,0.84,0.021,17.23,0.044,7.4,0.0759,0.0076,7.087e-05,CSPI,Ia,0.924,0,0,0.179,0.069,0.0,10.65,10.75,10.91,N/A,-1.0,-1.0,none,,,,,,,
SN2006gj,0.0283333,0.0269667,0.709,0.007,17.278,0.061,7.0,0.0705,0.007,-7.11e-05,CSPI,Ia,0.983,0,0,0.297,0.012,0.0,10.36,10.53,10.6,N/A,-1.0,-1.0,none,,,,,,,
SN2006gt,0.04474,0.0436433,0.565,0.009,18.394,0.093,1.0,0.0323,0.0032,-2.882e-05,CSPI,Ia-91bg,0.982,0,0,0.257,0.016,0.0,9.87,9.93,9.94,N/A,-1.0,-1.0,none,,,,,,,
SN2006hb,0.0153333,0.0153367,0.682,0.018,15.792,0.033,7.8,0.0236,0.0024,-1.702e-05,CSPI,Ia-86G,0.98,0,0,0.186,0.064,0.0,10.05,10.22,10.39,N/A,-1.0,-1.0,none,,,,,,,
SN2006hx,0.0454633,0.0444033,0.98,0.012,17.914,0.055,-3.7,0.0256,0.0026,-4.135e-05,CSPI,Ia,0.981,0,0,0.113,0.035,0.0,10.12,10.31,10.44,N/A,-1.0,-1.0,none,,,,,,,
SN2006is,0.0313333,0.03142,1.093,0.036,17.17,0.048,5.7,0.029,0.0029,0.0001167,CSPI,Ia,0.983,0,0,0.038,0.066,0.0,6.68,7.1,7.41,N/A,-1.0,-1.0,none,,,,,,,
SN2006kf,0.0212867,0.0208,0.771,0.005,16.385,0.017,1.1,0.2097,0.021,-1.091e-06,CSPI,Ia,0.981,0,0,0.024,0.009,0.0,10.59,10.82,10.9,N/A,-1.0,-1.0,none,,,,,,,
SN2006mr,0.0058667,0.00551,0.333,0.004,13.921,0.034,-5.6,0.0179,0.0018,2.575e-05,CSPI,Ia-91bg,0.947,0,0,0.728,0.028,0.0,10.79,11.19,11.38,N/A,-1.0,-1.0,none,,,,,,,
SN2006ob,0.0591967,0.0582567,0.739,0.009,18.571,0.091,7.8,0.0285,0.0029,-4.878e-05,CSPI,Ia,0.986,0,0,0.124,0.016,0.0,11.08,11.26,11.33,N/A,-1.0,-1.0,none,,,,,,,
SN2006os,0.0327867,0.03208,0.941,0.02,17.308,0.059,6.4,0.1254,0.0125,8.469e-06,CSPI,Ia,0.982,0,0,0.318,0.065,0.0,10.66,10.81,10.87,N/A,-1.0,-1.0,none,,,,,,,
SN2007A,0.0176333,0.0164633,1.05,0.02,15.979,0.033,2.8,0.0631,0.0063,1.729e-05,CSPI,Ia,0.98,0,0,0.202,0.01,0.0,10.57,10.57,10.57,N/A,-1.0,-1.0,none,,,,,,,
SN2007N,0.01287,0.014,0.376,0.006,16.307,0.046,-0.8,0.0343,0.0034,2.123e-05,CSPI,Ia-91bg,0.976,0,0,0.953,0.024,0.0,10.1,10.19,10.57,N/A,-1.0,-1.0,none,,,,,,,
SN2007S,0.01387,0.0150233,1.186,0.007,15.517,0.009,-7.3,0.0224,0.0022,1.127e-06,CSPI,Ia-91T,0.973,0,0,0.366,0.011,0.0,9.63,9.98,10.16,N/A,-1.0,-1.0,none,,,,,,,
SN2007af,0.00546,0.00629,0.949,0.002,13.621,0.007,-7.5,0.0338,0.0034,2.32e-06,CSPI,Ia,0.927,0,0,0.065,0.007,0.0,9.69,9.82,9.87,N5584,31.79,0.05,c,,,,,,,
SN2007ai,0.03164,0.0319867,1.223,0.013,17.117,0.026,3.2,0.286,0.0286,-7.16e-05,CSPI,Ia-91T,0.985,0,0,0.183,0.013,0.0,9.76,9.91,10.18,N/A,-1.0,-1.0,none,,,,,,,
SN2007al,0.0121133,0.0132629,0.383,0.006,16.024,0.056,-0.3,0.036,0.0036,5.911e-05,CSPI,Ia-91bg,0.971,0,0,0.693,0.026,0.0,9.33,9.47,9.91,N/A,-1.0,-1.0,none,,,,,,,
SN2007as,0.01756,0.0178967,0.889,0.004,16.073,0.017,-2.1,0.1229,0.0123,1.59e-05,CSPI,Ia,0.98,0,0,0.08,0.009,0.0,10.24,10.36,10.43,N/A,-1.0,-1.0,none,,,,,,,
SN2007ax,0.0068567,0.0076367,0.353,0.01,15.102,0.091,-5.8,0.0446,0.0045,0.0001204,CSPI,Ia-91bg,0.924,0,0,0.682,0.03,0.0,10.13,10.23,10.29,N/A,-1.0,-1.0,none,,,,,,,
SN2007ba,0.0384867,0.0390533,0.568,0.008,17.644,0.073,-1.7,0.0315,0.0032,-5.343e-06,CSPI,Ia-91bg,0.796,0,0,0.327,0.019,0.0,10.9,10.99,11.06,N/A,-1.0,-1.0,none,,,,,,,
SN2007bc,0.0207567,0.02185,0.907,0.005,16.474,0.028,2.6,0.0186,0.0019,1.907e-05,CSPI,Ia,0.983,0,0,0.033,0.009,0.0,10.65,10.73,10.78,N/A,-1.0,-1.0,none,,,,,,,
SN2007bd,0.0309967,0.0318267,0.917,0.006,17.378,0.043,-4.1,0.0289,0.0029,-1.847e-05,CSPI,Ia,0.984,0,0,-0.001,0.016,0.0,10.68,10.82,10.89,N/A,-1.0,-1.0,none,,,,,,,
SN2007bm,0.0062067,0.00744,0.906,0.005,13.996,0.012,-3.4,0.0354,0.0035,2.271e-05,CSPI,Ia,0.958,0,0,0.421,0.009,0.0,10.09,10.27,10.72,N/A,-1.0,-1.0,none,,,,,,,
SN2007ca,0.0140567,0.01507,1.078,0.012,15.705,0.016,-5.6,0.057,0.0057,1.077e-05,CSPI,Ia,0.979,0,0,0.26,0.009,0.0,9.52,9.69,9.74,N/A,-1.0,-1.0,none,,,,,,,
SN2007hj,0.0141033,0.0128818,0.633,0.005,15.741,0.035,9.1,0.0747,0.0075,-2.509e-05,CSPI,Ia,0.961,0,0,0.215,0.01,0.0,10.3,10.45,10.89,N/A,-1.0,-1.0,none,,,,,,,
SN2007jg,0.0371067,0.0365767,0.939,0.006,17.573,0.044,1.5,0.0904,0.009,-9.336e-06,CSPI,Ia,0.974,0,0,0.028,0.01,0.0,7.95,8.1,8.22,N/A,-1.0,-1.0,none,,,,,,,
SN2007le,0.0067167,0.0055233,1.02,0.004,13.955,0.008,-6.4,0.0287,0.0029,6.395e-06,CSPI,Ia,0.955,0,0,0.292,0.006,0.0,9.71,9.85,10.16,N/A,-1.0,-1.0,none,,,,,,,
SN2007nq,0.045,0.0439033,0.769,0.006,17.664,0.066,8.6,0.0312,0.0031,7.583e-05,CSPI,Ia,0.952,0,0,0.056,0.011,0.0,11.15,11.21,11.28,N/A,-1.0,-1.0,none,,,,,,,
SN2007on,0.00649,0.0061833,0.589,0.003,13.284,0.013,-6.6,0.0098,0.001,-2.263e-06,CSPI,Ia,0.957,0,0,0.115,0.012,0.0,10.78,11.04,11.45,N/A,-1.0,-1.0,none,,,,,,,
SN2007so,0.0296667,0.0289285,0.925,0.009,16.659,0.06,33.5,0.1161,0.0116,0.0001536,CSPI,Ia,,0,0,0.014,0.076,0.0,10.89,10.97,11.07,N/A,-1.0,-1.0,none,,,,,,,
SN2007sr,0.0054733,0.0066557,0.989,0.017,13.382,0.027,9.9,0.0398,0.004,4.356e-06,CSPI,Ia,0.198,0,0,0.159,0.059,0.0,9.85,10.05,10.17,N4038,31.29,0.1,c,,,,,,,
SN2007st,0.0211667,0.0206508,0.863,0.022,16.276,0.056,8.9,0.0143,0.0014,0.000119,CSPI,Ia,0.951,0,0,0.149,0.083,0.0,10.85,10.95,11.4,N/A,-1.0,-1.0,none,,,,,,,
SN2007ux,0.0308933,0.031996,0.628,0.006,17.53,0.021,3.3,0.0386,0.0039,-5.299e-05,CSPI,Ia-86G,0.981,0,0,0.21,0.01,0.0,10.23,10.3,10.34,N/A,-1.0,-1.0,none,,,,,,,
SN2008C,0.01661,0.0170667,0.967,0.024,16.045,0.043,9.7,0.072,0.0072,6.056e-05,CSPI,Ia,0.981,0,0,0.167,0.074,0.0,10.35,10.49,10.55,N/A,-1.0,-1.0,none,,,,,,,
SN2008O,0.03883,0.039318,0.688,0.01,17.912,0.048,2.3,0.0763,0.0076,-0.0001125,CSPI,Ia,0.986,0,0,0.313,0.016,0.0,11.12,11.33,11.59,N/A,-1.0,-1.0,none,,,,,,,
SN2008R,0.0134933,0.0128867,0.632,0.006,15.516,0.044,4.3,0.0618,0.0062,-4.646e-05,CSPI,Ia,0.976,0,0,0.12,0.011,0.0,11.07,11.25,11.31,N/A,-1.0,-1.0,none,,,,,,,
SN2008ar,0.02613,0.0272474,0.976,0.004,16.859,0.031,-1.7,0.0311,0.0031,1.835e-06,CSPI,Ia,0.984,0,0,0.008,0.011,0.0,10.11,10.21,10.28,N/A,-1.0,-1.0,none,,,,,,,
SN2008bc,0.0150767,0.0157067,1.057,0.005,15.726,0.011,-1.7,0.2251,0.0225,1.475e-05,CSPI,Ia,0.979,0,0,-0.028,0.006,0.0,9.95,10.1,10.23,N/A,-1.0,-1.0,none,,,,,,,
SN2008bd,0.0300833,0.0312803,0.66,0.038,17.454,0.114,24.6,0.0751,0.0075,-0.002116,CSPI,Ia-91bg,,0,0,0.339,0.067,0.0,10.99,11.07,11.13,N/A,-1.0,-1.0,none,,,,,,,
SN2008bf,0.0234837,0.0245538,1.019,0.004,16.906,0.023,-3.8,0.0296,0.003,5.697e-06,CSPI,Ia,0.982,0,0,-0.046,0.006,0.0,11.4,11.4,11.4,N/A,-1.0,-1.0,none,,,,,,,
SN2008bi,0.0134367,0.0143882,0.512,0.022,16.281,0.058,10.5,0.037,0.0037,6.772e-05,CSPI,Ia-91bg,0.972,0,0,0.591,0.123,0.0,10.27,10.38,10.48,N/A,-1.0,-1.0,none,,,,,,,
SN2008bq,0.0339767,0.0344433,1.153,0.009,17.374,0.08,7.3,0.0774,0.0077,6.409e-06,CSPI,Ia,0.983,0,0,0.04,0.009,0.0,10.74,10.82,10.91,N/A,-1.0,-1.0,none,,,,,,,
SN2008bt,0.0153533,0.0165796,0.498,0.008,16.445,0.137,26.8,0.0445,0.0044,0.0001361,CSPI,Ia-91bg,0.979,0,0,0.508,0.013,0.0,10.7,10.85,10.91,N/A,-1.0,-1.0,none,,,,,,,
SN2008cc,0.0103867,0.0101222,0.813,0.018,14.643,0.018,19.3,0.0355,0.0035,1.855e-05,CSPI,Ia,0.965,0,0,0.158,0.065,0.0,10.4,10.48,10.64,N/A,-1.0,-1.0,none,,,,,,,
SN2008cf,0.0459682,0.0468269,1.092,0.035,18.055,0.043,6.1,0.0577,0.0058,9.919e-05,CSPI,Ia,0.986,0,0,0.009,0.062,0.0,8.59,8.73,8.97,N/A,-1.0,-1.0,none,,,,,,,
SN2008ff,0.0191933,0.0186725,1.083,0.009,16.234,0.016,24.9,0.0436,0.0044,1.755e-05,CSPI,Ia,0.981,0,0,0.177,0.017,0.0,10.8,10.8,10.8,N/A,-1.0,-1.0,none,,,,,,,
SN2008fl,0.0199,0.0194172,0.883,0.017,16.206,0.03,8.5,0.1569,0.0157,1.102e-05,CSPI,Ia,0.982,0,0,0.056,0.059,0.0,10.87,10.94,11.01,N/A,-1.0,-1.0,none,,,,,,,
SN2008fp,0.00566,0.0062867,1.108,0.008,13.576,0.006,-0.1,0.1686,0.0169,7.643e-06,CSPI,Ia,0.944,0,0,0.479,0.007,0.0,10.15,10.2,10.63,N/A,-1.0,-1.0,none,,,,,,,
SN2008fr,0.0389733,0.0379062,1.035,0.023,17.722,0.041,13.0,0.0395,0.004,2.359e-05,CSPI,Ia,0.981,0,0,-0.014,0.069,0.0,7.58,7.73,7.92,N/A,-1.0,-1.0,none,,,,,,,
SN2008fu,0.05237,0.0518336,0.822,0.024,18.327,0.054,16.5,0.018,0.0018,7.878e-05,CSPI,Ia,0.986,0,0,-0.021,0.087,0.0,10.66,10.72,10.8,N/A,-1.0,-1.0,none,,,,,,,
SN2008fw,0.0085433,0.0095066,1.117,0.023,14.693,0.021,23.4,0.1123,0.0112,-4.74e-07,CSPI,Ia-91T,0.971,0,0,0.076,0.065,0.0,10.31,10.49,10.61,N/A,-1.0,-1.0,none,,,,,,,
SN2008gg,0.0319933,0.0310658,1.054,0.025,17.407,0.037,10.8,0.0195,0.002,2.237e-05,CSPI,Ia,0.984,0,0,0.149,0.063,0.0,10.63,10.73,10.82,N/A,-1.0,-1.0,none,,,,,,,
SN2008gl,0.0339933,0.0329459,0.867,0.005,17.492,0.034,3.7,0.0244,0.0024,-1.353e-06,CSPI,Ia,0.977,0,0,0.028,0.008,0.0,10.81,10.86,10.92,N/A,-1.0,-1.0,none,,,,,,,
SN2008gp,0.03339,0.0328233,0.979,0.004,17.441,0.033,-5.1,0.1042,0.0104,6.613e-06,CSPI,Ia,0.985,0,0,-0.031,0.011,0.0,10.64,10.73,10.79,N/A,-1.0,-1.0,none,,,,,,,
SN2008hj,0.0378667,0.0367224,1.008,0.005,17.653,0.036,-2.9,0.0303,0.003,5.171e-06,CSPI,Ia,0.983,0,0,-0.008,0.007,0.0,10.2,10.4,10.69,N/A,-1.0,-1.0,none,,,,,,,
SN2008hs,0.017349,0.0166411,0.625,0.006,16.483,0.027,-6.1,0.0497,0.005,1.101e-05,N/A,N/A,0.0,,,0.086,0.024,0.0,11.401,11.504,11.607,NGC0910,34.459,0.093,s,,,,9.357,0.033,77.9,3.3
SN2008hu,0.0496656,0.050526,0.827,0.023,18.193,0.069,2.8,0.0921,0.0092,9.011e-05,CSPI,Ia,0.985,0,0,0.021,0.07,0.0,10.84,10.99,11.07,N/A,-1.0,-1.0,none,,,,,,,
SN2008hv,0.01254,0.01358,0.867,0.004,15.548,0.013,-8.1,0.0279,0.0028,7.502e-06,CSPI,Ia,0.973,0,0,-0.047,0.011,0.0,10.29,10.55,10.67,N/A,-1.0,-1.0,none,,,,,,,
SN2008ia,0.0219833,0.02254,0.834,0.006,16.356,0.026,2.9,0.1954,0.0195,6.571e-05,CSPI,Ia,0.983,0,0,-0.035,0.016,0.0,10.54,10.77,11.23,N/A,-1.0,-1.0,none,,,,,,,
SN2009D,0.02499,0.024654,1.159,0.007,16.644,0.013,1.8,0.0441,0.0044,-1.368e-06,CSPI,Ia,0.984,0,0,-0.021,0.006,0.0,10.35,10.43,10.5,N/A,-1.0,-1.0,none,,,,,,,
SN2009F,0.0129467,0.01291,0.386,0.007,16.084,0.034,-4.9,0.0895,0.0089,4.985e-05,CSPI,Ia-91bg,0.97,0,0,0.551,0.025,0.0,10.61,10.79,11.22,N/A,-1.0,-1.0,none,,,,,,,
SN2009I,0.02615,0.0254309,1.089,0.03,16.963,0.029,-1.3,0.0272,0.0027,0.000128,CSPI,Ia,0.969,0,0,0.651,0.017,0.0,10.53,10.74,10.88,N/A,-1.0,-1.0,none,,,,,,,
SN2009Y,0.0093467,0.0101034,0.993,0.005,14.673,0.015,0.4,0.0873,0.0087,7.046e-06,CSPI,Ia,0.97,0,0,0.148,0.01,0.0,10.66,10.76,10.95,N/A,-1.0,-1.0,none,,,,,,,
SN2009aa,0.02729,0.0284814,0.944,0.004,16.961,0.016,-5.4,0.0295,0.0029,8.617e-06,CSPI,Ia,0.983,0,0,0.013,0.012,0.0,10.1,10.6,10.8,N/A,-1.0,-1.0,none,,,,,,,
SN2009ab,0.0111633,0.0108624,0.903,0.006,15.249,0.015,-3.6,0.1838,0.0184,1.483e-05,CSPI,Ia,0.959,0,0,0.035,0.011,0.0,10.2,10.35,10.78,N/A,-1.0,-1.0,none,,,,,,,
SN2009ad,0.02838,0.0283174,1.107,0.014,17.098,0.026,0.6,0.0953,0.0095,4.543e-05,CSPI,Ia,0.984,0,0,0.032,0.011,0.0,10.5,10.58,10.64,N/A,-1.0,-1.0,none,,,,,,,
SN2009ag,0.0086333,0.0092477,0.966,0.005,14.774,0.012,0.9,0.218,0.0218,6.374e-06,CSPI,Ia,0.97,0,0,0.149,0.014,0.0,9.99,10.2,10.6,N/A,-1.0,-1.0,none,,,,,,,
SN2009al,0.02209,0.0232764,0.92,0.013,16.61,0.033,-1.9,0.0212,0.0021,3.368e-05,CSPI,Ia,0.98,0,0,0.186,0.028,0.0,10.66,10.72,10.77,N/A,-1.0,-1.0,none,,,,,,,
SN2009cz,0.0211233,0.0219786,1.173,0.011,16.485,0.023,0.7,0.0221,0.0022,1.343e-06,CSPI,Ia,0.982,0,0,0.017,0.011,0.0,10.68,10.75,10.84,N/A,-1.0,-1.0,none,,,,,,,
SN2009ds,0.0192467,0.0204662,1.121,0.015,16.293,0.027,-2.2,0.0332,0.0033,7.005e-05,CSPI,Ia,0.982,0,0,0.107,0.013,0.0,10.62,10.77,10.97,N/A,-1.0,-1.0,none,,,,,,,
SN2009ig,0.0088,0.0080401,1.061,0.014,14.23,0.053,43.5,0.0269,0.0027,6.556e-05,,,,,,0.103,0.009,0.0,10.35,10.35,10.35,N1015,32.5,0.08,c,,,,,,,
SN2010Y,0.0109,0.0112644,0.66,0.006,15.42,0.071,-4.2,0.0117,0.0012,8.566e-06,N/A,N/A,0.0,,,0.02,0.016,0.0,10.474,10.58,10.686,NGC3392,33.861,0.088,s,,,,10.862,0.05,59.2,2.4
SN2011by,0.002843,0.003405,0.967,0.003,13.489,0.015,-7.4,0.0119,0.0012,2.728e-06,,,,,,-0.006,0.009,0.0,9.47,9.47,9.47,N3972,31.59,0.07,c,,,,,,,
SN2011fe,0.000803,0.0012072,0.972,0.002,10.756,0.006,-10.5,0.0077,0.0008,5.409e-06,,,,,,0.01,0.008,0.0,10.23,10.23,10.23,M101,29.14,0.04,c,,,,,,,
SN2011iv,0.00649,0.0061827,0.701,0.007,12.788,0.033,1.2,0.0098,0.001,-3.699e-05,CSPII,Ia,0.93,0,1,0.03,0.011,0.0,10.78,11.04,11.45,N1404,31.36,0.06,t,,,,,,,
SN2011iy,0.0042633,0.0053357,1.033,0.005,12.697,0.021,19.8,0.0529,0.0053,5.433e-06,CSPII,Ia,0.9,0,1,0.244,0.012,0.0,10.21,10.39,10.83,N/A,-1.0,-1.0,none,,,,,,,
SN2011jh,0.0077833,0.0089154,0.789,0.005,14.474,0.019,1.3,0.0322,0.0032,1.634e-06,CSPII,Ia,0.966,0,1,0.367,0.008,0.0,10.02,10.09,10.16,N/A,-1.0,-1.0,none,,,,,,,
SN2012aq,0.0519633,0.0525508,0.996,0.018,18.296,0.046,16.0,0.0338,0.0034,1.029e-05,CSPII,Ia,0.972,1,0,0.004,0.063,0.0,7.63,7.77,8.01,N/A,-1.0,-1.0,none,,,,,,,
SN2012ar,0.02824,0.028536,0.809,0.006,16.878,0.042,6.1,0.2024,0.0202,-3.759e-06,CSPII,Ia,0.982,1,1,0.032,0.006,0.0,10.84,10.94,11.02,N/A,-1.0,-1.0,none,,,,,,,
SN2012bl,0.0186933,0.0181998,1.081,0.016,16.261,0.044,7.1,0.0297,0.003,0.0001483,CSPII,Ia,0.977,0,1,0.044,0.008,0.0,9.85,10.09,10.24,N/A,-1.0,-1.0,none,,,,,,,
SN2012bo,0.0254133,0.0265314,1.16,0.007,16.929,0.038,4.8,0.0447,0.0045,1.008e-05,CSPII,Ia,0.983,0,1,0.009,0.006,0.0,10.15,10.32,10.4,N/A,-1.0,-1.0,none,,,,,,,
SN2012cg,0.001458,0.0025798,1.024,0.008,12.552,0.017,-10.1,0.0179,0.0018,1.078e-05,,,,,,0.075,0.009,0.0,9.6,9.7,9.8,N4424,31.08,0.29,c,,,,,,,
SN2012fr,0.0054533,0.0051291,1.108,0.004,12.966,0.01,-7.2,0.0177,0.0018,-5.07e-07,CSPII,Ia,0.981,0,1,0.013,0.006,0.0,11.06,11.25,11.32,N1365,31.31,0.06,c,,,,,,,
SN2012gm,0.01478,0.013553,0.987,0.004,15.482,0.012,-3.1,0.0393,0.0039,3.366e-06,CSPII,Ia,0.977,0,1,0.172,0.004,0.0,9.9,10.01,10.08,N/A,-1.0,-1.0,none,,,,,,,
SN2012hd,0.0119433,0.0111341,0.888,0.004,15.127,0.017,-7.7,0.0228,0.0023,1.316e-05,CSPII,Ia,0.973,0,1,0.122,0.008,0.0,10.38,10.44,10.54,N/A,-1.0,-1.0,none,,,,,,,
SN2012hr,0.0075567,0.0078716,0.973,0.001,14.407,0.008,-0.1,0.0389,0.0039,2.018e-06,CSPII,Ia,0.966,0,1,0.009,0.004,0.0,10.21,10.32,10.45,N/A,-1.0,-1.0,none,,,,,,,
SN2012ht,0.0035567,0.0046846,0.868,0.003,13.686,0.01,-6.8,0.0252,0.0025,7.761e-06,CSPII,Ia,,0,1,-0.016,0.01,0.0,8.06,8.06,8.06,N3347,31.91,0.04,c,,,,,,,
SN2013E,0.0094067,0.0104565,1.131,0.004,14.514,0.025,14.6,0.0843,0.0084,8.581e-06,CSPII,Ia,0.951,0,1,0.075,0.004,0.0,9.83,9.96,9.99,N/A,-1.0,-1.0,none,,,,,,,
SN2013H,0.0154767,0.0158792,1.048,0.005,15.782,0.034,12.8,0.1134,0.0113,1.289e-05,CSPII,Ia,0.98,0,1,0.186,0.005,0.0,10.32,10.5,10.6,N/A,-1.0,-1.0,none,,,,,,,
SN2013M,0.03493,0.0357427,0.943,0.004,17.187,0.029,-0.7,0.0719,0.0072,1.923e-05,CSPII,Ia,0.934,1,1,0.023,0.01,0.0,10.73,10.9,11.04,N/A,-1.0,-1.0,none,,,,,,,
SN2013U,0.0344833,0.0356518,1.239,0.011,17.056,0.051,12.0,0.0245,0.0025,-6.326e-05,CSPII,Ia-91T,0.842,1,1,0.172,0.01,0.0,10.15,10.27,10.31,N/A,-1.0,-1.0,none,,,,,,,
SN2013aa,0.0039967,0.0046654,1.002,0.002,12.085,0.008,3.5,0.1458,0.0146,2.568e-06,CSPII,Ia,0.888,0,1,-0.068,0.004,0.0,9.85,9.99,10.12,N/A,-1.0,-1.0,none,,,,,,,
SN2013ad,0.0363748,0.0358694,0.991,0.013,17.266,0.058,6.7,0.3692,0.0369,5.99e-05,CSPII,Ia,0.639,1,0,-0.09,0.011,0.0,11.5,11.5,11.5,N/A,-1.0,-1.0,none,,,,,,,
SN2013aj,0.00912,0.0100653,0.8,0.004,14.584,0.012,-0.1,0.0316,0.0032,8.713e-06,CSPII,Ia,0.969,0,1,0.052,0.006,0.0,9.82,9.99,10.38,N/A,-1.0,-1.0,none,,,,,,,
SN2013as,0.0684526,0.0696439,1.01,0.022,18.963,0.164,10.1,0.0336,0.0034,1.008e-05,CSPII,Ia,0.984,1,0,0.0,0.067,0.0,8.43,8.59,8.95,N/A,-1.0,-1.0,none,,,,,,,
SN2013ay,0.0157167,0.0156526,0.494,0.019,15.772,0.036,8.4,0.0622,0.0062,-1.049e-05,CSPII,Ia,0.953,0,1,0.531,0.082,0.0,10.64,10.72,10.82,N/A,-1.0,-1.0,none,,,,,,,
SN2013az,0.0372533,0.037464,0.768,0.025,17.453,0.048,7.2,0.0271,0.0027,-6.587e-05,CSPII,Ia,0.972,1,0,0.089,0.064,0.0,10.93,10.99,11.07,N/A,-1.0,-1.0,none,,,,,,,
SN2013bc,0.02245,0.023528,0.481,0.023,16.844,0.065,1.5,0.0407,0.0041,9.867e-05,CSPII,Ia,0.98,0,1,0.735,0.067,0.0,10.28,10.47,10.55,N/A,-1.0,-1.0,none,,,,,,,
SN2013bz,0.01915,0.0201818,1.152,0.009,15.938,0.025,-0.5,0.0377,0.0038,7.06e-06,CSPII,Ia-91T,0.855,0,1,0.152,0.009,0.0,9.94,9.98,10.04,N/A,-1.0,-1.0,none,,,,,,,
SN2013dy,0.003889,0.0028843,1.112,0.006,12.985,0.012,-5.1,0.132,0.0132,3.658e-06,,,,,,0.205,0.006,0.0,9.09,9.09,9.09,N7250,31.5,0.08,c,,,,,,,
SN2013fy,0.0308467,0.0301903,1.174,0.011,17.05,0.057,11.8,0.023,0.0023,-1.661e-05,CSPII,Ia,0.985,1,1,0.01,0.008,0.0,10.77,10.86,10.96,N/A,-1.0,-1.0,none,,,,,,,
SN2013fz,0.0205933,0.0205517,1.015,0.004,16.251,0.034,9.7,0.0119,0.0012,4.136e-06,CSPII,Ia,0.98,0,1,-0.002,0.004,0.0,10.61,10.69,10.77,N/A,-1.0,-1.0,none,,,,,,,
SN2013gv,0.0340967,0.0334585,0.845,0.008,17.589,0.03,1.3,0.1434,0.0143,-1.044e-06,CSPII,Ia,0.973,1,1,-0.025,0.012,0.0,11.16,11.27,11.56,N/A,-1.0,-1.0,none,,,,,,,
SN2013gy,0.0140133,0.0135587,0.911,0.003,15.344,0.015,-8.0,0.0485,0.0049,6.803e-06,CSPII,Ia,0.976,0,1,-0.008,0.006,0.0,8.98,9.0,9.16,N/A,-1.0,-1.0,none,,,,,,,
SN2013hn,0.01513,0.0160268,0.821,0.026,15.699,0.069,11.1,0.0529,0.0053,-4.035e-05,CSPII,Ia,0.98,0,1,-0.069,0.067,0.0,10.84,10.99,11.07,N/A,-1.0,-1.0,none,,,,,,,
SN2014I,0.0299933,0.0302041,0.916,0.003,16.99,0.014,-2.8,0.0207,0.0021,2.623e-06,CSPII,Ia,0.98,1,1,-0.022,0.006,0.0,10.76,10.9,11.31,N/A,-1.0,-1.0,none,,,,,,,
SN2014Z,0.02126,0.0209246,0.98,0.029,16.447,0.042,7.3,0.0246,0.0025,3.805e-05,CSPII,Ia,0.983,0,1,-0.019,0.06,0.0,10.66,10.75,10.81,N/A,-1.0,-1.0,none,,,,,,,
SN2014ba,0.0058367,0.0049902,0.338,0.021,14.043,0.049,4.7,0.0102,0.001,-1.498e-05,CSPII,Ia-91bg,0.954,0,1,0.944,0.09,0.0,10.56,10.64,11.06,N/A,-1.0,-1.0,none,,,,,,,
SN2014dl,0.0329433,0.0331433,1.227,0.013,16.817,0.037,0.1,0.0547,0.0055,-1.412e-07,CSPII,Ia-91T,0.694,1,0,0.019,0.007,0.0,9.19,9.48,9.68,N/A,-1.0,-1.0,none,,,,,,,
SN2014dn,0.0221733,0.0221408,0.465,0.005,16.956,0.05,4.2,0.0161,0.0016,1.302e-05,CSPII,Ia,0.982,0,0,0.653,0.01,0.0,10.58,10.65,10.72,N/A,-1.0,-1.0,none,,,,,,,
SN2014eg,0.01862,0.018331,1.183,0.01,16.076,0.041,3.7,0.0257,0.0026,3.903e-05,CSPII,Ia-91T,0.947,0,1,0.247,0.009,0.0,11.47,11.62,11.73,N/A,-1.0,-1.0,none,,,,,,,
SN2015F,0.0048867,0.0052804,0.885,0.003,13.119,0.016,-10.1,0.1749,0.0175,1.192e-05,CSPII,Ia,0.987,0,1,0.05,0.008,0.0,10.97,10.97,10.97,N2442,31.51,0.05,c,,,,,,,
SN2017cbv,0.003999,0.0046684,1.124,0.005,12.055,0.007,-5.5,0.1452,0.0145,2.999e-06,,,,,,0.013,0.008,0.0,9.0,9.0,9.0,N5643,30.48,0.08,t,,,,,,,
SNhunt281,0.0040667,0.004706,0.692,0.003,14.01,0.014,1.5,0.0454,0.0045,-7.337e-06,CSPII,Ia,0.947,0,1,0.04,0.007,0.0,9.66,9.75,9.85,N/A,-1.0,-1.0,none,,,,,,,
