sn,zhel,zcmb,st,est,Mmax,eMmax,t0,EBVmw,eEBVmw,covMs,sample,subtype,quality,cosmo,phys,BV,eBV,covBV_M,ml,m,mu,dist,edist,covBVs,host,caltype
ASAS14ad,0.0264,0.0274352,1.01,0.018,17.021,0.009,-7.2,0.0159,0.0016,-4.15e-07,CSPII,Ia,0.973,0,1,-0.010999999999999233,0.011180339887498949,0.0,8.23,8.61,8.78,-1.0,-1.0,4.750999999999999e-06,,
ASAS14hp,0.0388933,0.0386676,1.074,0.01,17.376,0.008,-4.3,0.0295,0.0029,3.064e-06,CSPII,Ia,0.984,1,0,-0.04899999999999949,0.005,0.0,8.98,9.09,9.15,-1.0,-1.0,1.183e-05,,
ASAS14hr,0.0335967,0.0327196,0.802,0.01,17.528,0.017,-6.1,0.0131,0.0013,3.05e-05,CSPII,Ia,0.985,1,0,0.06099999999999994,0.01345362404707371,0.0,10.18,10.34,10.45,-1.0,-1.0,4.999999999999986e-07,,
ASAS14hu,0.0215851,0.0218919,1.052,0.007,16.269,0.009,-6.8,0.0612,0.0061,3.043e-07,CSPII,Ia,0.983,0,1,-0.04499999999999993,0.006403124237432849,0.0,9.8,9.93,10.24,-1.0,-1.0,2.1936e-05,,
ASAS14jc,0.0113167,0.0117796,0.915,0.005,15.487,0.012,-5.3,0.1346,0.0135,1.079e-06,CSPII,Ia,0.962,0,1,0.43700000000000117,0.01,0.0,9.32,9.46,9.77,-1.0,-1.0,8.067000000000001e-06,,
ASAS14jg,0.0148167,0.014347,1.285,0.022,15.448,0.058,3.8,0.0128,0.0013,9.919e-07,CSPII,Ia,0.961,0,1,0.049000000000001265,0.05940538696111658,0.0,8.57,8.76,8.88,-1.0,-1.0,-1.8209999999999997e-05,,
ASAS14jz,0.0157891,0.0156168,0.989,0.006,15.343,0.008,-8.5,0.0472,0.0047,3.097e-06,CSPII,Ia,0.952,0,0,-0.04100000000000037,0.00565685424949238,0.0,8.11,8.23,8.35,-1.0,-1.0,-6.339e-06,,
ASAS14kd,0.0243,0.0230683,1.169,0.007,16.462,0.01,-6.9,0.0574,0.0057,1.763e-05,CSPII,Ia-91T,0.941,0,0,0.2339999999999982,0.007071067811865475,0.0,10.03,10.14,10.23,-1.0,-1.0,-1.7269e-05,,
ASAS14kq,0.0335767,0.0325972,1.147,0.011,17.309,0.014,-5.2,0.0155,0.0016,5.563e-05,CSPII,Ia,0.961,1,0,-0.020999999999997243,0.012041594578792296,0.0,8.78,8.91,9.11,-1.0,-1.0,-8.166e-05,,
ASAS14lo,0.0199167,0.0210151,0.952,0.018,16.497,0.059,2.3,0.0282,0.0028,-8.705e-06,CSPII,Ia,0.979,0,1,0.12700000000000067,0.060802960454241044,0.0,9.47,9.69,9.79,-1.0,-1.0,-3.7100000000000034e-07,,
ASAS14lp,0.0050967,0.0062254,1.029,0.004,12.37,0.008,-13.9,0.0213,0.0021,1.154e-06,CSPII,Ia,0.335,0,1,0.24300000000000033,0.006403124237432849,0.0,10.6,10.74,10.91,-1.0,-1.0,5.687e-06,,
ASAS14lq,0.0261733,0.0250833,0.999,0.024,16.788,0.075,5.6,0.0275,0.0028,-7.633e-05,CSPII,Ia,0.977,0,1,0.019999999999999574,0.07940403012442127,0.0,10.46,10.65,10.73,-1.0,-1.0,-1.0990000000000002e-05,,
ASAS14lt,0.0320233,0.0314552,0.944,0.008,17.031,0.019,-4.6,0.0474,0.0047,-4.675e-06,CSPII,Ia,0.984,1,0,-0.0329999999999977,0.016401219466856725,0.0,10.56,10.64,10.7,-1.0,-1.0,1.0000000000001598e-08,,
ASAS14lw,0.0208855,0.0202609,1.25,0.007,16.431,0.012,-9.0,0.0117,0.0012,1.151e-05,CSPII,Ia,0.939,0,1,-0.012000000000000455,0.009219544457292887,0.0,6.08,6.35,6.72,-1.0,-1.0,3.0699999999999994e-06,,
ASAS14me,0.0178,0.017386,1.078,0.005,15.791,0.008,-11.4,0.0175,0.0018,2.529e-06,CSPII,Ia,0.981,0,1,0.006999999999999673,0.00565685424949238,0.0,8.91,9.05,9.15,-1.0,-1.0,6.19e-06,,
ASAS14mf,0.03108,0.0301521,0.984,0.005,17.128,0.013,-4.7,0.0125,0.0013,-9.226e-06,CSPII,Ia,0.984,1,0,-0.012000000000000455,0.01063014581273465,0.0,8.66,8.93,9.03,-1.0,-1.0,2.48e-06,,
ASAS14mw,0.0273867,0.0271207,1.063,0.007,16.68,0.007,-6.6,0.0179,0.0018,2.521e-06,CSPII,Ia,0.984,1,1,-0.03399999999999892,0.005,0.0,10.59,10.68,10.75,-1.0,-1.0,1.2944e-05,,
ASAS14my,0.0205,0.0217279,0.923,0.005,16.143,0.011,-8.2,0.0316,0.0032,4.975e-06,CSPII,Ia,0.975,0,1,0.014999999999998792,0.01,0.0,10.11,10.31,10.74,-1.0,-1.0,9.722000000000001e-06,,
ASAS15aj,0.0109133,0.0120218,0.831,0.007,14.912,0.013,-2.6,0.0656,0.0066,4.194e-06,CSPII,Ia,0.952,0,1,0.10299999999999976,0.009219544457292887,0.0,11.05,11.2,11.35,-1.0,-1.0,-1.2812999999999999e-05,,
ASAS15al,0.0337766,0.0337612,1.077,0.028,17.541,0.06,0.4,0.0293,0.0029,-1.162e-05,CSPII,Ia,0.916,1,0,0.054999999999999716,0.05920304046246273,0.0,8.03,8.07,8.23,-1.0,-1.0,-1.0789999999999997e-05,,
ASAS15as,0.0286801,0.0297845,1.076,0.014,17.037,0.01,-1.3,0.0398,0.004,-2.351e-06,CSPII,Ia,0.985,1,1,0.028999999999999915,0.0078102496759066544,0.0,7.47,7.66,8.01,-1.0,-1.0,1.348e-05,,
ASAS15ba,0.0231167,0.0239771,0.967,0.004,16.651,0.008,-2.1,0.0223,0.0022,-4.563e-06,CSPII,Ia,0.983,0,1,0.008000000000000895,0.006403124237432849,0.0,7.83,7.99,8.19,-1.0,-1.0,-1.1373e-06,,
ASAS15be,0.0218833,0.0213892,1.134,0.006,16.404,0.008,-7.2,0.0167,0.0017,9.406e-06,CSPII,Ia,0.976,0,1,0.019000000000000128,0.006403124237432849,0.0,7.66,7.8,8.16,-1.0,-1.0,-2.0469e-05,,
ASAS15bm,0.0207856,0.0214395,0.991,0.005,16.25,0.012,-7.6,0.069,0.0069,1.618e-06,CSPII,Ia,0.976,0,1,0.12700000000000067,0.009899494936611667,0.0,9.89,10.02,10.15,-1.0,-1.0,-4.38e-06,,
ASAS15cb,0.04001,0.0411361,1.086,0.053,17.662,0.076,1.9,0.0279,0.0028,0.0001735,CSPII,Ia,0.583,1,0,0.10699999999999932,0.07940403012442127,0.0,10.17,10.28,10.4,-1.0,-1.0,-0.00026724,,
ASAS15cd,0.0342863,0.0353887,1.003,0.005,17.475,0.011,-3.6,0.0261,0.0026,-7.475e-07,CSPII,Ia,0.983,1,0,-0.021000000000000796,0.009219544457292887,0.0,9.85,9.95,10.02,-1.0,-1.0,-9.859999999999995e-07,,
ASAS15da,0.0487,0.0488203,0.853,0.025,18.36,0.07,2.5,0.0303,0.003,-2.324e-05,CSPII,Ia,0.973,1,0,-0.1319999999999979,0.07602631123499284,0.0,10.23,10.4,10.48,-1.0,-1.0,-0.00010775999999999998,,
ASAS15db,0.01099,0.0113676,0.955,0.003,15.111,0.008,-6.1,0.029,0.0029,-1.858e-06,CSPII,Ia,0.975,0,0,0.0860000000000003,0.006403124237432849,0.0,9.98,10.11,10.19,-1.0,-1.0,3.0610000000000004e-06,,
ASAS15dd,0.0243567,0.0247417,0.849,0.006,16.659,0.01,-0.8,0.0461,0.0046,-3.731e-06,CSPII,Ia,0.962,0,0,-0.0070000000000014495,0.009219544457292887,0.0,10.31,10.41,10.52,-1.0,-1.0,-1.3378999999999998e-05,,
ASAS15eb,0.01647,0.0173082,0.821,0.018,15.937,0.024,-0.9,0.1652,0.0165,-8.834e-05,CSPII,Ia,0.978,0,1,-0.12899999999999956,0.015620499351813309,0.0,10.79,10.96,11.4,-1.0,-1.0,-7.844e-05,,
ASAS15fr,0.0334133,0.0345082,0.905,0.021,17.564,0.065,1.4,0.0321,0.0032,-1.002e-05,CSPII,Ia-91T,0.978,1,1,-0.13299999999999912,0.0658027355054484,0.0,9.89,9.98,10.06,-1.0,-1.0,1.3709e-05,,
ASAS15ga,0.0066267,0.0076517,0.496,0.03,15.073,0.173,2.1,0.0236,0.0024,-0.000408,CSPII,Ia-91bg,0.966,0,1,0.43100000000000094,0.04957822102496216,0.0,10.18,10.38,10.48,-1.0,-1.0,-0.0003347,,
ASAS15go,0.01891,0.0192546,1.071,0.012,16.426,0.011,-4.0,0.1369,0.0137,1.399e-06,CSPII,Ia,0.981,0,1,0.22400000000000198,0.006403124237432849,0.0,10.04,10.18,10.27,-1.0,-1.0,2.0911e-05,,
ASAS15gr,0.0242832,0.0247678,1.035,0.007,16.565,0.01,-3.4,0.0823,0.0082,-6.825e-06,CSPII,Ia,0.983,0,1,-0.036000000000001364,0.006403124237432849,0.0,8.82,8.94,9.02,-1.0,-1.0,1.0612e-05,,
ASAS15hf,0.0061733,0.0072452,0.943,0.005,14.571,0.015,-7.8,0.0854,0.0085,1.346e-06,CSPII,Ia,0.961,0,1,0.009000000000000341,0.01,0.0,9.39,9.56,9.97,-1.0,-1.0,3.3200000000000004e-06,,
ASAS15hg,0.02975,0.0308678,0.82,0.02,17.352,0.061,1.7,0.041,0.0041,-2.237e-06,CSPII,Ia,0.985,1,0,0.06299999999999883,0.060802960454241044,0.0,10.3,10.42,10.51,-1.0,-1.0,-2.309e-05,,
ASAS15hx,0.0083,0.0092051,1.039,0.005,13.962,0.008,-11.2,0.0415,0.0042,8.296e-07,CSPII,Ia,0.909,0,1,-0.030000000000001137,0.005,0.0,7.06,7.45,7.89,-1.0,-1.0,7.7367e-06,,
CSP12G,0.0369744,0.0379661,1.159,0.029,17.646,0.07,8.9,0.0283,0.0028,0.0001745,CSPII,Ia,0.985,1,0,0.11499999999999844,0.0738173421358423,0.0,8.29,8.41,8.49,-1.0,-1.0,-0.00017449000000000002,,
CSP12J,0.01468,0.0149235,0.484,0.025,15.974,0.076,5.0,0.0678,0.0068,-4.634e-05,CSPII,Ia,0.917,0,0,0.5549999999999997,0.12841339493993606,0.0,9.97,10.09,10.2,-1.0,-1.0,-0.0001782,,
CSP12N,0.0971328,0.0982741,1.053,0.012,19.64,0.011,-8.9,0.0429,0.0043,7.431e-06,CSPII,Ia,0.985,1,0,-0.11400000000000077,0.00848528137423857,0.0,7.32,7.51,7.66,-1.0,-1.0,5.983e-05,,
CSP13N,0.04776,0.0487969,1.138,0.025,17.79,0.063,3.2,0.0238,0.0024,4.367e-05,CSPII,Ia-91T,0.976,1,0,-0.003999999999997783,0.06661080993352356,0.0,9.88,10.07,10.24,-1.0,-1.0,-0.00011703,,
CSP13Q,0.089,0.0887656,0.76,0.231,19.571,0.114,1.8,0.0287,0.0029,-0.009811,CSPII,Ia,0.986,1,0,-0.046999999999997044,0.08154140052758477,0.0,10.06,10.25,10.74,-1.0,-1.0,0.00034428,,
CSP13V,0.0599585,0.0611394,1.05,0.082,18.576,0.049,17.9,0.0474,0.0047,-0.001274,CSPII,Ia,0.987,0,0,-0.14199999999999946,0.1430873858870865,0.0,11.5,11.5,11.5,-1.0,-1.0,0.0023639999999999998,,
CSP13Z,0.0788454,0.0800694,1.19,0.015,18.962,0.016,-7.1,0.0484,0.0048,6.933e-05,CSPII,Ia-91T,0.98,1,0,-0.022999999999999687,0.01063014581273465,0.0,8.25,8.35,8.85,-1.0,-1.0,-3.0689999999999998e-06,,
CSP13aad,0.0868,0.0865709,1.19,0.033,19.257,0.072,3.2,0.0206,0.0021,0.0001711,CSPII,Ia,0.979,1,0,0.019999999999999574,0.06940461079784253,0.0,9.59,9.65,9.8,-1.0,-1.0,-1.0499999999999998e-05,,
CSP13aaf,0.0775863,0.0787193,1.136,0.015,19.062,0.012,-5.6,0.0222,0.0022,1.981e-05,CSPII,Ia,0.978,1,0,-0.05600000000000094,0.00848528137423857,0.0,10.53,10.66,11.04,-1.0,-1.0,-6.653e-05,,
CSP13aam,0.0749481,0.0750921,1.136,0.017,19.107,0.015,-1.2,0.1643,0.0164,4.123e-05,CSPII,Ia,0.968,1,0,-0.15500000000000114,0.012727922061357855,0.0,8.65,9.05,9.23,-1.0,-1.0,-0.00010781000000000001,,
CSP13aao,0.0613575,0.0616022,0.696,0.049,18.588,0.106,0.8,0.0444,0.0044,-0.001308,CSPII,Ia,0.978,1,0,0.125,0.08683893136145793,0.0,9.8,9.93,10.09,-1.0,-1.0,-0.00030082000000000004,,
CSP13aaq,0.0597586,0.0597706,0.984,0.007,18.718,0.016,-6.8,0.0293,0.0029,4.092e-06,CSPII,Ia,0.969,1,0,-0.054999999999999716,0.01131370849898476,0.0,11.5,11.5,11.5,-1.0,-1.0,-3.56e-06,,
CSP13aay,0.0589592,0.0587551,1.14,0.012,18.814,0.012,-1.6,0.0159,0.0016,2.011e-05,CSPII,Ia,0.955,1,0,0.03900000000000148,0.009219544457292887,0.0,11.5,11.5,11.5,-1.0,-1.0,-5.723e-05,,
CSP13abl,0.0403721,0.0406288,0.817,0.051,19.374,0.028,-5.1,0.0862,0.0086,0.0004807,CSPII,Ia,0.42,1,0,1.0730000000000004,0.06264982043070834,0.0,8.9,8.91,9.04,-1.0,-1.0,8.909999999999994e-05,,
CSP13abm,0.0281805,0.027529,1.129,0.01,17.152,0.01,-4.0,0.1485,0.0149,1.675e-05,CSPII,Ia,0.747,0,1,-0.006000000000000227,0.00848528137423857,0.0,11.5,11.5,11.5,-1.0,-1.0,-3.2085e-05,,
CSP13abs,0.0771466,0.0783462,1.208,0.014,18.92,0.019,-6.5,0.0208,0.0021,4.115e-05,CSPII,Ia-91T,0.983,1,0,-0.06099999999999994,0.016278820596099707,0.0,6.23,6.36,6.48,-1.0,-1.0,-1.7099999999999955e-06,,
CSP14aaq,0.0359133,0.0361755,0.898,0.015,17.37,0.03,-6.7,0.0524,0.0052,6.179e-05,CSPII,Ia,0.986,1,0,-0.08999999999999986,0.020518284528683192,0.0,11.01,11.08,11.48,-1.0,-1.0,4.0090000000000004e-05,,
CSP14aar,0.0421708,0.0423854,0.982,0.022,17.812,0.011,-0.9,0.0934,0.0093,-2.371e-05,CSPII,Ia,0.986,1,0,-0.021000000000000796,0.007211102550927979,0.0,8.9,9.07,9.42,-1.0,-1.0,-6.576e-06,,
CSP14abk,0.0797448,0.0797387,0.96,0.025,18.338,0.033,-4.7,0.0663,0.0066,-6.027e-05,CSPII,Ia,0.0,0,0,0.08099999999999952,0.02831960451701259,0.0,11.5,11.5,11.5,-1.0,-1.0,4.999999999999986e-06,,
CSP14abn,0.0225,0.0232746,1.007,0.005,16.372,0.007,-1.4,0.0747,0.0075,-9.185e-06,CSPII,Ia,0.976,0,0,-0.0259999999999998,0.004242640687119285,0.0,9.59,9.75,10.24,-1.0,-1.0,1.0395e-06,,
CSP14acl,0.0299792,0.0289327,0.96,0.008,17.507,0.019,-0.2,0.0264,0.0026,-2.761e-05,CSPII,Ia,0.081,0,0,-0.07099999999999795,0.015,0.0,11.5,11.5,11.5,-1.0,-1.0,-1.456e-05,,
CSP14acy,0.0663741,0.0660269,0.966,0.011,18.306,0.021,-1.8,0.0174,0.0017,-4.995e-05,CSPII,Ia-91T,0.027,1,0,0.12199999999999989,0.017804493814764857,0.0,7.86,8.19,8.33,-1.0,-1.0,-6.139999999999999e-06,,
CSP14adc,0.03244,0.031651,0.811,0.01,17.462,0.015,-3.2,0.0949,0.0095,1.259e-05,CSPII,Ia,0.976,1,1,0.23200000000000287,0.011401754250991379,0.0,10.67,10.81,11.14,-1.0,-1.0,-7.78e-06,,
CSP14ade,0.0624568,0.0626358,1.228,0.013,18.454,0.017,-7.4,0.077,0.0077,3.245e-05,CSPII,Ia-91T,0.963,1,0,0.03500000000000014,0.012041594578792296,0.0,10.33,10.49,10.97,-1.0,-1.0,4.379999999999995e-06,,
CSP15B,0.0198862,0.0208198,0.718,0.006,16.444,0.011,-3.8,0.0641,0.0064,-5.814e-06,CSPII,Ia,0.966,0,1,0.1399999999999988,0.010816653826391968,0.0,10.78,10.95,11.42,-1.0,-1.0,7.780000000000002e-06,,
CSP15aae,0.0161833,0.0169733,0.505,0.004,16.521,0.011,-6.7,0.0226,0.0023,1.299e-05,CSPII,Ia-91bg,0.981,0,1,0.4540000000000006,0.01063014581273465,0.0,10.96,11.14,11.26,-1.0,-1.0,-7.608e-06,,
KISS13j,0.0765333,0.0776331,0.895,0.026,19.364,0.026,-1.3,0.0326,0.0033,-1.092e-05,CSPII,Ia,0.963,1,0,0.1319999999999979,0.020808652046684813,0.0,9.65,9.83,10.21,-1.0,-1.0,9.077e-05,,
KISS13l,0.1320086,0.1330018,1.087,0.115,20.29,0.09,1.9,0.0137,0.0014,-0.0009566,CSPII,Ia,0.987,1,0,-0.038000000000000256,0.09964436762808021,0.0,8.32,8.69,8.85,-1.0,-1.0,-0.0026266,,
KISS13v,0.0954,0.0962132,0.984,0.014,19.619,0.022,-9.1,0.0195,0.002,2.781e-05,CSPII,Ia,0.98,1,0,0.0940000000000012,0.01769180601295413,0.0,11.5,11.5,11.5,-1.0,-1.0,-2.2810000000000007e-05,,
KISS15m,0.02432,0.0253844,0.425,0.009,17.743,0.031,-6.1,0.0277,0.0028,0.0001561,CSPII,Ia-91bg,0.958,0,0,0.6219999999999999,0.03176476034853718,0.0,9.67,9.78,9.94,-1.0,-1.0,2.099e-05,,
KISS15n,0.023084,0.0239783,1.225,0.009,16.055,0.015,-14.0,0.0088,0.0009,3.187e-05,CSPII,Ia-91T,0.85,0,1,0.09700000000000131,0.01063014581273465,0.0,7.8,8.0,8.17,-1.0,-1.0,1.026e-05,,
LSQ11bk,0.0402721,0.0400251,1.071,0.016,17.859,0.013,-0.7,0.0936,0.0094,-1.607e-05,CSPII,Ia,0.967,1,0,-0.0779999999999994,0.01063014581273465,0.0,6.5,6.53,6.59,-1.0,-1.0,2.1769999999999997e-05,,
LSQ11ot,0.02732,0.0273222,0.982,0.004,17.732,0.008,-5.3,0.1581,0.0158,-9.274e-07,CSPII,Ia,0.976,1,1,0.3200000000000003,0.006403124237432849,0.0,10.0,10.17,10.22,-1.0,-1.0,9.700000000000009e-08,,
LSQ11pn,0.0326533,0.0326611,0.503,0.008,17.563,0.018,-5.0,0.1457,0.0146,2.212e-05,CSPII,Ia,0.948,1,1,0.2870000000000026,0.01769180601295413,0.0,10.52,10.7,10.8,-1.0,-1.0,-2.373e-05,,
LSQ12agq,0.0641556,0.0653581,1.152,0.027,18.947,0.067,3.0,0.0371,0.0037,9.007e-05,CSPII,Ia,0.986,1,0,0.08899999999999864,0.07300684899377592,0.0,9.29,9.3,9.43,-1.0,-1.0,-0.0001611,,
LSQ12aor,0.0933354,0.0945588,0.923,0.018,19.813,0.023,-4.7,0.0415,0.0042,-6.487e-05,CSPII,Ia,0.986,1,0,-0.06899999999999906,0.02469817807045694,0.0,9.67,9.85,10.15,-1.0,-1.0,7.897999999999999e-05,,
LSQ12bld,0.0833623,0.084303,0.896,0.009,19.477,0.012,-7.9,0.0233,0.0023,2.67e-05,CSPII,Ia,0.987,1,0,0.0779999999999994,0.014422205101855958,0.0,10.42,10.55,10.64,-1.0,-1.0,3.076e-05,,
LSQ12btn,0.0541733,0.0552706,0.829,0.01,18.662,0.015,-1.7,0.0333,0.0033,-2.629e-05,CSPII,Ia,0.986,1,0,0.10000000000000142,0.01063014581273465,0.0,10.84,10.9,10.94,-1.0,-1.0,-2.3436e-05,,
LSQ12ca,0.0994,0.0995466,0.947,0.032,19.681,0.076,1.1,0.0417,0.0042,-0.0002397,CSPII,Ia,0.962,0,0,-0.04999999999999716,0.07280109889280519,0.0,10.34,10.44,10.64,-1.0,-1.0,-6.7e-06,,
LSQ12cda,0.1374948,0.1384035,0.813,0.126,20.552,0.11,3.9,0.0284,0.0028,-0.005289,CSPII,Ia,0.859,1,0,0.045000000000001705,0.1265701386583739,0.0,9.69,9.82,9.98,-1.0,-1.0,-0.003626,,
LSQ12cdl,0.1079253,0.1090245,0.994,0.044,19.848,0.074,0.5,0.0492,0.0049,-0.0003024,CSPII,Ia,0.986,1,0,-0.14099999999999824,0.07280109889280519,0.0,8.79,8.81,8.93,-1.0,-1.0,0.000384,,
LSQ12fuk,0.0205857,0.0205571,1.004,0.006,16.336,0.01,-0.2,0.0714,0.0071,-1.785e-05,CSPII,Ia,0.982,0,1,-0.008000000000000895,0.012041594578792296,0.0,8.2,8.34,8.45,-1.0,-1.0,-1.4543999999999998e-05,,
LSQ12fvl,0.05593,0.055977,0.596,0.009,18.895,0.017,-5.9,0.0179,0.0018,-3.483e-05,CSPII,Ia,0.981,1,0,0.24599999999999866,0.0170293863659264,0.0,10.55,10.74,10.93,-1.0,-1.0,-2.8799999999999995e-06,,
LSQ12fxd,0.03122,0.0313344,1.16,0.006,16.968,0.008,-9.8,0.0217,0.0022,1.386e-05,CSPII,Ia,0.98,1,1,-0.006000000000000227,0.00565685424949238,0.0,10.16,10.28,10.4,-1.0,-1.0,-1.1723e-05,,
LSQ12gdj,0.0303033,0.0292813,1.165,0.007,16.669,0.009,-11.2,0.0199,0.002,1.335e-05,CSPII,Ia-91T,0.969,1,1,-0.030999999999998806,0.007071067811865475,0.0,8.36,8.66,8.76,-1.0,-1.0,-1.640711e-05,,
LSQ12gef,0.0641556,0.0631798,1.176,0.033,19.003,0.066,0.2,0.0512,0.0051,0.0001163,CSPII,Ia,0.987,0,0,0.2690000000000019,0.0658027355054484,0.0,11.5,11.5,11.5,-1.0,-1.0,-8.457999999999999e-05,,
LSQ12gln,0.1020294,0.1021611,1.109,0.014,19.801,0.01,-3.9,0.0201,0.002,1.74e-05,CSPII,Ia,0.986,1,0,-0.0660000000000025,0.0078102496759066544,0.0,8.6,8.75,9.07,-1.0,-1.0,-5.801e-05,,
LSQ12gxj,0.0353,0.034596,1.092,0.01,18.163,0.007,-9.8,0.0571,0.0057,8.307e-06,CSPII,Ia,0.655,0,0,0.2640000000000029,0.00565685424949238,0.0,9.06,9.18,9.31,-1.0,-1.0,7.7327e-06,,
LSQ12gyc,0.0931355,0.0924863,1.148,0.028,19.564,0.015,-0.6,0.0211,0.0021,4.667e-05,CSPII,Ia,0.98,0,0,-0.045999999999999375,0.010816653826391968,0.0,11.5,11.5,11.5,-1.0,-1.0,-0.00014244,,
LSQ12gzm,0.0999308,0.0993978,1.143,0.026,19.991,0.016,-5.9,0.0208,0.0021,2.47e-05,CSPII,Ia,0.986,0,0,0.030000000000001137,0.014212670403551895,0.0,11.5,11.5,11.5,-1.0,-1.0,-0.00017916,,
LSQ12hjm,0.0713506,0.0707978,0.962,0.005,18.982,0.007,-5.8,0.0246,0.0025,1.301e-06,CSPII,Ia,0.982,0,0,-0.06800000000000139,0.00565685424949238,0.0,9.93,10.09,10.25,-1.0,-1.0,9.110000000000003e-07,,
LSQ12hno,0.0472673,0.0468084,0.989,0.014,18.43,0.015,-1.1,0.0994,0.0099,-5.194e-05,CSPII,Ia,0.983,1,0,0.04900000000000304,0.01,0.0,7.64,7.7,7.9,-1.0,-1.0,1.8849999999999997e-05,,
LSQ12hnr,0.1243,0.1255265,1.095,0.07,20.331,0.076,1.9,0.0324,0.0032,-0.0002411,CSPII,Ia,0.982,1,0,0.006000000000000227,0.07684399781375251,0.0,7.93,8.05,8.16,-1.0,-1.0,-0.00071471,,
LSQ12hvj,0.0712507,0.0723911,1.167,0.015,19.062,0.015,-5.3,0.0458,0.0046,6.265e-05,CSPII,Ia,0.986,1,0,0.08099999999999952,0.009899494936611667,0.0,8.79,9.05,9.22,-1.0,-1.0,-4.173e-05,,
LSQ12hxx,0.06936,0.0689135,1.19,0.024,18.893,0.021,-0.6,0.0153,0.0015,0.0001518,CSPII,Ia,0.986,1,0,0.0779999999999994,0.016401219466856725,0.0,10.28,10.45,10.58,-1.0,-1.0,-3.5000000000000038e-06,,
LSQ12hzj,0.0334,0.0345752,0.969,0.004,17.277,0.009,-4.1,0.0569,0.0057,-2.437e-06,CSPII,Ia,0.985,1,1,-0.06899999999999906,0.007071067811865475,0.0,9.32,9.35,9.73,-1.0,-1.0,-6.789999999999998e-07,,
LSQ12hzs,0.07208,0.0718169,1.02,0.018,19.226,0.013,-7.8,0.0227,0.0023,1.567e-05,CSPII,Ia,0.985,1,0,0.09999999999999787,0.01063014581273465,0.0,9.88,10.02,10.42,-1.0,-1.0,4.6909999999999996e-05,,
LSQ13abo,0.0674467,0.0681328,0.88,0.019,19.158,0.023,-7.0,0.0906,0.0091,0.000139,CSPII,Ia,0.986,1,0,0.20700000000000074,0.02778488797889961,0.0,10.04,10.31,10.34,-1.0,-1.0,0.00019780000000000004,,
LSQ13aiz,0.0092,0.0102493,0.964,0.006,14.244,0.018,-8.4,0.0788,0.0079,9.172e-06,CSPII,Ia,0.716,0,1,0.08000000000000007,0.008602325267042627,0.0,8.12,8.24,8.34,-1.0,-1.0,7.829000000000002e-06,,
LSQ13cwp,0.0666,0.0662474,0.944,0.017,18.948,0.025,-6.6,0.1326,0.0133,2.793e-05,CSPII,Ia,0.986,1,0,0.08800000000000097,0.022803508501982758,0.0,10.39,10.54,10.7,-1.0,-1.0,3.199999999999999e-05,,
LSQ13dby,0.0999308,0.0995683,1.139,0.014,19.928,0.012,-5.8,0.0093,0.0009,1.721e-05,CSPII,Ia,0.865,1,0,-0.03999999999999915,0.01063014581273465,0.0,11.5,11.5,11.5,-1.0,-1.0,-7.1264e-05,,
LSQ13dcy,0.0801,0.0800671,0.94,0.025,19.487,0.019,-4.1,0.0408,0.0041,-6.533e-05,CSPII,Ia,0.929,1,0,0.11599999999999966,0.0191049731745428,0.0,9.01,9.18,9.34,-1.0,-1.0,-2.1099999999999998e-05,,
LSQ13dhj,0.0935,0.0929027,1.167,0.019,19.704,0.02,-6.7,0.0132,0.0013,9.516e-05,CSPII,Ia,0.985,1,0,0.05999999999999872,0.0191049731745428,0.0,8.27,8.63,8.78,-1.0,-1.0,-0.000116151,,
LSQ13dkp,0.0689367,0.0685268,0.646,0.009,19.175,0.016,-4.6,0.0145,0.0015,-3.096e-05,CSPII,Ia,0.963,1,0,0.00999999999999801,0.01345362404707371,0.0,10.61,10.8,10.92,-1.0,-1.0,2.600000000000002e-06,,
LSQ13dpm,0.0508648,0.0520617,1.054,0.009,18.369,0.007,-7.8,0.0529,0.0053,-3.872e-07,CSPII,Ia,0.984,1,0,-0.00999999999999801,0.005,0.0,9.06,9.17,9.6,-1.0,-1.0,2.451e-05,,
LSQ13dqh,0.1038,0.1035425,1.19,0.022,19.902,0.017,-5.5,0.0501,0.005,8.271e-05,CSPII,Ia,0.969,1,0,-0.030999999999998806,0.0170293863659264,0.0,11.5,11.5,11.5,-1.0,-1.0,-2.2673e-05,,
LSQ13dsm,0.0423707,0.0419767,0.909,0.004,17.845,0.01,-11.8,0.0088,0.0009,4.578e-06,CSPII,Ia,0.984,1,0,-0.015999999999998238,0.0078102496759066544,0.0,8.85,9.01,9.14,-1.0,-1.0,6.349e-06,,
LSQ13lq,0.0755477,0.0765051,1.069,0.026,18.889,0.007,-6.0,0.0215,0.0022,1.433e-06,CSPII,Ia,0.951,1,0,-0.07099999999999795,0.00565685424949238,0.0,8.0,8.44,8.63,-1.0,-1.0,2.819e-05,,
LSQ13pf,0.0860404,0.0870045,0.915,0.039,19.684,0.072,1.3,0.0558,0.0056,-0.000121,CSPII,Ia-91T,0.957,1,0,0.23300000000000054,0.07300684899377592,0.0,10.14,10.26,10.44,-1.0,-1.0,-2.0199999999999976e-06,,
LSQ13ry,0.0298367,0.031032,0.881,0.006,17.253,0.014,-12.1,0.0403,0.004,1.442e-05,CSPII,Ia,0.971,1,1,-0.047999999999998266,0.011401754250991379,0.0,9.54,9.64,9.7,-1.0,-1.0,1.1769999999999999e-05,,
LSQ13vy,0.0417711,0.0421068,0.891,0.005,18.124,0.011,-5.8,0.0676,0.0068,8.641e-06,CSPII,Ia,0.985,1,0,0.07599999999999696,0.0078102496759066544,0.0,10.15,10.17,10.33,-1.0,-1.0,6.516e-06,,
LSQ14act,0.05905,0.0594518,0.691,0.007,18.866,0.013,-3.2,0.2269,0.0227,-2.559e-05,CSPII,Ia,0.976,1,0,0.0030000000000001137,0.009899494936611667,0.0,10.07,10.17,10.61,-1.0,-1.0,-5.88e-06,,
LSQ14age,0.0805442,0.0815802,1.115,0.014,19.314,0.013,-11.9,0.0576,0.0058,4.001e-05,CSPII,Ia,0.976,1,0,-0.008999999999996788,0.012806248474865698,0.0,8.33,8.42,8.59,-1.0,-1.0,-8.5248e-05,,
LSQ14ahc,0.0508648,0.0517592,1.222,0.01,18.054,0.011,-7.9,0.0461,0.0046,1.457e-05,CSPII,Ia,0.986,1,0,-0.028999999999999915,0.01063014581273465,0.0,8.89,9.13,9.62,-1.0,-1.0,5.159999999999998e-06,,
LSQ14ahm,0.0497655,0.0509869,1.156,0.009,18.115,0.012,-10.5,0.0274,0.0027,2.374e-05,CSPII,Ia,0.986,1,0,-0.05099999999999838,0.01063014581273465,0.0,8.03,8.2,8.37,-1.0,-1.0,-3.93049e-05,,
LSQ14ajn,0.02101,0.0221584,0.654,0.004,16.655,0.01,-0.3,0.0193,0.0019,-1.764e-05,CSPII,Ia,0.979,0,1,0.07499999999999929,0.009219544457292887,0.0,9.95,10.11,10.3,-1.0,-1.0,-7.017e-06,,
LSQ14asu,0.0683967,0.069594,0.767,0.013,19.37,0.013,-3.6,0.0372,0.0037,-1.897e-05,CSPII,Ia,0.927,1,0,0.004000000000001336,0.011401754250991379,0.0,10.51,10.67,10.86,-1.0,-1.0,3.8618e-05,,
LSQ14auy,0.0824129,0.0832263,1.147,0.017,19.385,0.015,-4.1,0.0669,0.0067,5.31e-05,CSPII,Ia,0.987,1,0,-0.012000000000000455,0.012727922061357855,0.0,10.61,10.74,11.19,-1.0,-1.0,-0.00011598999999999999,,
LSQ14azy,0.0457633,0.0469322,1.134,0.026,18.172,0.063,3.6,0.0164,0.0016,1.561e-05,CSPII,Ia,0.981,0,0,0.0730000000000004,0.06661080993352356,0.0,9.75,9.94,10.1,-1.0,-1.0,-0.00013348,,
LSQ14ba,0.0775463,0.0787677,0.958,0.006,19.323,0.012,-6.9,0.0493,0.0049,3.347e-06,CSPII,Ia,0.986,1,0,0.03500000000000014,0.01345362404707371,0.0,9.3,9.47,9.87,-1.0,-1.0,7.799999999999993e-07,,
LSQ14bbv,0.0587593,0.058439,1.039,0.011,18.599,0.009,-2.5,0.0464,0.0046,-2.283e-05,CSPII,Ia,0.986,0,0,0.007999999999999119,0.007071067811865475,0.0,10.9,11.02,11.14,-1.0,-1.0,3.095e-05,,
LSQ14bjj,0.0811438,0.0819882,1.01,0.009,19.25,0.011,-4.3,0.0408,0.0041,-1.766e-05,CSPII,Ia,0.986,1,0,-0.07499999999999929,0.008602325267042627,0.0,8.3,8.46,8.91,-1.0,-1.0,1.4660000000000002e-05,,
LSQ14fms,0.077946,0.0773231,0.848,0.015,19.32,0.018,-3.2,0.0143,0.0014,-4.124e-05,CSPII,Ia,0.986,1,0,0.17100000000000293,0.016278820596099707,0.0,10.0,10.11,10.49,-1.0,-1.0,-3.62e-05,,
LSQ14foj,0.0460667,0.0451705,1.012,0.01,17.968,0.014,-10.9,0.0121,0.0012,2.158e-05,CSPII,Ia,0.986,1,0,0.04999999999999716,0.01063014581273465,0.0,8.33,8.44,8.7,-1.0,-1.0,1.3230000000000002e-05,,
LSQ14fom,0.05626,0.0553279,0.947,0.009,18.359,0.015,-8.2,0.0184,0.0018,9.748e-06,CSPII,Ia,0.978,1,0,0.022999999999999687,0.01131370849898476,0.0,9.4,9.54,9.72,-1.0,-1.0,2.1299999999999982e-06,,
LSQ14gfb,0.0527067,0.0527873,0.586,0.033,19.118,0.082,6.0,0.0159,0.0016,-0.000344,CSPII,Ia,0.985,1,0,0.5300000000000011,0.06226556030423239,0.0,10.11,10.3,10.64,-1.0,-1.0,-2.409999999999999e-05,,
LSQ14gfn,0.1216158,0.1210925,1.073,0.091,20.164,0.034,-3.0,0.0332,0.0033,-0.0001693,CSPII,Ia,0.967,1,0,0.05099999999999838,0.032015621187164243,0.0,10.42,10.54,10.88,-1.0,-1.0,-2.0300000000000006e-05,,
LSQ14ghv,0.0666539,0.0662566,0.968,0.009,19.045,0.015,-3.5,0.0088,0.0009,-3.358e-05,CSPII,Ia,0.981,1,0,-0.015999999999998238,0.011401754250991379,0.0,10.06,10.18,10.31,-1.0,-1.0,1.1220000000000001e-05,,
LSQ14gov,0.089538,0.0892443,1.052,0.011,19.384,0.009,-9.5,0.0357,0.0036,7.474e-06,CSPII,Ia,0.985,1,0,-0.1039999999999992,0.0078102496759066544,0.0,8.85,9.02,9.19,-1.0,-1.0,5.347e-05,,
LSQ14ie,0.089538,0.0905466,1.162,0.011,19.584,0.015,-8.1,0.0717,0.0072,5.311e-05,CSPII,Ia,0.983,1,0,-0.00999999999999801,0.012041594578792296,0.0,7.95,8.08,8.21,-1.0,-1.0,-4.7246e-05,,
LSQ14ip,0.0612967,0.0624196,0.509,0.01,19.343,0.02,-7.3,0.0373,0.0037,4.523e-05,CSPII,Ia,0.987,1,0,0.33800000000000097,0.022803508501982758,0.0,10.01,10.18,10.31,-1.0,-1.0,-4.4460000000000005e-05,,
LSQ14jp,0.04539,0.0464896,0.675,0.007,18.415,0.012,-8.4,0.053,0.0053,-1.698e-05,CSPII,Ia,0.986,1,0,0.12300000000000111,0.01,0.0,10.48,10.54,10.81,-1.0,-1.0,9.834e-06,,
LSQ14mc,0.05662,0.0575661,0.963,0.004,18.517,0.008,-6.6,0.0207,0.0021,2.642e-08,CSPII,Ia,0.986,1,0,-0.02699999999999747,0.006403124237432849,0.0,9.16,9.17,9.43,-1.0,-1.0,-2.48e-07,,
LSQ14q,0.0669503,0.067871,0.957,0.004,18.874,0.009,-12.7,0.0198,0.002,5.325e-06,CSPII,Ia,0.987,1,0,-0.045999999999999375,0.00848528137423857,0.0,8.92,9.32,9.42,-1.0,-1.0,-3.3000000000000023e-07,,
LSQ14wp,0.0694519,0.0706148,1.134,0.012,18.736,0.013,-7.8,0.0207,0.0021,3.392e-05,CSPII,Ia-91T,0.984,1,0,-0.037000000000002586,0.01063014581273465,0.0,7.23,7.48,7.59,-1.0,-1.0,-5.6905000000000005e-05,,
LSQ14xi,0.0507429,0.0519014,1.142,0.011,18.497,0.013,-8.6,0.0368,0.0037,2.398e-05,CSPII,Ia,0.986,1,0,0.21799999999999997,0.01063014581273465,0.0,10.77,10.9,11.07,-1.0,-1.0,-3.98226e-05,,
LSQ15aae,0.0515643,0.0517701,1.218,0.007,18.298,0.01,-5.5,0.0616,0.0062,3.539e-06,CSPII,Ia-91T,0.982,1,0,0.07700000000000173,0.00848528137423857,0.0,10.1,10.27,10.46,-1.0,-1.0,-3.200000000000003e-07,,
LSQ15agh,0.0599585,0.0610193,1.134,0.008,18.472,0.009,-5.6,0.0216,0.0022,1.864e-05,CSPII,Ia,0.987,1,0,-0.031999999999996476,0.0078102496759066544,0.0,9.72,9.87,9.99,-1.0,-1.0,-3.6543999999999994e-05,,
LSQ15aja,0.0699516,0.0699657,1.032,0.011,18.855,0.018,-9.0,0.0545,0.0054,1.612e-05,CSPII,Ia,0.984,1,0,-0.08699999999999974,0.009433981132056603,0.0,7.34,7.46,7.58,-1.0,-1.0,6.0238e-05,,
LSQ15alq,0.0470667,0.0480953,0.921,0.005,17.954,0.008,-12.1,0.0668,0.0067,3.33e-06,CSPII,Ia,0.97,1,0,-0.0020000000000024443,0.006403124237432849,0.0,10.22,10.4,10.82,-1.0,-1.0,6.838999999999999e-06,,
LSQ15bv,0.0689,0.0701168,0.952,0.009,18.929,0.015,-1.8,0.0443,0.0044,-3.591e-05,CSPII,Ia,0.985,1,0,-0.0010000000000012221,0.014422205101855958,0.0,10.39,10.56,10.77,-1.0,-1.0,-3.6105999999999996e-05,,
PS1-13eao,0.0377533,0.037362,0.89,0.045,19.253,0.024,-1.9,0.0107,0.0011,-0.0001405,CSPII,Ia,0.0,1,0,1.5489999999999995,0.09631718434422801,0.0,10.56,10.73,11.04,-1.0,-1.0,-0.00015690000000000002,,
PS1-14ra,0.0280833,0.0287982,0.777,0.006,17.083,0.008,-0.1,0.023,0.0023,-3.511e-06,CSPII,Ia,0.984,1,1,0.05999999999999872,0.006403124237432849,0.0,10.35,10.65,10.72,-1.0,-1.0,-7.999999999999754e-09,,
PS1-14rx,0.0669536,0.0680019,0.846,0.018,19.13,0.03,-8.2,0.0266,0.0027,0.0001518,CSPII,Ia,0.981,1,0,-0.021999999999998465,0.02690724809414742,0.0,9.77,9.89,10.06,-1.0,-1.0,8.079999999999999e-05,,
PS1-14xw,0.0245,0.0245957,1.039,0.01,16.478,0.01,-3.2,0.0656,0.0066,-1.258e-05,CSPII,Ia,0.975,0,0,0.0259999999999998,0.006403124237432849,0.0,11.11,11.24,11.71,-1.0,-1.0,2.213e-05,,
PS15sv,0.033277,0.0335844,0.993,0.005,17.088,0.011,-3.9,0.0782,0.0078,-2.475e-06,CSPII,Ia-91T,0.977,1,1,0.010999999999999233,0.009219544457292887,0.0,8.2,8.31,8.56,-1.0,-1.0,-4.999999999999986e-07,,
PTF11pbp,0.0289033,0.0276702,1.15,0.007,16.888,0.01,-6.4,0.0507,0.0051,1.756e-05,CSPII,Ia,0.984,1,1,0.054999999999999716,0.007071067811865475,0.0,10.73,10.88,10.97,-1.0,-1.0,-2.4789e-05,,
PTF11ppn,0.0672534,0.0661869,0.641,0.037,18.86,0.094,7.4,0.132,0.0132,-0.0002791,CSPII,Ia-91bg,0.154,1,0,0.18900000000000006,0.17917589123540031,0.0,10.96,11.02,11.06,-1.0,-1.0,0.00017540000000000004,,
PTF11pra,0.0175433,0.0167242,0.439,0.017,16.995,0.059,0.9,0.0243,0.0024,4.798e-06,CSPII,Ia,0.981,0,0,0.9200000000000017,0.06,0.0,10.57,10.68,10.75,-1.0,-1.0,-3.1940000000000003e-06,,
PTF11qnr,0.0162167,0.0149985,0.806,0.008,15.923,0.013,-9.3,0.0556,0.0056,1.566e-05,CSPII,Ia,0.979,0,1,0.2550000000000008,0.009219544457292887,0.0,10.38,10.65,10.7,-1.0,-1.0,4.969999999999998e-06,,
PTF13anh,0.0614575,0.0624543,0.944,0.007,18.734,0.012,-10.7,0.0224,0.0022,1.91e-05,CSPII,Ia,0.979,1,0,-0.16999999999999815,0.018439088914585774,0.0,7.29,7.48,7.66,-1.0,-1.0,1.2420000000000003e-05,,
PTF13duj,0.01694,0.015867,1.156,0.014,15.749,0.019,-7.0,0.0665,0.0067,6.165e-05,CSPII,Ia,0.965,0,1,0.057000000000000384,0.012041594578792296,0.0,10.61,10.73,10.82,-1.0,-1.0,-5.6117e-05,,
PTF13dwl,0.0874395,0.0863561,1.088,0.04,19.31,0.015,-5.3,0.0613,0.0061,3.876e-05,CSPII,Ia,0.987,1,0,-0.03400000000000247,0.011401754250991379,0.0,8.42,8.74,8.98,-1.0,-1.0,7.794e-05,,
PTF13dym,0.04213,0.0409061,0.509,0.024,17.819,0.052,-5.8,0.0379,0.0038,0.0001216,CSPII,Ia-91bg,0.0,1,0,0.09600000000000009,0.04951767361255979,0.0,9.25,9.45,9.88,-1.0,-1.0,-9.81e-05,,
PTF13dyt,0.1099239,0.109862,0.96,0.057,19.87,0.186,-7.0,0.0458,0.0046,0.0002302,CSPII,Ia-pec,,0,0,-0.2699999999999996,0.08360023923410746,0.0,11.5,11.5,11.5,-1.0,-1.0,-0.0008759999999999998,,
PTF13ebh,0.01326,0.012484,0.636,0.004,15.326,0.011,-13.0,0.0668,0.0067,-1.262e-06,CSPII,Ia,0.975,0,1,0.12299999999999933,0.009219544457292887,0.0,10.8,10.86,11.02,-1.0,-1.0,-1.099e-06,,
PTF13efe,0.0749481,0.0758465,1.145,0.011,19.09,0.014,-9.0,0.0213,0.0021,3.282e-05,CSPII,Ia,0.987,1,0,-0.01699999999999946,0.01345362404707371,0.0,11.5,11.5,11.5,-1.0,-1.0,-6.7259e-05,,
PTF13ez,0.0434699,0.0445375,0.897,0.011,17.941,0.023,-1.8,0.0429,0.0043,-8.901e-06,CSPII,Ia,0.982,1,0,0.15900000000000247,0.02968164415931166,0.0,9.52,9.71,9.84,-1.0,-1.0,4.581e-05,,
PTF14aaf,0.0588167,0.0595653,1.161,0.009,18.608,0.012,-11.8,0.0288,0.0029,4.189e-05,CSPII,Ia,0.986,0,0,0.05000000000000071,0.009899494936611667,0.0,11.5,11.5,11.5,-1.0,-1.0,-2.4034e-05,,
PTF14aje,0.0276708,0.0282271,0.684,0.005,17.772,0.011,-5.1,0.1524,0.0152,-1.448e-05,CSPII,Ia,0.978,1,0,0.6080000000000005,0.010816653826391968,0.0,10.64,10.78,10.84,-1.0,-1.0,-2.0989999999999997e-06,,
PTF14fpg,0.034,0.03283,1.078,0.013,17.595,0.012,-8.9,0.0258,0.0026,1.105e-05,CSPII,Ia,0.784,1,1,0.010000000000001563,0.00848528137423857,0.0,11.5,11.5,11.5,-1.0,-1.0,3.515e-05,,
PTF14gnl,0.05369,0.0525349,1.021,0.006,18.202,0.011,-12.3,0.0268,0.0027,-2.652e-06,CSPII,Ia,0.984,1,0,-0.05500000000000327,0.008602325267042627,0.0,9.86,10.06,10.5,-1.0,-1.0,8.509999999999998e-06,,
PTF14uo,0.0912368,0.0922406,1.118,0.017,19.452,0.011,-5.7,0.0161,0.0016,2.321e-05,CSPII,Ia,0.987,1,0,-0.11400000000000077,0.00848528137423857,0.0,8.86,9.0,9.48,-1.0,-1.0,-5.7691e-05,,
PTF14w,0.0188933,0.0200839,0.742,0.004,16.554,0.006,-6.3,0.0205,0.0021,-7.702e-07,CSPII,Ia,0.975,0,1,0.055999999999997385,0.005,0.0,8.96,9.14,9.3,-1.0,-1.0,2.896e-06,,
PTF14yw,0.01697,0.0180604,0.856,0.008,16.522,0.015,-4.2,0.0255,0.0026,1.134e-05,CSPII,Ia,0.411,0,1,-0.038000000000000256,0.01063014581273465,0.0,10.16,10.24,10.59,-1.0,-1.0,-2.5899999999999972e-06,,
PTF14yy,0.0429703,0.0440905,0.837,0.01,18.499,0.013,-6.9,0.0198,0.002,2.478e-05,CSPII,Ia,0.986,1,0,0.2560000000000002,0.014866068747318505,0.0,9.25,9.41,9.52,-1.0,-1.0,2.980000000000002e-06,,
SN1990N,0.003,0.0040676,1.1,0.006,13.264,0.012,-10.9,0.0223,0.0022,7.632e-06,,,,,,0.06600000000000072,0.00848528137423857,0.0,10.07,10.14,10.24,31.812,0.084,-3.447000000000001e-06,N4639,c
SN1994ae,0.004,0.0051205,1.043,0.006,13.612,0.008,-12.0,0.0262,0.0026,3.84e-06,,,,,,0.05999999999999872,0.007071067811865475,0.0,9.55,9.69,9.83,32.12,0.051,2.044e-05,N3370,c
SN1995al,0.005,0.0058765,1.043,0.017,13.825,0.012,-4.1,0.0117,0.0012,-2.93e-05,,,,,,0.1379999999999999,0.01345362404707371,0.0,9.76,9.87,9.97,32.464,0.158,0.00010187,N3021,c
SN1998aq,0.003697,0.0042623,0.968,0.004,13.074,0.008,-10.3,0.0122,0.0012,2.143e-06,,,,,,-0.10400000000000098,0.0078102496759066544,0.0,9.86,10.02,10.1,31.722,0.071,-3.838e-06,N3982,c
SN2001el,0.003896,0.0036761,0.959,0.005,13.104,0.014,-10.9,0.0121,0.0012,6.601e-06,,,,,,0.14399999999999835,0.01,0.0,10.34,10.34,10.34,31.287,0.037,7.5600000000000005e-06,N1448,c
SN2002fk,0.00712,0.0066137,0.977,0.004,13.886,0.011,-12.3,0.0344,0.0034,4.032e-06,,,,,,-0.0909999999999993,0.00848528137423857,0.0,9.78,9.94,10.64,32.541,0.059,-1.7779999999999997e-06,N1309,c
SN2003du,0.0063844,0.0066521,1.002,0.004,14.218,0.009,-10.6,0.0081,0.0008,1.63e-06,,,,,,-0.0730000000000004,0.006403124237432849,0.0,8.47,8.6,8.74,32.848,0.067,1.4199999999999966e-07,U9391,c
SN2004ef,0.0309667,0.02977,0.84,0.003,17.31,0.008,-9.0,0.0458,0.0046,4.883e-06,CSPI,Ia,0.981,0,0,0.11699999999999733,0.00565685424949238,0.0,10.63,10.74,10.8,-1.0,-1.0,-1.3499999999999955e-07,,
SN2004eo,0.01569,0.0147367,0.869,0.005,15.556,0.012,-12.4,0.093,0.0093,8.206e-06,CSPI,Ia,0.979,0,0,0.02499999999999858,0.009219544457292887,0.0,11.03,11.16,11.35,-1.0,-1.0,4.8419999999999996e-06,,
SN2004ey,0.0157767,0.0146267,1.009,0.003,15.534,0.006,-8.9,0.1197,0.012,1.426e-06,CSPI,Ia,0.973,0,0,-0.051000000000000156,0.004242640687119285,0.0,9.76,10.06,10.41,-1.0,-1.0,2.31e-07,,
SN2004gs,0.0266267,0.0282767,0.705,0.003,17.346,0.008,-3.8,0.0257,0.0026,-2.553e-06,CSPI,Ia,0.982,0,0,0.20199999999999818,0.006403124237432849,0.0,10.57,10.63,10.7,-1.0,-1.0,-5.279999999999999e-07,,
SN2004gu,0.0458267,0.0468967,1.149,0.011,17.996,0.016,-4.8,0.0223,0.0022,5.125e-05,CSPI,Ia-06gz,0.986,0,0,0.14499999999999957,0.015620499351813309,0.0,9.74,10.02,10.19,-1.0,-1.0,-8.936e-05,,
SN2005A,0.0191267,0.01834,0.963,0.007,16.97,0.018,-3.5,0.0259,0.0026,-8.79e-07,CSPI,Ia,0.976,0,0,0.9839999999999982,0.015620499351813309,0.0,11.07,11.19,11.26,-1.0,-1.0,-6.619999999999999e-06,,
SN2005M,0.0219967,0.02558,1.204,0.003,16.531,0.006,-8.2,0.0273,0.0027,2.44e-06,CSPI,Ia-91T,0.984,0,0,0.017999999999998906,0.004242640687119285,0.0,8.38,8.8,8.92,-1.0,-1.0,1.1700000000000032e-07,,
SN2005W,0.0088833,0.00795,0.938,0.006,14.544,0.011,-7.8,0.0615,0.0062,1.929e-06,CSPI,Ia,0.967,0,0,0.17099999999999937,0.0078102496759066544,0.0,9.75,9.9,10.0,32.83,0.109,3.0109999999999988e-06,N0691,c
SN2005ag,0.07937,0.08008,1.145,0.009,19.164,0.01,-0.9,0.0331,0.0033,2.037e-05,CSPI,Ia,0.982,0,0,-0.030000000000001137,0.0078102496759066544,0.0,10.84,10.9,10.95,-1.0,-1.0,-3.361e-05,,
SN2005al,0.0123933,0.0132867,0.865,0.004,15.667,0.009,-1.1,0.0483,0.0048,2.196e-06,CSPI,Ia,0.909,0,0,-0.051000000000000156,0.007211102550927979,0.0,10.4,10.49,10.63,-1.0,-1.0,-5.68e-06,,
SN2005am,0.0078933,0.0089667,0.764,0.004,14.15,0.01,-0.4,0.0433,0.0043,-7.893e-07,CSPI,Ia,0.934,0,0,0.07399999999999984,0.0078102496759066544,0.0,10.68,10.83,11.26,-1.0,-1.0,3.4198999999999996e-06,,
SN2005be,0.035,0.0355767,0.761,0.023,17.543,0.063,6.3,0.0294,0.0029,-4.735e-05,CSPI,Ia,0.985,0,0,0.053000000000000824,0.0722011080247388,0.0,10.25,10.4,10.5,-1.0,-1.0,9.669999999999994e-06,,
SN2005bg,0.02307,0.0241567,1.061,0.037,16.558,0.067,3.7,0.0264,0.0026,-0.0001302,CSPI,Ia,0.983,0,0,0.04200000000000159,0.06543699259593154,0.0,9.72,9.91,10.02,-1.0,-1.0,5.059999999999998e-05,,
SN2005bl,0.0240433,0.0251133,0.427,0.011,17.803,0.037,-6.5,0.025,0.0025,9.193e-05,CSPI,Ia-91bg,0.98,0,0,0.6890000000000001,0.03360059523282288,0.0,10.89,11.01,11.2,-1.0,-1.0,8.973000000000001e-05,,
SN2005bo,0.0138867,0.0150133,0.881,0.008,15.731,0.01,-0.3,0.0396,0.004,-1.739e-05,CSPI,Ia,0.962,0,0,0.24200000000000088,0.006403124237432849,0.0,10.34,10.5,10.65,-1.0,-1.0,-6.7134e-06,,
SN2005cf,0.0064611,0.007045,0.972,0.005,14.032,0.012,-12.5,0.0968,0.0097,1.358e-06,,,,,,0.005000000000000782,0.01063014581273465,0.0,9.6,9.65,9.6,32.363,0.12,-4.0200000000000005e-06,N5917,c
SN2005el,0.0149,0.0148833,0.865,0.003,15.625,0.013,-7.2,0.0976,0.0098,5.243e-06,CSPI,Ia,0.973,0,0,-0.0730000000000004,0.01063014581273465,0.0,10.7,10.84,11.24,-1.0,-1.0,1.835999999999999e-06,,
SN2005eq,0.0289567,0.02835,1.234,0.007,16.976,0.012,-3.4,0.0629,0.0063,7.03e-06,CSPI,Ia-91T,0.984,0,0,0.03500000000000014,0.008602325267042627,0.0,10.44,10.56,10.65,-1.0,-1.0,-2.376e-06,,
SN2005hc,0.0459067,0.0444967,1.142,0.007,18.061,0.009,-4.7,0.028,0.0028,1.29e-05,CSPI,Ia,0.98,0,0,0.012000000000000455,0.006403124237432849,0.0,10.52,10.6,10.65,-1.0,-1.0,-2.0325e-05,,
SN2005hj,0.0579667,0.05695,1.152,0.019,18.466,0.021,-2.9,0.0329,0.0033,9.81e-05,CSPI,Ia,0.984,0,0,0.0799999999999983,0.015556349186104044,0.0,9.22,9.32,9.38,-1.0,-1.0,-0.00011227,,
SN2005iq,0.03402,0.03293,0.88,0.006,17.473,0.015,-5.5,0.0185,0.0019,1.045e-05,CSPI,Ia,0.965,0,0,-0.03200000000000003,0.01063014581273465,0.0,10.47,10.54,10.6,-1.0,-1.0,7.437000000000002e-06,,
SN2005ir,0.0763067,0.0752333,1.03,0.02,19.038,0.02,-2.7,0.0265,0.0027,-4.359e-05,CSPI,Ia,0.984,0,0,0.05000000000000071,0.014866068747318505,0.0,9.12,9.23,9.37,-1.0,-1.0,0.00011711,,
SN2005kc,0.01511,0.01389,0.932,0.006,15.699,0.014,-10.5,0.1137,0.0114,5.069e-06,CSPI,Ia,0.978,0,0,0.23799999999999955,0.01063014581273465,0.0,10.6,11.06,11.5,-1.0,-1.0,2.507e-06,,
SN2005ke,0.0048767,0.0044833,0.438,0.003,14.249,0.015,-9.8,0.02,0.002,6.039e-06,CSPI,Ia-91bg,0.953,0,0,0.6699999999999999,0.012041594578792296,0.0,10.29,10.43,10.61,-1.0,-1.0,2.7049999999999995e-06,,
SN2005ki,0.0191933,0.02037,0.839,0.003,16.235,0.009,-10.0,0.0267,0.0027,4.326e-06,CSPI,Ia,0.982,0,0,-0.018000000000000682,0.007071067811865475,0.0,10.62,10.8,10.86,-1.0,-1.0,-1.7119999999999994e-06,,
SN2005ku,0.0454067,0.0441833,0.969,0.034,18.075,0.087,0.4,0.0461,0.0046,-0.0001734,CSPI,Ia,0.986,0,0,0.09299999999999997,0.0778010282708397,0.0,9.96,10.04,10.1,-1.0,-1.0,-2.3600000000000045e-06,,
SN2005lu,0.0319867,0.0312933,1.063,0.03,17.512,0.065,9.2,0.0218,0.0022,-3.565e-05,CSPI,Ia,0.975,0,0,0.2469999999999999,0.07200694410957877,0.0,9.68,9.86,10.03,-1.0,-1.0,6.392e-05,,
SN2005mc,0.0252033,0.0260067,0.664,0.02,17.197,0.067,2.4,0.0379,0.0038,-6.914e-05,CSPI,Ia,0.982,0,0,0.31400000000000006,0.06742403132415029,0.0,10.85,10.95,11.1,-1.0,-1.0,-3.559e-05,,
SN2005na,0.0263033,0.0268133,0.971,0.018,16.662,0.011,-1.9,0.0681,0.0068,-6.392e-06,CSPI,Ia,0.976,0,0,-0.019999999999999574,0.0078102496759066544,0.0,10.9,10.97,11.05,-1.0,-1.0,-2.686e-06,,
SN2006D,0.00852,0.00964,0.839,0.003,14.648,0.009,-5.0,0.0394,0.0039,3.366e-06,CSPI,Ia,0.972,0,0,0.09800000000000075,0.006403124237432849,0.0,9.54,9.76,9.85,32.92,0.123,-5.059999999999995e-07,M1337,c
SN2006X,0.0052367,0.00632,0.971,0.004,13.731,0.016,-10.9,0.0228,0.0023,1.388e-06,CSPI,Ia,0.557,0,0,1.2140000000000004,0.01131370849898476,0.0,9.06,9.33,9.43,-1.0,-1.0,-1.928000000000001e-06,,
SN2006ax,0.0167267,0.0179567,1.003,0.004,15.79,0.011,-11.8,0.041,0.0041,3.286e-06,CSPI,Ia,0.981,0,0,-0.07199999999999918,0.0078102496759066544,0.0,10.79,10.92,11.04,-1.0,-1.0,9.119999999999999e-07,,
SN2006bd,0.0257067,0.0267967,0.398,0.009,17.919,0.036,-1.4,0.0231,0.0023,6.574e-05,CSPI,Ia-91bg,0.981,0,0,0.7119999999999997,0.03911521443121589,0.0,10.6,10.77,10.8,-1.0,-1.0,3.3899999999999997e-06,,
SN2006bh,0.01084,0.0104933,0.828,0.003,14.986,0.009,-4.9,0.0228,0.0023,1.232e-06,CSPI,Ia,0.969,0,0,-0.009999999999999787,0.00565685424949238,0.0,10.31,10.43,10.49,33.246,0.117,-1.5089999999999994e-06,N7329,c
SN2006br,0.0245733,0.0255233,0.962,0.032,17.892,0.083,7.5,0.0197,0.002,-0.0002797,CSPI,Ia,0.982,0,0,0.8490000000000002,0.09626006440887104,0.0,10.87,10.97,11.36,-1.0,-1.0,6.916e-05,,
SN2006ef,0.01787,0.0170267,0.857,0.02,16.147,0.066,10.0,0.0201,0.002,1.406e-05,CSPI,Ia,0.943,0,0,-0.023999999999999133,0.08070935509592429,0.0,10.18,10.35,10.49,-1.0,-1.0,-3.0235e-05,,
SN2006ej,0.0204367,0.0193367,0.842,0.018,16.366,0.065,10.2,0.0296,0.003,1.6e-05,CSPI,Ia,0.971,0,0,0.028999999999999915,0.060216276869298396,0.0,10.48,10.63,10.7,-1.0,-1.0,-8.312000000000001e-06,,
SN2006eq,0.0494667,0.0483667,0.649,0.023,18.592,0.073,2.1,0.0416,0.0042,-9.85e-05,CSPI,Ia,0.973,0,0,0.3099999999999987,0.07742092740338365,0.0,9.79,10.19,10.65,-1.0,-1.0,-5.1689e-05,,
SN2006et,0.0221567,0.0216467,1.18,0.006,16.336,0.012,-7.4,0.0165,0.0017,1.555e-05,CSPI,Ia,0.983,0,0,0.14100000000000001,0.0078102496759066544,0.0,10.7,10.8,10.88,-1.0,-1.0,-7.0337999999999995e-06,,
SN2006ev,0.0287133,0.0276,0.843,0.021,17.479,0.071,3.8,0.0759,0.0076,5.853e-06,CSPI,Ia,0.924,0,0,0.1750000000000007,0.07021395872616784,0.0,10.65,10.75,10.91,-1.0,-1.0,-2.8846e-05,,
SN2006fw,0.0829433,0.0819867,0.922,0.045,19.056,0.083,-2.2,0.028,0.0028,-0.0001672,CSPI,Ia,0.001,0,0,0.1039999999999992,0.06155485358604957,0.0,9.32,9.42,9.62,-1.0,-1.0,0.0002212,,
SN2006gj,0.0283333,0.0269667,0.708,0.007,17.529,0.017,-1.7,0.0705,0.007,-2.968e-05,CSPI,Ia,0.983,0,0,0.2980000000000018,0.012041594578792296,0.0,10.36,10.53,10.6,-1.0,-1.0,-1.3649999999999996e-06,,
SN2006gt,0.04474,0.0436433,0.575,0.01,18.359,0.019,-2.3,0.0323,0.0032,-4.636e-06,CSPI,Ia-91bg,0.982,0,0,0.24899999999999878,0.016278820596099707,0.0,9.87,9.93,9.94,-1.0,-1.0,-1.645e-05,,
SN2006hb,0.0153333,0.0153367,0.685,0.018,15.853,0.064,4.4,0.0236,0.0024,-2.638e-05,CSPI,Ia-86G,0.98,0,0,0.1850000000000005,0.0660302960768767,0.0,10.05,10.22,10.39,-1.0,-1.0,-1.7909e-05,,
SN2006hx,0.0454633,0.0444033,0.977,0.012,17.838,0.054,-8.2,0.0256,0.0026,2.891e-05,CSPI,Ia,0.981,0,0,0.11599999999999966,0.03538361202590826,0.0,10.12,10.31,10.44,-1.0,-1.0,-1.909999999999999e-05,,
SN2006is,0.0313333,0.03142,1.092,0.037,17.039,0.075,5.5,0.029,0.0029,4.235e-05,CSPI,Ia,0.983,0,0,0.038999999999997925,0.06720119046564577,0.0,6.68,7.1,7.41,-1.0,-1.0,-0.00012373,,
SN2006kf,0.0212867,0.0208,0.771,0.005,16.483,0.012,-4.7,0.2097,0.021,2.94e-06,CSPI,Ia,0.981,0,0,0.0259999999999998,0.009219544457292887,0.0,10.59,10.82,10.9,-1.0,-1.0,3.766e-06,,
SN2006lu,0.0533667,0.0543967,1.002,0.019,18.31,0.065,5.1,0.0986,0.0099,-1.494e-05,CSPI,Ia,0.984,0,0,-0.018000000000000682,0.0658027355054484,0.0,10.22,10.29,10.37,-1.0,-1.0,-9.900000000000002e-06,,
SN2006mr,0.0058667,0.00551,0.335,0.004,14.454,0.034,-4.4,0.0179,0.0018,3.157e-05,CSPI,Ia-91bg,0.947,0,0,0.7310000000000016,0.02758622844826744,0.0,10.79,11.19,11.38,-1.0,-1.0,-1.0749999999999999e-05,,
SN2006ob,0.0591967,0.0582567,0.743,0.009,18.656,0.017,-3.0,0.0285,0.0029,-1.207e-05,CSPI,Ia,0.986,0,0,0.1109999999999971,0.014866068747318505,0.0,11.08,11.26,11.33,-1.0,-1.0,1.9908e-05,,
SN2006os,0.0327867,0.03208,0.944,0.02,17.55,0.068,1.0,0.1254,0.0125,-1.961e-05,CSPI,Ia,0.982,0,0,0.31700000000000017,0.065,0.0,10.66,10.81,10.87,-1.0,-1.0,-4.1e-06,,
SN2006py,0.05786,0.0566433,0.975,0.018,18.437,0.026,-1.6,0.0518,0.0052,-0.0001381,CSPI,Ia,0.968,0,0,0.07700000000000173,0.0206155281280883,0.0,8.94,9.1,9.24,-1.0,-1.0,6.08e-05,,
SN2007A,0.0176333,0.0164633,1.047,0.02,15.982,0.014,-4.6,0.0631,0.0063,-1.574e-05,CSPI,Ia,0.98,0,0,0.2010000000000005,0.01,0.0,10.57,10.57,10.57,34.527,0.25,0.00012521,N0105,c
SN2007N,0.01287,0.014,0.375,0.006,16.911,0.027,-0.7,0.0343,0.0034,7.215e-06,CSPI,Ia-91bg,0.976,0,0,0.9529999999999994,0.023600847442411893,0.0,10.1,10.19,10.57,-1.0,-1.0,6.75e-06,,
SN2007S,0.01387,0.0150233,1.187,0.007,15.721,0.015,-10.6,0.0224,0.0022,2.653e-05,CSPI,Ia-91T,0.973,0,0,0.36599999999999966,0.010816653826391968,0.0,9.63,9.98,10.16,-1.0,-1.0,-8.710000000000002e-07,,
SN2007af,0.00546,0.00629,0.949,0.002,13.652,0.008,-8.9,0.0338,0.0034,1.615e-06,CSPI,Ia,0.927,0,0,0.0649999999999995,0.007071067811865475,0.0,9.69,9.82,9.87,31.772,0.052,-4.719999999999999e-07,N5584,c
SN2007ai,0.03164,0.0319867,1.195,0.015,17.34,0.017,-0.6,0.286,0.0286,8.217e-07,CSPI,Ia-91T,0.985,0,0,0.1819999999999986,0.013601470508735444,0.0,9.76,9.91,10.18,-1.0,-1.0,-2.3566e-05,,
SN2007al,0.0121133,0.0132629,0.385,0.006,16.539,0.03,-0.2,0.036,0.0036,1.752e-05,CSPI,Ia-91bg,0.971,0,0,0.6999999999999993,0.025,0.0,9.33,9.47,9.91,-1.0,-1.0,3.759999999999998e-06,,
SN2007as,0.01756,0.0178967,0.89,0.004,16.092,0.013,-0.5,0.1229,0.0123,3.682e-07,CSPI,Ia,0.98,0,0,0.08000000000000007,0.008602325267042627,0.0,10.24,10.36,10.43,-1.0,-1.0,-8.719e-07,,
SN2007ax,0.0068567,0.0076367,0.404,0.008,15.475,0.03,-2.9,0.0446,0.0045,3.885e-05,CSPI,Ia-91bg,0.924,0,0,0.6890000000000018,0.025612496949731396,0.0,10.13,10.23,10.29,-1.0,-1.0,3.0930000000000004e-05,,
SN2007ba,0.0384867,0.0390533,0.556,0.008,17.678,0.024,-7.1,0.0315,0.0032,-1.209e-06,CSPI,Ia-91bg,0.796,0,0,0.32800000000000296,0.019209372712298545,0.0,10.9,10.99,11.06,-1.0,-1.0,-1.856e-05,,
SN2007bc,0.0207567,0.02185,0.909,0.005,16.389,0.013,-2.9,0.0186,0.0019,5.766e-06,CSPI,Ia,0.983,0,0,0.03300000000000125,0.008602325267042627,0.0,10.65,10.73,10.78,-1.0,-1.0,5.470000000000002e-07,,
SN2007bd,0.0309967,0.0318267,0.917,0.006,17.245,0.022,-9.6,0.0289,0.0029,1.761e-05,CSPI,Ia,0.984,0,0,-0.0010000000000012221,0.015620499351813309,0.0,10.68,10.82,10.89,-1.0,-1.0,1.4954999999999998e-05,,
SN2007bm,0.0062067,0.00744,0.906,0.006,14.157,0.015,-0.7,0.0354,0.0035,-2.463e-06,CSPI,Ia,0.958,0,0,0.4209999999999994,0.01,0.0,10.09,10.27,10.72,-1.0,-1.0,2.7202e-06,,
SN2007ca,0.0140567,0.01507,1.077,0.012,15.987,0.015,-8.9,0.057,0.0057,1.67e-05,CSPI,Ia,0.979,0,0,0.2599999999999998,0.009899494936611667,0.0,9.52,9.69,9.74,-1.0,-1.0,1.5218999999999998e-05,,
SN2007cg,0.0331733,0.0341676,1.069,0.053,17.643,0.078,7.9,0.0686,0.0069,-0.0003212,CSPI,Ia,0.39,0,0,0.6880000000000024,0.0970051545022222,0.0,10.33,10.37,10.43,-1.0,-1.0,0.00013540000000000004,,
SN2007hj,0.0141033,0.0128818,0.636,0.005,15.808,0.012,-1.5,0.0747,0.0075,-1.509e-05,CSPI,Ia,0.961,0,0,0.21600000000000108,0.009219544457292887,0.0,10.3,10.45,10.89,-1.0,-1.0,-5.622e-06,,
SN2007hx,0.07976,0.0788733,1.017,0.03,19.462,0.077,0.6,0.0299,0.003,-0.0001041,CSPI,Ia,0.985,0,0,0.21699999999999875,0.0738173421358423,0.0,10.45,10.55,10.62,-1.0,-1.0,-2.3160000000000002e-05,,
SN2007jd,0.0725833,0.0719112,0.893,0.035,19.311,0.083,0.3,0.066,0.0066,-0.0001841,CSPI,Ia,0.942,0,0,0.09499999999999886,0.07981227975693966,0.0,9.93,10.13,10.18,-1.0,-1.0,-7.623e-05,,
SN2007jg,0.0371067,0.0365767,0.94,0.006,17.886,0.013,-3.0,0.0904,0.009,-4.39e-06,CSPI,Ia,0.974,0,0,0.029999999999997584,0.01,0.0,7.95,8.1,8.22,-1.0,-1.0,3.5699999999999997e-06,,
SN2007jh,0.0407667,0.0402667,0.6,0.015,18.376,0.033,-2.9,0.0902,0.009,-4.858e-05,CSPI,Ia-86G,0.981,0,0,0.27199999999999847,0.026248809496813377,0.0,10.89,10.99,11.04,-1.0,-1.0,-4.0419999999999996e-05,,
SN2007le,0.0067167,0.0055233,1.019,0.004,14.077,0.009,-6.7,0.0287,0.0029,1.003e-06,CSPI,Ia,0.955,0,0,0.2919999999999998,0.006403124237432849,0.0,9.71,9.85,10.16,-1.0,-1.0,3.0399999999999997e-06,,
SN2007mm,0.066354,0.0688733,0.506,0.016,19.484,0.031,-7.2,0.0313,0.0031,5.053e-05,CSPI,Ia-86G,0.983,0,0,0.4059999999999988,0.03720215047547654,0.0,11.36,11.36,11.36,-1.0,-1.0,-7.217000000000001e-05,,
SN2007nq,0.045,0.0439033,0.78,0.006,17.923,0.014,-1.2,0.0312,0.0031,-2.334e-06,CSPI,Ia,0.952,0,0,0.05900000000000105,0.011401754250991379,0.0,11.15,11.21,11.28,-1.0,-1.0,5.108e-06,,
SN2007on,0.00649,0.0061833,0.588,0.003,13.382,0.022,-8.4,0.0098,0.001,-2.316e-06,CSPI,Ia,0.957,0,0,0.11599999999999966,0.012041594578792296,0.0,10.78,11.04,11.45,-1.0,-1.0,1.651e-06,,
SN2007so,0.0296667,0.0289285,0.923,0.009,16.781,0.044,24.0,0.1161,0.0116,3.965e-05,CSPI,Ia,,0,0,0.012000000000000455,0.07803204469959761,0.0,10.89,10.97,11.07,-1.0,-1.0,0.00012331,,
SN2007sr,0.0054733,0.0066557,0.988,0.017,13.292,0.058,6.4,0.0398,0.004,-6.53e-06,CSPI,Ia,0.198,0,0,0.14500000000000135,0.05860034129593445,0.0,9.85,10.05,10.17,31.603,0.116,-1.6130000000000005e-06,N4038,c
SN2007st,0.0211667,0.0206508,0.862,0.022,16.104,0.077,4.3,0.0143,0.0014,-2.681e-05,CSPI,Ia,0.951,0,0,0.1479999999999997,0.08360023923410746,0.0,10.85,10.95,11.4,-1.0,-1.0,-6.425e-05,,
SN2007ux,0.0308933,0.031996,0.624,0.006,17.609,0.013,-0.3,0.0386,0.0039,-3.565e-05,CSPI,Ia-86G,0.981,0,0,0.21300000000000097,0.01,0.0,10.23,10.3,10.34,-1.0,-1.0,-1.3426e-05,,
SN2008C,0.01661,0.0170667,0.969,0.024,15.961,0.076,3.5,0.072,0.0072,-6.39e-05,CSPI,Ia,0.981,0,0,0.16500000000000092,0.07440430095095309,0.0,10.35,10.49,10.55,-1.0,-1.0,-1.7829999999999997e-05,,
SN2008O,0.03883,0.039318,0.683,0.01,18.06,0.024,-1.2,0.0763,0.0076,-5.79e-05,CSPI,Ia,0.986,0,0,0.31400000000000006,0.016401219466856725,0.0,11.12,11.33,11.59,-1.0,-1.0,-1.83118e-05,,
SN2008R,0.0134933,0.0128867,0.633,0.006,15.565,0.015,-1.3,0.0618,0.0062,-1.297e-05,CSPI,Ia,0.976,0,0,0.11999999999999922,0.01063014581273465,0.0,11.07,11.25,11.31,-1.0,-1.0,-7.641e-06,,
SN2008ar,0.02613,0.0272474,0.975,0.004,16.877,0.014,-7.1,0.0311,0.0031,6.503e-06,CSPI,Ia,0.984,0,0,0.009000000000000341,0.011401754250991379,0.0,10.11,10.21,10.28,-1.0,-1.0,5.309999999999998e-06,,
SN2008bc,0.0150767,0.0157067,1.058,0.005,15.575,0.008,-7.2,0.2251,0.0225,-7.12e-07,CSPI,Ia,0.979,0,0,-0.02800000000000047,0.00565685424949238,0.0,9.95,10.1,10.23,-1.0,-1.0,1.2013e-05,,
SN2008bd,0.0300833,0.0312803,0.656,0.04,17.74,0.043,15.3,0.0751,0.0075,-0.0009497,CSPI,Ia-91bg,,0,0,0.34499999999999886,0.06762396025078685,0.0,10.99,11.07,11.13,-1.0,-1.0,-0.0017958000000000002,,
SN2008bf,0.0234837,0.0245538,1.019,0.004,16.51,0.008,-7.2,0.0296,0.003,3.933e-07,CSPI,Ia,0.982,0,0,-0.045999999999999375,0.006403124237432849,0.0,11.4,11.4,11.4,-1.0,-1.0,5.211999999999999e-06,,
SN2008bi,0.0134367,0.0143882,0.512,0.023,16.498,0.087,7.4,0.037,0.0037,8.184e-05,CSPI,Ia-91bg,0.972,0,0,0.5790000000000006,0.1292478239662084,0.0,10.27,10.38,10.48,-1.0,-1.0,-5.9090000000000005e-05,,
SN2008bq,0.0339767,0.0344433,1.146,0.009,17.291,0.012,-0.2,0.0774,0.0077,2.718e-05,CSPI,Ia,0.983,0,0,0.045000000000001705,0.009219544457292887,0.0,10.74,10.82,10.91,-1.0,-1.0,-4.504e-05,,
SN2008bt,0.0153533,0.0165796,0.492,0.008,16.387,0.017,-1.2,0.0445,0.0044,1.93e-05,CSPI,Ia-91bg,0.979,0,0,0.5249999999999986,0.01345362404707371,0.0,10.7,10.85,10.91,-1.0,-1.0,-1.492e-05,,
SN2008bz,0.0602367,0.0613265,0.944,0.023,18.772,0.067,1.4,0.0226,0.0023,-3.716e-05,CSPI,Ia,0.957,0,0,-0.04299999999999926,0.06420280367709809,0.0,10.44,10.5,10.56,-1.0,-1.0,-1.3999999999999527e-07,,
SN2008cc,0.0103867,0.0101222,0.809,0.018,14.716,0.06,8.4,0.0355,0.0035,-6.851e-06,CSPI,Ia,0.965,0,0,0.15999999999999837,0.0660302960768767,0.0,10.4,10.48,10.64,-1.0,-1.0,-1.845e-05,,
SN2008cd,0.0074067,0.0084623,1.08,0.144,15.977,0.107,9.3,0.0592,0.0059,0.002187,CSPI,Ia,0.87,0,0,1.6620000000000026,0.13621306838919678,0.0,9.43,9.54,9.64,-1.0,-1.0,-0.00396903,,
SN2008cf,0.0459682,0.0468269,1.093,0.036,17.907,0.066,1.0,0.0577,0.0058,5.244e-06,CSPI,Ia,0.986,0,0,0.010999999999999233,0.06280127387243033,0.0,8.59,8.73,8.97,-1.0,-1.0,-5.8689999999999995e-05,,
SN2008ff,0.0191933,0.0186725,1.087,0.009,15.974,0.022,19.5,0.0436,0.0044,9.356e-06,CSPI,Ia,0.981,0,0,0.17900000000000027,0.018357559750685818,0.0,10.8,10.8,10.8,-1.0,-1.0,-4.120000000000001e-06,,
SN2008fl,0.0199,0.0194172,0.882,0.017,16.126,0.06,3.0,0.1569,0.0157,-1.102e-06,CSPI,Ia,0.982,0,0,0.05599999999999916,0.05940538696111658,0.0,10.87,10.94,11.01,-1.0,-1.0,-4.447000000000001e-06,,
SN2008fp,0.00566,0.0062867,1.103,0.008,13.673,0.009,-4.5,0.1686,0.0169,1.127e-05,CSPI,Ia,0.944,0,0,0.4800000000000004,0.006403124237432849,0.0,10.15,10.2,10.63,-1.0,-1.0,-1.1782e-05,,
SN2008fr,0.0389733,0.0379062,1.043,0.026,17.61,0.067,7.8,0.0395,0.004,-5.782e-05,CSPI,Ia,0.981,0,0,-0.00999999999999801,0.07200694410957877,0.0,7.58,7.73,7.92,-1.0,-1.0,4.157e-05,,
SN2008fu,0.05237,0.0518336,0.824,0.024,18.389,0.071,7.0,0.018,0.0018,6.473e-06,CSPI,Ia,0.986,0,0,-0.03400000000000247,0.08736704184073076,0.0,10.66,10.72,10.8,-1.0,-1.0,-0.000104288,,
SN2008fw,0.0085433,0.0095066,1.117,0.024,14.602,0.061,9.0,0.1123,0.0112,3.37e-05,CSPI,Ia-91T,0.971,0,0,0.07600000000000051,0.0658027355054484,0.0,10.31,10.49,10.61,-1.0,-1.0,-0.00010585999999999999,,
SN2008gg,0.0319933,0.0310658,1.058,0.026,17.138,0.062,3.5,0.0195,0.002,-3.638e-05,CSPI,Ia,0.984,0,0,0.14999999999999858,0.06420280367709809,0.0,10.63,10.73,10.82,-1.0,-1.0,2.1629999999999995e-05,,
SN2008gl,0.0339933,0.0329459,0.867,0.005,17.401,0.012,-2.9,0.0244,0.0024,2.64e-06,CSPI,Ia,0.977,0,0,0.028000000000002245,0.0078102496759066544,0.0,10.81,10.86,10.92,-1.0,-1.0,-3.1259999999999994e-06,,
SN2008go,0.0623667,0.0613133,0.938,0.018,18.668,0.016,-0.5,0.032,0.0032,-5.59e-05,CSPI,Ia,0.986,0,0,0.04200000000000159,0.01,0.0,10.89,10.94,11.0,-1.0,-1.0,4.416e-06,,
SN2008gp,0.03339,0.0328233,0.979,0.004,17.175,0.013,-10.6,0.1042,0.0104,3.199e-06,CSPI,Ia,0.985,0,0,-0.029999999999997584,0.01063014581273465,0.0,10.64,10.73,10.79,-1.0,-1.0,-2.4489999999999998e-06,,
SN2008hj,0.0378667,0.0367224,1.008,0.005,17.52,0.01,-6.3,0.0303,0.003,4.478e-07,CSPI,Ia,0.983,0,0,-0.007999999999999119,0.007071067811865475,0.0,10.2,10.4,10.69,-1.0,-1.0,3.508999999999999e-06,,
SN2008hu,0.0496656,0.050526,0.822,0.024,18.422,0.071,0.1,0.0921,0.0092,4.539e-06,CSPI,Ia,0.985,0,0,0.0259999999999998,0.07,0.0,10.84,10.99,11.07,-1.0,-1.0,-4.368e-05,,
SN2008hv,0.01254,0.01358,0.869,0.004,15.452,0.013,-10.7,0.0279,0.0028,5.892e-06,CSPI,Ia,0.973,0,0,-0.04600000000000115,0.011401754250991379,0.0,10.29,10.55,10.67,-1.0,-1.0,3.4099999999999995e-06,,
SN2008ia,0.0219833,0.02254,0.836,0.006,16.548,0.02,-3.8,0.1954,0.0195,6.723e-06,CSPI,Ia,0.983,0,0,-0.03500000000000014,0.015556349186104044,0.0,10.54,10.77,11.23,-1.0,-1.0,-8.103999999999999e-06,,
SN2009D,0.02499,0.024654,1.157,0.007,16.46,0.009,-6.4,0.0441,0.0044,1.214e-05,CSPI,Ia,0.984,0,0,-0.02099999999999902,0.00565685424949238,0.0,10.35,10.43,10.5,-1.0,-1.0,-1.41306e-05,,
SN2009F,0.0129467,0.01291,0.384,0.007,16.375,0.035,-4.9,0.0895,0.0089,6.318e-05,CSPI,Ia-91bg,0.97,0,0,0.5570000000000022,0.025495097567963924,0.0,10.61,10.79,11.22,-1.0,-1.0,6.529999999999997e-06,,
SN2009I,0.02615,0.0254309,1.083,0.035,17.461,0.026,-3.7,0.0272,0.0027,8.757e-05,CSPI,Ia,0.969,0,0,0.6509999999999998,0.018439088914585774,0.0,10.53,10.74,10.88,-1.0,-1.0,-3.2216000000000005e-05,,
SN2009P,0.0250867,0.0263202,1.082,0.042,17.109,0.029,-0.8,0.0415,0.0042,7.536e-05,CSPI,Ia,0.982,0,0,0.4049999999999976,0.0214009345590327,0.0,9.77,9.87,9.95,-1.0,-1.0,-0.00017427,,
SN2009Y,0.0093467,0.0101034,1.143,0.01,14.561,0.015,-6.6,0.0873,0.0087,2.94e-05,CSPI,Ia,0.97,0,0,0.1460000000000008,0.012041594578792296,0.0,10.66,10.76,10.95,33.094,0.205,-6.0324e-05,N5728,c
SN2009aa,0.02729,0.0284814,0.944,0.004,16.919,0.015,-8.9,0.0295,0.0029,6.684e-06,CSPI,Ia,0.983,0,0,0.012999999999998124,0.012041594578792296,0.0,10.1,10.6,10.8,-1.0,-1.0,-2.662000000000001e-06,,
SN2009ab,0.0111633,0.0108624,0.901,0.006,15.208,0.015,-9.1,0.1838,0.0184,7.082e-06,CSPI,Ia,0.959,0,0,0.034999999999998366,0.01063014581273465,0.0,10.2,10.35,10.78,-1.0,-1.0,9.141000000000001e-06,,
SN2009ad,0.02838,0.0283174,1.105,0.015,16.816,0.016,-7.7,0.0953,0.0095,1.545e-05,CSPI,Ia,0.984,0,0,0.030999999999998806,0.01131370849898476,0.0,10.5,10.58,10.64,-1.0,-1.0,-2.555e-05,,
SN2009ag,0.0086333,0.0092477,0.967,0.005,14.875,0.019,-1.5,0.218,0.0218,-4.414e-06,CSPI,Ia,0.97,0,0,0.1490000000000009,0.014212670403551895,0.0,9.99,10.2,10.6,-1.0,-1.0,3.789999999999997e-07,,
SN2009al,0.02209,0.0232764,0.922,0.013,16.455,0.038,-3.3,0.0212,0.0021,1.368e-05,CSPI,Ia,0.98,0,0,0.18599999999999994,0.027802877548915687,0.0,10.66,10.72,10.77,-1.0,-1.0,3.282e-05,,
SN2009cz,0.0211233,0.0219786,1.167,0.011,16.321,0.016,-5.8,0.0221,0.0022,3.392e-05,CSPI,Ia,0.982,0,0,0.019000000000000128,0.009899494936611667,0.0,10.68,10.75,10.84,-1.0,-1.0,-3.3497e-05,,
SN2009ds,0.0192467,0.0204662,1.121,0.015,16.022,0.02,-8.7,0.0332,0.0033,2.537e-05,CSPI,Ia,0.982,0,0,0.10599999999999987,0.012727922061357855,0.0,10.62,10.77,10.97,-1.0,-1.0,-5.0689e-05,,
SN2009ig,0.0088,0.0080401,1.061,0.014,14.134,0.009,-1.8,0.0269,0.0027,-1.424e-05,,,,,,0.10199999999999854,0.009219544457292887,0.0,10.35,10.35,10.35,32.563,0.074,6.509e-05,N1015,c
SN2009le,0.0177733,0.017027,1.088,0.011,15.87,0.013,-10.1,0.0143,0.0014,7.049e-06,CSPI,Ia,0.976,0,0,0.12199999999999989,0.00848528137423857,0.0,10.66,10.84,11.31,-1.0,-1.0,2.1154e-05,,
SN2011by,0.002843,0.003405,0.968,0.003,13.419,0.008,-12.7,0.0119,0.0012,3.532e-06,,,,,,-0.006000000000000227,0.009219544457292887,0.0,9.47,9.47,9.47,31.635,0.089,-2.9679999999999994e-06,N3972,c
SN2011fe,0.000803,0.0012072,0.97,0.002,10.606,0.008,-15.4,0.0077,0.0008,1.176e-06,,,,,,0.007999999999999119,0.007211102550927979,0.0,10.23,10.23,10.23,29.178,0.041,8.23e-07,M101,c
SN2011iy,0.0042633,0.0053357,1.038,0.006,12.58,0.016,15.6,0.0529,0.0053,-5.568e-06,CSPII,Ia,0.9,0,1,0.24399999999999977,0.012206555615733704,0.0,10.21,10.39,10.83,-1.0,-1.0,1.3017999999999998e-05,,
SN2011jh,0.0077833,0.0089154,0.789,0.005,14.911,0.009,-8.5,0.0322,0.0032,1.001e-05,CSPII,Ia,0.966,0,1,0.3680000000000003,0.0078102496759066544,0.0,10.02,10.09,10.16,-1.0,-1.0,3.1200000000000006e-06,,
SN2011jn,0.0474433,0.0485384,0.641,0.021,18.343,0.067,5.4,0.0593,0.0059,-6.203e-05,CSPII,Ia,0.982,1,0,0.12100000000000222,0.08848163651289458,0.0,11.23,11.35,11.78,-1.0,-1.0,-4.6884e-05,,
SN2011jt,0.02778,0.0284695,0.958,0.027,17.103,0.077,5.7,0.0386,0.0039,-0.0001635,CSPII,Ia,0.985,0,1,0.17799999999999727,0.08241965784932621,0.0,10.25,10.39,10.52,-1.0,-1.0,-1.1900000000000018e-05,,
SN2012E,0.0202367,0.019439,0.846,0.008,16.227,0.012,-1.5,0.0649,0.0065,-2.165e-05,CSPII,Ia,0.982,0,1,0.010999999999999233,0.009219544457292887,0.0,10.36,10.54,10.73,-1.0,-1.0,-2.0209899999999998e-05,,
SN2012G,0.0258,0.0268487,1.154,0.006,16.77,0.008,-0.3,0.0205,0.0021,1.702e-05,CSPII,Ia,0.973,0,1,-0.03999999999999915,0.006403124237432849,0.0,9.58,9.73,9.84,-1.0,-1.0,-1.9752e-05,,
SN2012U,0.0197233,0.0193386,0.904,0.023,16.017,0.065,9.3,0.0227,0.0023,-3.891e-05,CSPII,Ia,0.975,0,1,-0.019000000000000128,0.07963039620647382,0.0,10.38,10.56,10.74,-1.0,-1.0,3.2393e-05,,
SN2012ah,0.0123933,0.0123697,0.904,0.022,15.212,0.064,4.6,0.1545,0.0155,-2.566e-05,CSPII,Ia,0.974,0,1,-0.07500000000000107,0.0722011080247388,0.0,11.5,11.5,11.5,-1.0,-1.0,-6.009999999999992e-06,,
SN2012aq,0.0519633,0.0525508,0.995,0.018,18.248,0.06,6.7,0.0338,0.0034,-1.792e-05,CSPII,Ia,0.972,1,0,0.006000000000000227,0.06300793600809346,0.0,7.63,7.77,8.01,-1.0,-1.0,5.47e-07,,
SN2012ar,0.02824,0.028536,0.807,0.006,17.015,0.008,-1.6,0.2024,0.0202,-5.228e-06,CSPII,Ia,0.982,1,1,0.03300000000000125,0.006403124237432849,0.0,10.84,10.94,11.02,-1.0,-1.0,-5.251e-06,,
SN2012bl,0.0186933,0.0181998,1.08,0.016,16.031,0.013,-4.2,0.0297,0.003,2.237e-05,CSPII,Ia,0.977,0,1,0.04400000000000048,0.00848528137423857,0.0,9.85,10.09,10.24,-1.0,-1.0,4.327e-06,,
SN2012bo,0.0254133,0.0265314,1.154,0.007,16.798,0.01,-4.6,0.0447,0.0045,1.638e-05,CSPII,Ia,0.983,0,1,0.011999999999996902,0.006403124237432849,0.0,10.15,10.32,10.4,-1.0,-1.0,-2.1109e-05,,
SN2012cg,0.001458,0.0025798,1.013,0.007,12.45,0.013,-16.5,0.0179,0.0018,4.617e-06,,,,,,0.07099999999999973,0.009433981132056603,0.0,9.6,9.7,9.8,30.844,0.128,1.4940000000000001e-05,N4424,c
SN2012fr,0.0054533,0.0051291,1.109,0.004,12.792,0.006,-12.7,0.0177,0.0018,2.225e-06,CSPII,Ia,0.981,0,1,0.0129999999999999,0.0058309518948453,0.0,11.06,11.25,11.32,31.378,0.056,-3.747e-06,N1365,c
SN2012gm,0.01478,0.013553,0.987,0.004,15.588,0.006,-7.5,0.0393,0.0039,1.825e-06,CSPII,Ia,0.977,0,1,0.17300000000000004,0.004242640687119285,0.0,9.9,10.01,10.08,-1.0,-1.0,2.679999999999998e-07,,
SN2012hd,0.0119433,0.0111341,0.888,0.004,15.263,0.01,-12.3,0.0228,0.0023,9.148e-06,CSPII,Ia,0.973,0,1,0.12299999999999933,0.0078102496759066544,0.0,10.38,10.44,10.54,-1.0,-1.0,5.649e-06,,
SN2012hl,0.0329772,0.0318991,0.928,0.022,17.888,0.016,-1.6,0.053,0.0053,-4.657e-05,CSPII,Ia,0.939,0,0,0.34399999999999764,0.011401754250991379,0.0,7.18,7.31,7.46,-1.0,-1.0,2.2960000000000004e-05,,
SN2012hr,0.0075567,0.0078716,0.973,0.001,14.344,0.005,-9.4,0.0389,0.0039,5.545e-07,CSPII,Ia,0.966,0,1,0.008999999999998565,0.004242640687119285,0.0,10.21,10.32,10.45,-1.0,-1.0,-3.9699999999999997e-07,,
SN2012ht,0.0035567,0.0046846,0.868,0.003,13.725,0.01,-13.3,0.0252,0.0025,7.55e-06,CSPII,Ia,,0,1,-0.016000000000000014,0.009899494936611667,0.0,8.06,8.06,8.06,31.936,0.034,8.199999999999854e-08,N3447,c
SN2012id,0.0157367,0.0155401,0.824,0.033,15.692,0.074,2.9,0.4255,0.0426,-0.0001341,CSPII,Ia,0.977,0,1,0.054999999999999716,0.0776659513557904,0.0,9.85,10.01,10.16,-1.0,-1.0,-0.00016318000000000002,,
SN2012ij,0.01099,0.012107,0.536,0.008,15.699,0.015,-4.3,0.0235,0.0024,7.158e-06,CSPII,Ia,0.969,0,1,0.2569999999999997,0.016278820596099707,0.0,9.8,9.94,10.11,-1.0,-1.0,-3.142000000000001e-05,,
SN2013E,0.0094067,0.0104565,1.129,0.004,14.388,0.006,-9.7,0.0843,0.0084,4.923e-06,CSPII,Ia,0.951,0,1,0.07600000000000051,0.004242640687119285,0.0,9.83,9.96,9.99,-1.0,-1.0,-8.3105e-06,,
SN2013H,0.0154767,0.0158792,1.048,0.005,15.987,0.008,-10.5,0.1134,0.0113,1.434e-06,CSPII,Ia,0.98,0,1,0.18599999999999994,0.006403124237432849,0.0,10.32,10.5,10.6,-1.0,-1.0,1.147e-05,,
SN2013M,0.03493,0.0357427,0.941,0.005,17.246,0.014,-7.1,0.0719,0.0072,2.787e-06,CSPII,Ia,0.934,1,1,0.022999999999999687,0.013038404810405297,0.0,10.73,10.9,11.04,-1.0,-1.0,5.99e-06,,
SN2013U,0.0344833,0.0356518,1.213,0.011,17.268,0.013,-3.8,0.0245,0.0025,1.908e-05,CSPII,Ia-91T,0.842,1,1,0.1680000000000028,0.01,0.0,10.15,10.27,10.31,-1.0,-1.0,-1.3299999999999991e-06,,
SN2013aa,0.0039967,0.0046654,1.002,0.002,11.937,0.006,-4.8,0.1458,0.0146,-3.522e-07,CSPII,Ia,0.888,0,1,-0.0779999999999994,0.005,0.0,9.85,9.99,10.12,30.546,0.052,8.299999999999988e-08,N5643,c
SN2013ad,0.0363748,0.0358694,0.991,0.013,17.025,0.015,-2.7,0.3692,0.0369,-1.484e-05,CSPII,Ia,0.639,1,0,-0.08899999999999864,0.01,0.0,11.5,11.5,11.5,-1.0,-1.0,2.6039999999999998e-05,,
SN2013aj,0.00912,0.0100653,0.794,0.005,14.65,0.01,-4.9,0.0316,0.0032,4.203e-06,CSPII,Ia,0.969,0,1,0.0519999999999996,0.009219544457292887,0.0,9.82,9.99,10.38,-1.0,-1.0,3.427999999999999e-06,,
SN2013as,0.0684526,0.0696439,1.007,0.021,19.094,0.063,3.5,0.0336,0.0034,-4.03e-05,CSPII,Ia,0.984,1,0,0.0009999999999976694,0.0658027355054484,0.0,8.43,8.59,8.95,-1.0,-1.0,-5.059999999999999e-06,,
SN2013ay,0.0157167,0.0156526,0.495,0.019,15.996,0.062,7.5,0.0622,0.0062,-7.197e-06,CSPII,Ia,0.953,0,1,0.5299999999999994,0.08348652585896721,0.0,10.64,10.72,10.82,-1.0,-1.0,-5.4080000000000004e-05,,
SN2013az,0.0372533,0.037464,0.767,0.028,17.61,0.069,2.4,0.0271,0.0027,-7.81e-05,CSPII,Ia,0.972,1,0,0.08399999999999963,0.06940461079784253,0.0,10.93,10.99,11.07,-1.0,-1.0,5.700000000000003e-06,,
SN2013bc,0.02245,0.023528,0.482,0.022,17.451,0.065,0.8,0.0407,0.0041,-1.07e-05,CSPII,Ia,0.98,0,1,0.7510000000000012,0.0658027355054484,0.0,10.28,10.47,10.55,-1.0,-1.0,-8.650999999999999e-06,,
SN2013bz,0.01915,0.0201818,1.15,0.009,15.825,0.013,-5.0,0.0377,0.0038,3.097e-05,CSPII,Ia-91T,0.855,0,1,0.15399999999999991,0.009899494936611667,0.0,9.94,9.98,10.04,-1.0,-1.0,-4.879e-05,,
SN2013cg,0.0079467,0.009009,0.966,0.024,14.419,0.073,5.9,0.0749,0.0075,-0.0001042,CSPII,Ia,0.97,0,1,0.08700000000000152,0.07602631123499284,0.0,9.98,10.13,10.27,-1.0,-1.0,-2.3080000000000003e-05,,
SN2013ct,0.0038,0.0027369,1.002,0.006,12.416,0.015,22.7,0.0244,0.0024,-7.792e-06,CSPII,Ia,0.944,0,1,0.06400000000000006,0.0116619037896906,0.0,8.57,8.72,8.89,-1.0,-1.0,-1.7789000000000002e-05,,
SN2013dy,0.003889,0.0028843,1.091,0.007,13.177,0.006,-16.4,0.132,0.0132,7.107e-06,,,,,,0.20899999999999963,0.005,0.0,9.09,9.09,9.09,31.628,0.125,-2.789999999999998e-07,N7250,c
SN2013fy,0.0308467,0.0301903,1.17,0.011,16.957,0.015,-5.7,0.023,0.0023,5.318e-05,CSPII,Ia,0.985,1,1,0.022999999999999687,0.00848528137423857,0.0,10.77,10.86,10.96,-1.0,-1.0,-3.0946e-05,,
SN2013fz,0.0205933,0.0205517,1.016,0.004,16.118,0.007,-2.7,0.0119,0.0012,-1.863e-06,CSPII,Ia,0.98,0,1,0.004999999999999005,0.004242640687119285,0.0,10.61,10.69,10.77,-1.0,-1.0,7.739e-07,,
SN2013gv,0.0340967,0.0334585,0.846,0.008,17.408,0.013,-6.4,0.1434,0.0143,1.312e-05,CSPII,Ia,0.973,1,1,-0.01799999999999713,0.012041594578792296,0.0,11.16,11.27,11.56,-1.0,-1.0,-2.0000000000000486e-07,,
SN2013gy,0.0140133,0.0135587,0.911,0.003,15.274,0.008,-15.4,0.0485,0.0049,2.53e-06,CSPII,Ia,0.976,0,1,-0.008000000000000895,0.006403124237432849,0.0,8.98,9.0,9.16,-1.0,-1.0,2.5870000000000004e-06,,
SN2013hh,0.01298,0.0141046,1.19,0.028,16.421,0.068,0.9,0.0247,0.0025,0.0001295,CSPII,Ia-91T,0.928,0,1,0.565999999999999,0.065,0.0,9.41,9.59,9.69,-1.0,-1.0,2.0599999999999972e-06,,
SN2013hn,0.01513,0.0160268,0.823,0.026,15.648,0.068,1.4,0.0529,0.0053,-4.163e-05,CSPII,Ia,0.98,0,1,-0.06300000000000061,0.06661080993352356,0.0,10.84,10.99,11.07,-1.0,-1.0,-6.732e-05,,
SN2014D,0.0081733,0.0092489,0.958,0.023,16.536,0.069,2.7,0.0257,0.0026,-6.704e-05,CSPII,Ia,0.039,0,1,0.5660000000000025,0.06940461079784253,0.0,8.15,8.26,8.38,-1.0,-1.0,-1.8329999999999996e-05,,
SN2014I,0.0299933,0.0302041,0.913,0.003,16.93,0.008,-7.2,0.0207,0.0021,1.724e-06,CSPII,Ia,0.98,1,1,0.012000000000000455,0.006403124237432849,0.0,10.76,10.9,11.31,-1.0,-1.0,2.1750000000000004e-06,,
SN2014Z,0.02126,0.0209246,0.992,0.03,16.222,0.063,2.0,0.0246,0.0025,-8.466e-05,CSPII,Ia,0.983,0,1,-0.010000000000001563,0.060802960454241044,0.0,10.66,10.75,10.81,-1.0,-1.0,-1.2150000000000004e-05,,
SN2014ao,0.0140733,0.015028,0.888,0.006,16.303,0.01,-1.7,0.0282,0.0028,-5.868e-06,CSPII,Ia,0.979,0,1,0.6090000000000018,0.0078102496759066544,0.0,10.47,10.57,10.74,-1.0,-1.0,-2.1208e-06,,
SN2014at,0.03222,0.031543,0.95,0.003,17.071,0.009,-5.5,0.0164,0.0016,-1.275e-06,CSPII,Ia,0.984,1,1,-0.03399999999999892,0.006403124237432849,0.0,11.08,11.25,11.4,-1.0,-1.0,1.6929999999999989e-06,,
SN2014ba,0.0058367,0.0049902,0.338,0.02,14.731,0.081,6.8,0.0102,0.001,-9.224e-05,CSPII,Ia-91bg,0.954,0,1,0.9439999999999991,0.09402127418834526,0.0,10.56,10.64,11.06,-1.0,-1.0,3.7699999999999995e-06,,
SN2014dl,0.0329433,0.0331433,1.206,0.011,16.679,0.01,-7.7,0.0547,0.0055,2.791e-05,CSPII,Ia-91T,0.694,1,0,0.019999999999999574,0.0078102496759066544,0.0,9.19,9.48,9.68,-1.0,-1.0,8.69e-06,,
SN2014dn,0.0221733,0.0221408,0.466,0.005,17.147,0.011,-0.3,0.0161,0.0016,5.974e-06,CSPII,Ia,0.982,0,0,0.6529999999999987,0.01,0.0,10.58,10.65,10.72,-1.0,-1.0,-3.5830000000000003e-06,,
SN2014eg,0.01862,0.018331,1.177,0.01,15.682,0.014,-5.9,0.0257,0.0026,5.541e-05,CSPII,Ia-91T,0.947,0,1,0.2569999999999997,0.009219544457292887,0.0,11.47,11.62,11.73,-1.0,-1.0,-2.6147e-05,,
SN2015F,0.0048867,0.0052804,0.887,0.003,13.213,0.009,-14.6,0.1749,0.0175,6.072e-06,CSPII,Ia,0.987,0,1,0.05799999999999983,0.007211102550927979,0.0,10.97,10.97,10.97,31.45,0.064,5.238e-06,N2442,c
SNhunt281,0.0040667,0.004706,0.693,0.003,14.147,0.008,-12.0,0.0454,0.0045,-1.531e-06,CSPII,Ia,0.947,0,1,0.04499999999999993,0.007071067811865475,0.0,9.66,9.75,9.85,-1.0,-1.0,-1.6239999999999996e-06,,
