sn,zhel,zcmb,st,est,Mmax,eMmax,t0,EBVmw,eEBVmw,covMs,Ho,eHo,meth,BV,eBV,covBV_M,host,dist,edist,m,ml,mu,sample,subtype,quality,caltype,covBVs
ASAS14ad,0.0264,0.0274352,1.01,0.018,16.764,0.107,6.8,0.0159,0.0016,9.15e-06,,,,-0.010999999999999233,0.011180339887498949,0.0,N/A,-1.0,-1.0,8.61,8.23,8.78,CSPII,Ia,0.973,none,4.750999999999999e-06
ASAS14hp,0.0388933,0.0386676,1.074,0.01,17.234,0.02,-0.3,0.0295,0.0029,-1.506e-05,,,,-0.04899999999999949,0.005,0.0,N/A,-1.0,-1.0,9.09,8.98,9.15,CSPII,Ia,0.984,none,1.183e-05
ASAS14hr,0.0335967,0.0327196,0.802,0.01,17.242,0.029,-3.2,0.0131,0.0013,1.958e-06,,,,0.06099999999999994,0.01345362404707371,0.0,N/A,-1.0,-1.0,10.34,10.18,10.45,CSPII,Ia,0.985,none,4.999999999999986e-07
ASAS14hu,0.0215851,0.0218919,1.052,0.007,16.197,0.014,-5.8,0.0612,0.0061,1.518e-06,,,,-0.04499999999999993,0.006403124237432849,0.0,N/A,-1.0,-1.0,9.93,9.8,10.24,CSPII,Ia,0.983,none,2.1936e-05
ASAS14jc,0.0113167,0.0117796,0.915,0.005,14.965,0.09,4.7,0.1346,0.0135,2.401e-05,,,,0.43700000000000117,0.01,0.0,N/A,-1.0,-1.0,9.46,9.32,9.77,CSPII,Ia,0.962,none,8.067000000000001e-06
ASAS14jg,0.0148167,0.014347,1.285,0.022,15.248,0.074,4.6,0.0128,0.0013,-9.379e-05,,,,0.049000000000001265,0.05940538696111658,0.0,N/A,-1.0,-1.0,8.76,8.57,8.88,CSPII,Ia,0.961,none,-1.8209999999999997e-05
ASAS14jz,0.0157891,0.0156168,0.989,0.006,15.258,0.025,-8.5,0.0472,0.0047,3.514e-05,,,,-0.04100000000000037,0.00565685424949238,0.0,N/A,-1.0,-1.0,8.23,8.11,8.35,CSPII,Ia,0.952,none,-6.339e-06
ASAS14kd,0.0243,0.0230683,1.169,0.007,15.882,0.133,10.1,0.0574,0.0057,4.951e-05,,,,0.2339999999999982,0.007071067811865475,0.0,N/A,-1.0,-1.0,10.14,10.03,10.23,CSPII,Ia-91T,0.941,none,-1.7269e-05
ASAS14kq,0.0335767,0.0325972,1.147,0.011,17.167,0.028,-0.1,0.0155,0.0016,1.542e-05,,,,-0.020999999999997243,0.012041594578792296,0.0,N/A,-1.0,-1.0,8.91,8.78,9.11,CSPII,Ia,0.961,none,-8.166e-05
ASAS14lp,0.0050967,0.0062254,1.029,0.004,12.192,0.021,-12.9,0.0213,0.0021,2.552e-05,,,,0.24300000000000033,0.006403124237432849,0.0,N/A,-1.0,-1.0,10.74,10.6,10.91,CSPII,Ia,0.335,none,5.687e-06
ASAS14lq,0.0261733,0.0250833,0.999,0.024,16.684,0.162,9.6,0.0275,0.0028,-0.0001708,,,,0.019999999999999574,0.07940403012442127,0.0,N/A,-1.0,-1.0,10.65,10.46,10.73,CSPII,Ia,0.977,none,-1.0990000000000002e-05
ASAS14lt,0.0320233,0.0314552,0.944,0.008,17.025,0.034,-3.5,0.0474,0.0047,-1.96e-05,,,,-0.0329999999999977,0.016401219466856725,0.0,N/A,-1.0,-1.0,10.64,10.56,10.7,CSPII,Ia,0.984,none,1.0000000000001598e-08
ASAS14lw,0.0208855,0.0202609,1.25,0.007,16.442,0.041,-9.0,0.0117,0.0012,4.093e-05,,,,-0.012000000000000455,0.009219544457292887,0.0,N/A,-1.0,-1.0,6.35,6.08,6.72,CSPII,Ia,0.939,none,3.0699999999999994e-06
ASAS14me,0.0178,0.017386,1.078,0.005,15.547,0.073,1.5,0.0175,0.0018,3.007e-06,,,,0.006999999999999673,0.00565685424949238,0.0,N/A,-1.0,-1.0,9.05,8.91,9.15,CSPII,Ia,0.981,none,6.19e-06
ASAS14mw,0.0273867,0.0271207,1.063,0.007,16.588,0.013,-4.7,0.0179,0.0018,-2.229e-06,,,,-0.03399999999999892,0.005,0.0,N/A,-1.0,-1.0,10.68,10.59,10.75,CSPII,Ia,0.984,none,1.2944e-05
ASAS14my,0.0205,0.0217279,0.923,0.005,16.093,0.018,-7.3,0.0316,0.0032,3.75e-06,,,,0.014999999999998792,0.01,0.0,N/A,-1.0,-1.0,10.31,10.11,10.74,CSPII,Ia,0.975,none,9.722000000000001e-06
ASAS15aj,0.0109133,0.0120218,0.831,0.007,14.783,0.031,-2.6,0.0656,0.0066,-1.857e-06,,,,0.10299999999999976,0.009219544457292887,0.0,N/A,-1.0,-1.0,11.2,11.05,11.35,CSPII,Ia,0.952,none,-1.2812999999999999e-05
ASAS15al,0.0337766,0.0337612,1.077,0.028,17.509,0.068,19.3,0.0293,0.0029,-4.056e-05,,,,0.054999999999999716,0.05920304046246273,0.0,N/A,-1.0,-1.0,8.07,8.03,8.23,CSPII,Ia,0.916,none,-1.0789999999999997e-05
ASAS15as,0.0286801,0.0297845,1.076,0.014,16.993,0.121,24.5,0.0398,0.004,-1.045e-05,,,,0.028999999999999915,0.0078102496759066544,0.0,N/A,-1.0,-1.0,7.66,7.47,8.01,CSPII,Ia,0.985,none,1.348e-05
ASAS15ba,0.0231167,0.0239771,0.967,0.004,16.431,0.074,4.9,0.0223,0.0022,-4.192e-06,,,,0.008000000000000895,0.006403124237432849,0.0,N/A,-1.0,-1.0,7.99,7.83,8.19,CSPII,Ia,0.983,none,-1.1373e-06
ASAS15be,0.0218833,0.0213892,1.134,0.006,16.236,0.014,-0.3,0.0167,0.0017,3.457e-06,,,,0.019000000000000128,0.006403124237432849,0.0,N/A,-1.0,-1.0,7.8,7.66,8.16,CSPII,Ia,0.976,none,-2.0469e-05
ASAS15bm,0.0207856,0.0214395,0.991,0.005,16.039,0.015,-4.6,0.069,0.0069,9.395e-07,,,,0.12700000000000067,0.009899494936611667,0.0,N/A,-1.0,-1.0,10.02,9.89,10.15,CSPII,Ia,0.976,none,-4.38e-06
ASAS15cb,0.04001,0.0411361,1.086,0.053,17.355,0.108,2.0,0.0279,0.0028,-0.0003492,,,,0.10699999999999932,0.07940403012442127,0.0,N/A,-1.0,-1.0,10.28,10.17,10.4,CSPII,Ia,0.583,none,-0.00026724
ASAS15cd,0.0342863,0.0353887,1.003,0.005,17.29,0.014,-3.5,0.0261,0.0026,-8.961e-06,,,,-0.021000000000000796,0.009219544457292887,0.0,N/A,-1.0,-1.0,9.95,9.85,10.02,CSPII,Ia,0.983,none,-9.859999999999995e-07
ASAS15db,0.01099,0.0113676,0.955,0.003,15.031,0.06,12.9,0.029,0.0029,1.108e-05,,,,0.0860000000000003,0.006403124237432849,0.0,N/A,-1.0,-1.0,10.11,9.98,10.19,CSPII,Ia,0.975,none,3.0610000000000004e-06
ASAS15dd,0.0243567,0.0247417,0.849,0.006,16.22,0.095,15.2,0.0461,0.0046,-5.193e-06,,,,-0.0070000000000014495,0.009219544457292887,0.0,N/A,-1.0,-1.0,10.41,10.31,10.52,CSPII,Ia,0.962,none,-1.3378999999999998e-05
ASAS15fr,0.0334133,0.0345082,0.905,0.021,17.231,0.073,0.5,0.0321,0.0032,-6.023e-05,,,,-0.13299999999999912,0.0658027355054484,0.0,N/A,-1.0,-1.0,9.98,9.89,10.06,CSPII,Ia-91T,0.978,none,1.3709e-05
ASAS15ga,0.0066267,0.0076517,0.496,0.03,14.315,0.149,1.2,0.0236,0.0024,-0.0005206,,,,0.43100000000000094,0.04957822102496216,0.0,N/A,-1.0,-1.0,10.38,10.18,10.48,CSPII,Ia-91bg,0.966,none,-0.0003347
ASAS15go,0.01891,0.0192546,1.071,0.012,16.088,0.028,-4.0,0.1369,0.0137,-1.121e-05,,,,0.22400000000000198,0.006403124237432849,0.0,N/A,-1.0,-1.0,10.18,10.04,10.27,CSPII,Ia,0.981,none,2.0911e-05
ASAS15gr,0.0242832,0.0247678,1.035,0.007,16.389,0.081,10.7,0.0823,0.0082,-1.889e-05,,,,-0.036000000000001364,0.006403124237432849,0.0,N/A,-1.0,-1.0,8.94,8.82,9.02,CSPII,Ia,0.983,none,1.0612e-05
ASAS15hf,0.0061733,0.0072452,0.943,0.005,13.921,0.077,0.2,0.0854,0.0085,6.894e-06,,,,0.009000000000000341,0.01,0.0,N/A,-1.0,-1.0,9.56,9.39,9.97,CSPII,Ia,0.961,none,3.3200000000000004e-06
ASAS15hx,0.0083,0.0092051,1.039,0.005,13.879,0.011,-11.2,0.0415,0.0042,1.335e-05,,,,-0.030000000000001137,0.005,0.0,N/A,-1.0,-1.0,7.45,7.06,7.89,CSPII,Ia,0.909,none,7.7367e-06
CSP12G,0.0369744,0.0379661,1.159,0.029,17.248,0.097,8.9,0.0283,0.0028,6.503e-05,,,,0.11499999999999844,0.0738173421358423,0.0,N/A,-1.0,-1.0,8.41,8.29,8.49,CSPII,Ia,0.985,none,-0.00017449000000000002
CSP13N,0.04776,0.0487969,1.138,0.025,17.717,0.067,13.3,0.0238,0.0024,8.476e-05,,,,-0.003999999999997783,0.06661080993352356,0.0,N/A,-1.0,-1.0,10.07,9.88,10.24,CSPII,Ia-91T,0.976,none,-0.00011703
CSP13V,0.0599585,0.0611394,1.05,0.082,18.41,0.087,17.9,0.0474,0.0047,0.0001286,,,,-0.14199999999999946,0.1430873858870865,0.0,N/A,-1.0,-1.0,11.5,11.5,11.5,CSPII,Ia,0.987,none,0.0023639999999999998
CSP13Z,0.0788454,0.0800694,1.19,0.015,18.867,0.051,-7.3,0.0484,0.0048,4.259e-05,,,,-0.022999999999999687,0.01063014581273465,0.0,N/A,-1.0,-1.0,8.35,8.25,8.85,CSPII,Ia-91T,0.98,none,-3.0689999999999998e-06
CSP13aad,0.0868,0.0865709,1.19,0.033,18.971,0.111,11.2,0.0206,0.0021,0.0003429,,,,0.019999999999999574,0.06940461079784253,0.0,N/A,-1.0,-1.0,9.65,9.59,9.8,CSPII,Ia,0.979,none,-1.0499999999999998e-05
CSP13aaf,0.0775863,0.0787193,1.136,0.015,18.404,0.084,3.4,0.0222,0.0022,1.841e-07,,,,-0.05600000000000094,0.00848528137423857,0.0,N/A,-1.0,-1.0,10.66,10.53,11.04,CSPII,Ia,0.978,none,-6.653e-05
CSP13aam,0.0749481,0.0750921,1.136,0.017,18.298,0.083,2.8,0.1643,0.0164,-7.1e-05,,,,-0.15500000000000114,0.012727922061357855,0.0,N/A,-1.0,-1.0,9.05,8.65,9.23,CSPII,Ia,0.968,none,-0.00010781000000000001
CSP13aao,0.0613575,0.0616022,0.696,0.049,18.806,0.195,1.8,0.0444,0.0044,-0.002709,,,,0.125,0.08683893136145793,0.0,N/A,-1.0,-1.0,9.93,9.8,10.09,CSPII,Ia,0.978,none,-0.00030082000000000004
CSP13aaq,0.0597586,0.0597706,0.984,0.007,18.56,0.027,-6.8,0.0293,0.0029,1.792e-05,,,,-0.054999999999999716,0.01131370849898476,0.0,N/A,-1.0,-1.0,11.5,11.5,11.5,CSPII,Ia,0.969,none,-3.56e-06
CSP13aay,0.0589592,0.0587551,1.14,0.012,18.623,0.017,-0.5,0.0159,0.0016,-2.911e-05,,,,0.03900000000000148,0.009219544457292887,0.0,N/A,-1.0,-1.0,11.5,11.5,11.5,CSPII,Ia,0.955,none,-5.723e-05
CSP13abl,0.0403721,0.0406288,0.817,0.051,18.05,0.046,-4.0,0.0862,0.0086,-6.071e-05,,,,1.0730000000000004,0.06264982043070834,0.0,N/A,-1.0,-1.0,8.91,8.9,9.04,CSPII,Ia,0.42,none,8.909999999999994e-05
CSP13abs,0.0771466,0.0783462,1.208,0.014,18.633,0.036,-2.5,0.0208,0.0021,-2.834e-05,,,,-0.06099999999999994,0.016278820596099707,0.0,N/A,-1.0,-1.0,6.36,6.23,6.48,CSPII,Ia-91T,0.983,none,-1.7099999999999955e-06
CSP14aal,0.0774464,0.0785493,1.085,0.03,18.831,0.028,-3.6,0.0263,0.0026,-0.0001657,,,,-0.07700000000000173,0.012041594578792296,0.0,N/A,-1.0,-1.0,11.5,11.5,11.5,CSPII,Ia,0.987,none,-6.037e-05
CSP14aar,0.0421708,0.0423854,0.982,0.022,17.634,0.114,10.0,0.0934,0.0093,3.605e-05,,,,-0.021000000000000796,0.007211102550927979,0.0,N/A,-1.0,-1.0,9.07,8.9,9.42,CSPII,Ia,0.986,none,-6.576e-06
CSP14abk,0.0797448,0.0797387,0.96,0.025,17.883,0.048,-2.7,0.0663,0.0066,-8.503e-05,,,,0.08099999999999952,0.02831960451701259,0.0,N/A,-1.0,-1.0,11.5,11.5,11.5,CSPII,Ia,0.0,none,4.999999999999986e-06
CSP14abn,0.0225,0.0232746,1.007,0.005,16.184,0.011,-1.3,0.0747,0.0075,-1.567e-05,,,,-0.0259999999999998,0.004242640687119285,0.0,N/A,-1.0,-1.0,9.75,9.59,10.24,CSPII,Ia,0.976,none,1.0395e-06
CSP14acy,0.0663741,0.0660269,0.966,0.011,18.052,0.133,4.3,0.0174,0.0017,-8.79e-05,,,,0.12199999999999989,0.017804493814764857,0.0,N/A,-1.0,-1.0,8.19,7.86,8.33,CSPII,Ia-91T,0.027,none,-6.139999999999999e-06
CSP14adc,0.03244,0.031651,0.811,0.01,17.382,0.029,-3.2,0.0949,0.0095,9.846e-06,,,,0.23200000000000287,0.011401754250991379,0.0,N/A,-1.0,-1.0,10.81,10.67,11.14,CSPII,Ia,0.976,none,-7.78e-06
CSP14ade,0.0624568,0.0626358,1.228,0.013,18.005,0.208,44.5,0.077,0.0077,0.0005106,,,,0.03500000000000014,0.012041594578792296,0.0,N/A,-1.0,-1.0,10.49,10.33,10.97,CSPII,Ia-91T,0.963,none,4.379999999999995e-06
CSP15B,0.0198862,0.0208198,0.718,0.006,15.606,0.114,22.2,0.0641,0.0064,1.008e-05,,,,0.1399999999999988,0.010816653826391968,0.0,N/A,-1.0,-1.0,10.95,10.78,11.42,CSPII,Ia,0.966,none,7.780000000000002e-06
CSP15aae,0.0161833,0.0169733,0.505,0.004,16.234,0.051,12.2,0.0226,0.0023,-1.49e-05,,,,0.4540000000000006,0.01063014581273465,0.0,NGC5490,34.267,0.08,11.14,11.06,11.22,N/A,N/A,0.0,s,-7.608e-06
KISS13j,0.0765333,0.0776331,0.895,0.026,18.347,0.332,15.7,0.0326,0.0033,0.0009912,,,,0.1319999999999979,0.020808652046684813,0.0,N/A,-1.0,-1.0,9.83,9.65,10.21,CSPII,Ia,0.963,none,9.077e-05
KISS15m,0.02432,0.0253844,0.425,0.009,17.536,0.027,-6.1,0.0277,0.0028,4.478e-05,,,,0.6219999999999999,0.03176476034853718,0.0,N/A,-1.0,-1.0,9.78,9.67,9.94,CSPII,Ia-91bg,0.958,none,2.099e-05
KISS15n,0.023084,0.0239783,1.225,0.009,15.697,0.08,0.9,0.0088,0.0009,1.917e-05,,,,0.09700000000000131,0.01063014581273465,0.0,N/A,-1.0,-1.0,8.0,7.8,8.17,CSPII,Ia-91T,0.85,none,1.026e-05
LSQ11bk,0.0402721,0.0400251,1.071,0.016,17.668,0.022,-0.7,0.0936,0.0094,-7.412e-05,,,,-0.0779999999999994,0.01063014581273465,0.0,N/A,-1.0,-1.0,6.53,6.5,6.59,CSPII,Ia,0.967,none,2.1769999999999997e-05
LSQ11ot,0.02732,0.0273222,0.982,0.004,17.125,0.013,-0.4,0.1581,0.0158,-3.553e-06,,,,0.3200000000000003,0.006403124237432849,0.0,N/A,-1.0,-1.0,10.17,10.0,10.22,CSPII,Ia,0.976,none,9.700000000000009e-08
LSQ11pn,0.0326533,0.0326611,0.503,0.008,17.319,0.026,-2.1,0.1457,0.0146,-3.844e-05,,,,0.2870000000000026,0.01769180601295413,0.0,N/A,-1.0,-1.0,10.7,10.52,10.8,CSPII,Ia,0.948,none,-2.373e-05
LSQ12agq,0.0641556,0.0653581,1.152,0.027,18.421,0.138,8.0,0.0371,0.0037,-5.057e-05,,,,0.08899999999999864,0.07300684899377592,0.0,N/A,-1.0,-1.0,9.3,9.29,9.43,CSPII,Ia,0.986,none,-0.0001611
LSQ12bld,0.0833623,0.084303,0.896,0.009,19.311,0.032,-3.9,0.0233,0.0023,5.283e-06,,,,0.0779999999999994,0.014422205101855958,0.0,N/A,-1.0,-1.0,10.55,10.42,10.64,CSPII,Ia,0.987,none,3.076e-05
LSQ12btn,0.0541733,0.0552706,0.829,0.01,18.224,0.094,23.2,0.0333,0.0033,0.0001215,,,,0.10000000000000142,0.01063014581273465,0.0,N/A,-1.0,-1.0,10.9,10.84,10.94,CSPII,Ia,0.986,none,-2.3436e-05
LSQ12cdl,0.1079253,0.1090245,0.994,0.044,19.819,0.099,3.4,0.0492,0.0049,-0.0003592,,,,-0.14099999999999824,0.07280109889280519,0.0,N/A,-1.0,-1.0,8.81,8.79,8.93,CSPII,Ia,0.986,none,0.000384
LSQ12fuk,0.0205857,0.0205571,1.004,0.006,16.074,0.068,0.9,0.0714,0.0071,-3.964e-05,,,,-0.008000000000000895,0.012041594578792296,0.0,N/A,-1.0,-1.0,8.34,8.2,8.45,CSPII,Ia,0.982,none,-1.4543999999999998e-05
LSQ12fvl,0.05593,0.055977,0.596,0.009,18.575,0.036,-5.8,0.0179,0.0018,8.479e-05,,,,0.24599999999999866,0.0170293863659264,0.0,N/A,-1.0,-1.0,10.74,10.55,10.93,CSPII,Ia,0.981,none,-2.8799999999999995e-06
LSQ12fxd,0.03122,0.0313344,1.16,0.006,16.894,0.02,-9.9,0.0217,0.0022,9.907e-06,,,,-0.006000000000000227,0.00565685424949238,0.0,N/A,-1.0,-1.0,10.28,10.16,10.4,CSPII,Ia,0.98,none,-1.1723e-05
LSQ12gdj,0.0303033,0.0292813,1.165,0.007,16.508,0.026,-0.1,0.0199,0.002,4.396e-06,,,,-0.030999999999998806,0.007071067811865475,0.0,N/A,-1.0,-1.0,8.66,8.36,8.76,CSPII,Ia-91T,0.969,none,-1.640711e-05
LSQ12hno,0.0472673,0.0468084,0.989,0.014,17.848,0.02,-0.1,0.0994,0.0099,-9.241e-05,,,,0.04900000000000304,0.01,0.0,N/A,-1.0,-1.0,7.7,7.64,7.9,CSPII,Ia,0.983,none,1.8849999999999997e-05
LSQ12hvj,0.0712507,0.0723911,1.167,0.015,18.989,0.021,-6.3,0.0458,0.0046,7.477e-07,,,,0.08099999999999952,0.009899494936611667,0.0,N/A,-1.0,-1.0,9.05,8.79,9.22,CSPII,Ia,0.986,none,-4.173e-05
LSQ12hxx,0.06936,0.0689135,1.19,0.024,18.737,0.049,-1.6,0.0153,0.0015,-4.675e-05,,,,0.0779999999999994,0.016401219466856725,0.0,N/A,-1.0,-1.0,10.45,10.28,10.58,CSPII,Ia,0.986,none,-3.5000000000000038e-06
LSQ12hzj,0.0334,0.0345752,0.969,0.004,17.288,0.026,-4.1,0.0569,0.0057,-4.561e-06,,,,-0.06899999999999906,0.007071067811865475,0.0,N/A,-1.0,-1.0,9.35,9.32,9.73,CSPII,Ia,0.985,none,-6.789999999999998e-07
LSQ12hzs,0.07208,0.0718169,1.02,0.018,18.863,0.024,-6.8,0.0227,0.0023,3.695e-05,,,,0.09999999999999787,0.01063014581273465,0.0,N/A,-1.0,-1.0,10.02,9.88,10.42,CSPII,Ia,0.985,none,4.6909999999999996e-05
LSQ13abo,0.0674467,0.0681328,0.88,0.019,18.976,0.078,-4.0,0.0906,0.0091,1.708e-05,,,,0.20700000000000074,0.02778488797889961,0.0,N/A,-1.0,-1.0,10.31,10.04,10.34,CSPII,Ia,0.986,none,0.00019780000000000004
LSQ13cwp,0.0666,0.0662474,0.944,0.017,18.696,0.03,-4.6,0.1326,0.0133,-3.155e-05,,,,0.08800000000000097,0.022803508501982758,0.0,N/A,-1.0,-1.0,10.54,10.39,10.7,CSPII,Ia,0.986,none,3.199999999999999e-05
LSQ13dcy,0.0801,0.0800671,0.94,0.025,19.353,0.029,-3.3,0.0408,0.0041,-0.0001257,,,,0.11599999999999966,0.0191049731745428,0.0,N/A,-1.0,-1.0,9.18,9.01,9.34,CSPII,Ia,0.929,none,-2.1099999999999998e-05
LSQ13dkp,0.0689367,0.0685268,0.646,0.009,18.886,0.057,-3.6,0.0145,0.0015,3.424e-05,,,,0.00999999999999801,0.01345362404707371,0.0,N/A,-1.0,-1.0,10.8,10.61,10.92,CSPII,Ia,0.963,none,2.600000000000002e-06
LSQ13dpm,0.0508648,0.0520617,1.054,0.009,18.06,0.012,-6.8,0.0529,0.0053,8.953e-06,,,,-0.00999999999999801,0.005,0.0,N/A,-1.0,-1.0,9.17,9.06,9.6,CSPII,Ia,0.984,none,2.451e-05
LSQ13dsm,0.0423707,0.0419767,0.909,0.004,17.565,0.029,-3.8,0.0088,0.0009,3.727e-06,,,,-0.015999999999998238,0.0078102496759066544,0.0,N/A,-1.0,-1.0,9.01,8.85,9.14,CSPII,Ia,0.984,none,6.349e-06
LSQ13lq,0.0755477,0.0765051,1.069,0.026,18.585,0.064,1.0,0.0215,0.0022,-2.094e-05,,,,-0.07099999999999795,0.00565685424949238,0.0,N/A,-1.0,-1.0,8.44,8.0,8.63,CSPII,Ia,0.951,none,2.819e-05
LSQ13pf,0.0860404,0.0870045,0.915,0.039,19.099,0.161,6.4,0.0558,0.0056,1.694e-06,,,,0.23300000000000054,0.07300684899377592,0.0,N/A,-1.0,-1.0,10.26,10.14,10.44,CSPII,Ia-91T,0.957,none,-2.0199999999999976e-06
LSQ13ry,0.0298367,0.031032,0.881,0.006,17.128,0.036,-12.2,0.0403,0.004,2.478e-05,,,,-0.047999999999998266,0.011401754250991379,0.0,N/A,-1.0,-1.0,9.64,9.54,9.7,CSPII,Ia,0.971,none,1.1769999999999999e-05
LSQ13vy,0.0417711,0.0421068,0.891,0.005,17.721,0.111,6.3,0.0676,0.0068,2.595e-05,,,,0.07599999999999696,0.0078102496759066544,0.0,N/A,-1.0,-1.0,10.17,10.15,10.33,CSPII,Ia,0.985,none,6.516e-06
LSQ14act,0.05905,0.0594518,0.691,0.007,18.639,0.03,-2.2,0.2269,0.0227,-3.851e-05,,,,0.0030000000000001137,0.009899494936611667,0.0,N/A,-1.0,-1.0,10.17,10.07,10.61,CSPII,Ia,0.976,none,-5.88e-06
LSQ14age,0.0805442,0.0815802,1.115,0.014,19.576,0.053,-9.0,0.0576,0.0058,2.682e-05,,,,-0.008999999999996788,0.012806248474865698,0.0,N/A,-1.0,-1.0,8.42,8.33,8.59,CSPII,Ia,0.976,none,-8.5248e-05
LSQ14ahc,0.0508648,0.0517592,1.222,0.01,17.909,0.021,-8.0,0.0461,0.0046,8.09e-06,,,,-0.028999999999999915,0.01063014581273465,0.0,N/A,-1.0,-1.0,9.13,8.89,9.62,CSPII,Ia,0.986,none,5.159999999999998e-06
LSQ14ahm,0.0497655,0.0509869,1.156,0.009,18.046,0.023,-10.5,0.0274,0.0027,-9.338e-06,,,,-0.05099999999999838,0.01063014581273465,0.0,N/A,-1.0,-1.0,8.2,8.03,8.37,CSPII,Ia,0.986,none,-3.93049e-05
LSQ14auy,0.0824129,0.0832263,1.147,0.017,18.988,0.03,-4.1,0.0669,0.0067,-2.683e-05,,,,-0.012000000000000455,0.012727922061357855,0.0,N/A,-1.0,-1.0,10.74,10.61,11.19,CSPII,Ia,0.987,none,-0.00011598999999999999
LSQ14ba,0.0775463,0.0787677,0.958,0.006,19.218,0.024,-4.8,0.0493,0.0049,4.916e-06,,,,0.03500000000000014,0.01345362404707371,0.0,N/A,-1.0,-1.0,9.47,9.3,9.87,CSPII,Ia,0.986,none,7.799999999999993e-07
LSQ14bjj,0.0811438,0.0819882,1.01,0.009,19.088,0.018,-3.3,0.0408,0.0041,-2.451e-05,,,,-0.07499999999999929,0.008602325267042627,0.0,N/A,-1.0,-1.0,8.46,8.3,8.91,CSPII,Ia,0.986,none,1.4660000000000002e-05
LSQ14fms,0.077946,0.0773231,0.848,0.015,19.236,0.196,0.8,0.0143,0.0014,-8.67e-05,,,,0.17100000000000293,0.016278820596099707,0.0,N/A,-1.0,-1.0,10.11,10.0,10.49,CSPII,Ia,0.986,none,-3.62e-05
LSQ14foj,0.0460667,0.0451705,1.012,0.01,17.916,0.029,-10.9,0.0121,0.0012,4.464e-05,,,,0.04999999999999716,0.01063014581273465,0.0,N/A,-1.0,-1.0,8.44,8.33,8.7,CSPII,Ia,0.986,none,1.3230000000000002e-05
LSQ14fom,0.05626,0.0553279,0.947,0.009,18.289,0.034,-7.2,0.0184,0.0018,2.882e-05,,,,0.022999999999999687,0.01131370849898476,0.0,N/A,-1.0,-1.0,9.54,9.4,9.72,CSPII,Ia,0.978,none,2.1299999999999982e-06
LSQ14gfb,0.0527067,0.0527873,0.586,0.033,18.68,0.129,2.1,0.0159,0.0016,-0.001049,,,,0.5300000000000011,0.06226556030423239,0.0,N/A,-1.0,-1.0,10.3,10.11,10.64,CSPII,Ia,0.985,none,-2.409999999999999e-05
LSQ14ghv,0.0666539,0.0662566,0.968,0.009,18.887,0.05,-0.5,0.0088,0.0009,-6.395e-05,,,,-0.015999999999998238,0.011401754250991379,0.0,N/A,-1.0,-1.0,10.18,10.06,10.31,CSPII,Ia,0.981,none,1.1220000000000001e-05
LSQ14gov,0.089538,0.0892443,1.052,0.011,19.223,0.03,-5.6,0.0357,0.0036,1.071e-05,,,,-0.1039999999999992,0.0078102496759066544,0.0,N/A,-1.0,-1.0,9.02,8.85,9.19,CSPII,Ia,0.985,none,5.347e-05
LSQ14ip,0.0612967,0.0624196,0.509,0.01,18.882,0.093,-7.2,0.0373,0.0037,-0.0001244,,,,0.33800000000000097,0.022803508501982758,0.0,N/A,-1.0,-1.0,10.18,10.01,10.31,CSPII,Ia,0.987,none,-4.4460000000000005e-05
LSQ14jp,0.04539,0.0464896,0.675,0.007,17.879,0.119,6.6,0.053,0.0053,-0.0001079,,,,0.12300000000000111,0.01,0.0,N/A,-1.0,-1.0,10.54,10.48,10.81,CSPII,Ia,0.986,none,9.834e-06
LSQ14wp,0.0694519,0.0706148,1.134,0.012,18.64,0.028,-7.7,0.0207,0.0021,5.858e-06,,,,-0.037000000000002586,0.01063014581273465,0.0,N/A,-1.0,-1.0,7.48,7.23,7.59,CSPII,Ia-91T,0.984,none,-5.6905000000000005e-05
LSQ14xi,0.0507429,0.0519014,1.142,0.011,18.146,0.028,-8.6,0.0368,0.0037,3.481e-05,,,,0.21799999999999997,0.01063014581273465,0.0,N/A,-1.0,-1.0,10.9,10.77,11.07,CSPII,Ia,0.986,none,-3.98226e-05
LSQ15aja,0.0699516,0.0699657,1.032,0.011,18.713,0.02,-9.0,0.0545,0.0054,6.449e-05,,,,-0.08699999999999974,0.009433981132056603,0.0,N/A,-1.0,-1.0,7.46,7.34,7.58,CSPII,Ia,0.984,none,6.0238e-05
LSQ15alq,0.0470667,0.0480953,0.921,0.005,17.745,0.02,-3.1,0.0668,0.0067,-4.442e-06,,,,-0.0020000000000024443,0.006403124237432849,0.0,N/A,-1.0,-1.0,10.4,10.22,10.82,CSPII,Ia,0.97,none,6.838999999999999e-06
LSQ15bv,0.0689,0.0701168,0.952,0.009,18.709,0.127,6.2,0.0443,0.0044,-0.0001037,,,,-0.0010000000000012221,0.014422205101855958,0.0,N/A,-1.0,-1.0,10.56,10.39,10.77,CSPII,Ia,0.985,none,-3.6105999999999996e-05
PS1-13eao,0.0377533,0.037362,0.89,0.045,17.534,0.036,-2.0,0.0107,0.0011,-0.000696,,,,1.5489999999999995,0.09631718434422801,0.0,N/A,-1.0,-1.0,10.73,10.56,11.04,CSPII,Ia,0.0,none,-0.00015690000000000002
PS1-14ra,0.0280833,0.0287982,0.777,0.006,16.913,0.014,-0.1,0.023,0.0023,-1.546e-05,,,,0.05999999999999872,0.006403124237432849,0.0,N/A,-1.0,-1.0,10.65,10.35,10.72,CSPII,Ia,0.984,none,-7.999999999999754e-09
PS1-14rx,0.0669536,0.0680019,0.846,0.018,19.005,0.065,-8.1,0.0266,0.0027,-2.611e-06,,,,-0.021999999999998465,0.02690724809414742,0.0,N/A,-1.0,-1.0,9.89,9.77,10.06,CSPII,Ia,0.981,none,8.079999999999999e-05
PS1-14xw,0.0245,0.0245957,1.039,0.01,16.229,0.014,-0.2,0.0656,0.0066,-2.739e-05,,,,0.0259999999999998,0.006403124237432849,0.0,N/A,-1.0,-1.0,11.24,11.11,11.71,CSPII,Ia,0.975,none,2.213e-05
PS15sv,0.033277,0.0335844,0.993,0.005,16.95,0.015,-2.9,0.0782,0.0078,-1.473e-05,,,,0.010999999999999233,0.009219544457292887,0.0,N/A,-1.0,-1.0,8.31,8.2,8.56,CSPII,Ia-91T,0.977,none,-4.999999999999986e-07
PTF11pbp,0.0289033,0.0276702,1.15,0.007,16.691,0.017,-4.4,0.0507,0.0051,2.343e-06,,,,0.054999999999999716,0.007071067811865475,0.0,N/A,-1.0,-1.0,10.88,10.73,10.97,CSPII,Ia,0.984,none,-2.4789e-05
PTF11ppn,0.0672534,0.0661869,0.641,0.037,18.166,0.169,8.4,0.132,0.0132,-0.001738,,,,0.18900000000000006,0.17917589123540031,0.0,N/A,-1.0,-1.0,11.02,10.96,11.06,CSPII,Ia-91bg,0.154,none,0.00017540000000000004
PTF11pra,0.0175433,0.0167242,0.439,0.017,16.582,0.061,2.0,0.0243,0.0024,-1.374e-05,,,,0.9200000000000017,0.06,0.0,N/A,-1.0,-1.0,10.68,10.57,10.75,CSPII,Ia,0.981,none,-3.1940000000000003e-06
PTF11qnr,0.0162167,0.0149985,0.806,0.008,15.524,0.025,-1.3,0.0556,0.0056,4.783e-05,,,,0.2550000000000008,0.009219544457292887,0.0,N/A,-1.0,-1.0,10.65,10.38,10.7,CSPII,Ia,0.979,none,4.969999999999998e-06
PTF13duj,0.01694,0.015867,1.156,0.014,15.608,0.118,11.0,0.0665,0.0067,0.0001701,,,,0.057000000000000384,0.012041594578792296,0.0,N/A,-1.0,-1.0,10.73,10.61,10.82,CSPII,Ia,0.965,none,-5.6117e-05
PTF13dym,0.04213,0.0409061,0.509,0.024,16.605,0.145,1.2,0.0379,0.0038,-0.001046,,,,0.09600000000000009,0.04951767361255979,0.0,N/A,-1.0,-1.0,9.45,9.25,9.88,CSPII,Ia-91bg,0.0,none,-9.81e-05
PTF13ebh,0.01326,0.012484,0.636,0.004,15.081,0.022,-12.0,0.0668,0.0067,-1.312e-05,,,,0.12299999999999933,0.009219544457292887,0.0,NGC0890,33.296,0.081,10.86,10.809999999999999,10.91,N/A,N/A,0.0,s,-1.099e-06
PTF13efe,0.0749481,0.0758465,1.145,0.011,18.88,0.023,-5.0,0.0213,0.0021,6.189e-06,,,,-0.01699999999999946,0.01345362404707371,0.0,N/A,-1.0,-1.0,11.5,11.5,11.5,CSPII,Ia,0.987,none,-6.7259e-05
PTF13ez,0.0434699,0.0445375,0.897,0.011,17.76,0.033,-1.8,0.0429,0.0043,-7.49e-05,,,,0.15900000000000247,0.02968164415931166,0.0,N/A,-1.0,-1.0,9.71,9.52,9.84,CSPII,Ia,0.982,none,4.581e-05
PTF14aje,0.0276708,0.0282271,0.684,0.005,17.072,0.016,-2.2,0.1524,0.0152,-3.073e-05,,,,0.6080000000000005,0.010816653826391968,0.0,N/A,-1.0,-1.0,10.78,10.64,10.84,CSPII,Ia,0.978,none,-2.0989999999999997e-06
PTF14gnl,0.05369,0.0525349,1.021,0.006,18.03,0.028,-13.4,0.0268,0.0027,4.833e-05,,,,-0.05500000000000327,0.008602325267042627,0.0,N/A,-1.0,-1.0,10.06,9.86,10.5,CSPII,Ia,0.984,none,8.509999999999998e-06
PTF14w,0.0188933,0.0200839,0.742,0.004,16.315,0.013,-3.3,0.0205,0.0021,-1.874e-06,,,,0.055999999999997385,0.005,0.0,N/A,-1.0,-1.0,9.14,8.96,9.3,CSPII,Ia,0.975,none,2.896e-06
PTF14yw,0.01697,0.0180604,0.856,0.008,16.458,0.044,-4.2,0.0255,0.0026,5.894e-06,,,,-0.038000000000000256,0.01063014581273465,0.0,N/A,-1.0,-1.0,10.24,10.16,10.59,CSPII,Ia,0.411,none,-2.5899999999999972e-06
PTF14yy,0.0429703,0.0440905,0.837,0.01,18.027,0.02,-6.8,0.0198,0.002,4.347e-06,,,,0.2560000000000002,0.014866068747318505,0.0,N/A,-1.0,-1.0,9.41,9.25,9.52,CSPII,Ia,0.986,none,2.980000000000002e-06
SN1980N,0.005871,0.0055142,0.904,0.006,12.684,0.082,4.6,0.018,0.0018,3.07e-05,31.817,0.394,Ho,0.07000000000000028,0.012041594578792296,0.0,NGC1316,31.59,0.05,11.514,11.482,11.546,N/A,N/A,0.0,s,4.924800000000001e-06
SN1981D,0.005871,0.0055129,0.793,0.033,12.861,0.087,3.2,0.0178,0.0018,3.643e-06,31.817,0.394,Ho,0.17300000000000004,0.03847076812334269,0.0,NGC1316,31.59,0.05,11.514,11.482,11.546,N/A,N/A,0.0,s,3.280000000000001e-05
SN1996X,0.00689,0.0078918,0.917,0.013,13.434,0.15,11.6,0.0596,0.006,-6.259e-05,32.596,0.275,Ho,-0.03300000000000125,0.018867962264113206,0.0,NGC5061,32.26,0.19,11.057,10.971,11.143,N/A,N/A,0.0,s,1.9609999999999997e-05
SN2000cx,0.007929,0.0068909,0.842,0.005,13.878,0.028,-8.1,0.0698,0.007,1.163e-05,32.301,0.315,Ho,0.05299999999999905,0.0078102496759066544,0.0,NGC0524,32.212,0.09,10.929,10.84,11.018,N/A,N/A,0.0,s,1.5359999999999985e-06
SN2003hv,0.005601,0.0050833,0.788,0.019,12.757,0.07,1.7,0.0133,0.0013,-3.858e-06,31.641,0.427,Ho,-0.08000000000000007,0.060802960454241044,0.0,NGC1201,31.347,0.074,10.565,10.504999999999999,10.625,N/A,N/A,0.0,s,-1.5009999999999997e-06
SN2004ef,0.0309667,0.02977,0.84,0.003,17.029,0.089,5.0,0.0458,0.0046,3.782e-06,,,,0.11699999999999733,0.00565685424949238,0.0,N/A,-1.0,-1.0,10.74,10.63,10.8,CSPI,Ia,0.981,none,-1.3499999999999955e-07
SN2004eo,0.01569,0.0147367,0.869,0.005,15.475,0.013,-9.3,0.093,0.0093,8.202e-06,,,,0.02499999999999858,0.009219544457292887,0.0,N/A,-1.0,-1.0,11.16,11.03,11.35,CSPI,Ia,0.979,none,4.8419999999999996e-06
SN2004ey,0.0157767,0.0146267,1.009,0.003,15.452,0.007,-3.9,0.1197,0.012,2.508e-07,,,,-0.051000000000000156,0.004242640687119285,0.0,N/A,-1.0,-1.0,10.06,9.76,10.41,CSPI,Ia,0.973,none,2.31e-07
SN2004gs,0.0266267,0.0282767,0.705,0.003,16.924,0.07,6.1,0.0257,0.0026,-2.017e-05,,,,0.20199999999999818,0.006403124237432849,0.0,N/A,-1.0,-1.0,10.63,10.57,10.7,CSPI,Ia,0.982,none,-5.279999999999999e-07
SN2004gu,0.0458267,0.0468967,1.149,0.011,17.727,0.095,12.2,0.0223,0.0022,6.887e-05,,,,0.14499999999999957,0.015620499351813309,0.0,N/A,-1.0,-1.0,10.02,9.74,10.19,CSPI,Ia-06gz,0.986,none,-8.936e-05
SN2005A,0.0191267,0.01834,0.963,0.007,16.267,0.089,5.3,0.0259,0.0026,5.541e-06,,,,0.9839999999999982,0.015620499351813309,0.0,N/A,-1.0,-1.0,11.19,11.07,11.26,CSPI,Ia,0.976,none,-6.619999999999999e-06
SN2005M,0.0219967,0.02558,1.204,0.003,16.552,0.012,-8.1,0.0273,0.0027,1.281e-06,,,,0.017999999999998906,0.004242640687119285,0.0,N/A,-1.0,-1.0,8.8,8.38,8.92,CSPI,Ia-91T,0.984,none,1.1700000000000032e-07
SN2005ag,0.07937,0.08008,1.145,0.009,19.136,0.09,5.1,0.0331,0.0033,-1.501e-05,,,,-0.030000000000001137,0.0078102496759066544,0.0,N/A,-1.0,-1.0,10.9,10.84,10.95,CSPI,Ia,0.982,none,-3.361e-05
SN2005al,0.0123933,0.0132867,0.865,0.004,15.452,0.067,3.0,0.0483,0.0048,-1.011e-06,,,,-0.051000000000000156,0.007211102550927979,0.0,N/A,-1.0,-1.0,10.49,10.4,10.63,CSPI,Ia,0.909,none,-5.68e-06
SN2005am,0.0078933,0.0089667,0.764,0.004,13.873,0.054,24.5,0.0433,0.0043,5.238e-05,,,,0.07399999999999984,0.0078102496759066544,0.0,N/A,-1.0,-1.0,10.83,10.68,11.26,CSPI,Ia,0.934,none,3.4198999999999996e-06
SN2005el,0.0149,0.0148833,0.865,0.003,15.517,0.01,-6.2,0.0976,0.0098,3.947e-06,,,,-0.0730000000000004,0.01063014581273465,0.0,N/A,-1.0,-1.0,10.84,10.7,11.24,CSPI,Ia,0.973,none,1.835999999999999e-06
SN2005eq,0.0289567,0.02835,1.234,0.007,16.752,0.015,-6.4,0.0629,0.0063,-5.91e-06,,,,0.03500000000000014,0.008602325267042627,0.0,N/A,-1.0,-1.0,10.56,10.44,10.65,CSPI,Ia-91T,0.984,none,-2.376e-06
SN2005hc,0.0459067,0.0444967,1.142,0.007,17.941,0.017,-5.8,0.028,0.0028,4.455e-06,,,,0.012000000000000455,0.006403124237432849,0.0,N/A,-1.0,-1.0,10.6,10.52,10.65,CSPI,Ia,0.98,none,-2.0325e-05
SN2005hj,0.0579667,0.05695,1.152,0.019,18.154,0.058,-2.0,0.0329,0.0033,2.57e-06,,,,0.0799999999999983,0.015556349186104044,0.0,N/A,-1.0,-1.0,9.32,9.22,9.38,CSPI,Ia,0.984,none,-0.00011227
SN2005iq,0.03402,0.03293,0.88,0.006,17.284,0.023,-2.5,0.0185,0.0019,7.954e-06,,,,-0.03200000000000003,0.01063014581273465,0.0,N/A,-1.0,-1.0,10.54,10.47,10.6,CSPI,Ia,0.965,none,7.437000000000002e-06
SN2005kc,0.01511,0.01389,0.932,0.006,15.417,0.012,-9.5,0.1137,0.0114,1.257e-05,,,,0.23799999999999955,0.01063014581273465,0.0,N/A,-1.0,-1.0,11.06,10.6,11.5,CSPI,Ia,0.978,none,2.507e-06
SN2005ke,0.0048767,0.0044833,0.438,0.003,14.023,0.009,-7.8,0.02,0.002,3.124e-06,,,,0.6699999999999999,0.012041594578792296,0.0,N/A,-1.0,-1.0,10.43,10.29,10.61,CSPI,Ia-91bg,0.953,none,2.7049999999999995e-06
SN2005ki,0.0191933,0.02037,0.839,0.003,16.132,0.009,-9.1,0.0267,0.0027,3.647e-06,,,,-0.018000000000000682,0.007071067811865475,0.0,N/A,-1.0,-1.0,10.8,10.62,10.86,CSPI,Ia,0.982,none,-1.7119999999999994e-06
SN2005na,0.0263033,0.0268133,0.971,0.018,16.539,0.068,16.1,0.0681,0.0068,2.727e-05,,,,-0.019999999999999574,0.0078102496759066544,0.0,N/A,-1.0,-1.0,10.97,10.9,11.05,CSPI,Ia,0.976,none,-2.686e-06
SN2006D,0.00852,0.00964,0.839,0.003,14.563,0.043,16.0,0.0394,0.0039,1.215e-05,,,,0.09800000000000075,0.006403124237432849,0.0,N/A,-1.0,-1.0,9.76,9.54,9.85,CSPI,Ia,0.972,none,-5.059999999999995e-07
SN2006X,0.0052367,0.00632,0.971,0.004,12.847,0.014,-9.7,0.0228,0.0023,6.628e-06,,,,1.2140000000000004,0.01131370849898476,0.0,N/A,-1.0,-1.0,9.33,9.06,9.43,CSPI,Ia,0.557,none,-1.928000000000001e-06
SN2006ax,0.0167267,0.0179567,1.003,0.004,15.7,0.008,-9.7,0.041,0.0041,5.24e-06,,,,-0.07199999999999918,0.0078102496759066544,0.0,N/A,-1.0,-1.0,10.92,10.79,11.04,CSPI,Ia,0.981,none,9.119999999999999e-07
SN2006bd,0.0257067,0.0267967,0.398,0.009,17.651,0.041,-2.3,0.0231,0.0023,5.867e-05,,,,0.7119999999999997,0.03911521443121589,0.0,N/A,-1.0,-1.0,10.77,10.6,10.8,CSPI,Ia-91bg,0.981,none,3.3899999999999997e-06
SN2006bh,0.01084,0.0104933,0.828,0.003,14.823,0.011,-3.9,0.0228,0.0023,2.609e-06,,,,-0.009999999999999787,0.00565685424949238,0.0,N/A,-1.0,-1.0,10.43,10.31,10.49,CSPI,Ia,0.969,none,-1.5089999999999994e-06
SN2006br,0.0245733,0.0255233,0.962,0.032,16.91,0.111,4.4,0.0197,0.002,-0.00021,,,,0.8490000000000002,0.09626006440887104,0.0,N/A,-1.0,-1.0,10.97,10.87,11.36,CSPI,Ia,0.982,none,6.916e-05
SN2006dd,0.005867,0.0055089,0.951,0.003,12.751,0.008,-10.6,0.0179,0.0018,3.847e-06,31.815,0.394,Ho,-0.08800000000000097,0.007071067811865475,0.0,NGC1316,31.59,0.05,11.514,11.482,11.546,N/A,N/A,0.0,s,-1.4750000000000003e-06
SN2006ej,0.0204367,0.0193367,0.842,0.018,15.992,0.064,4.2,0.0296,0.003,-2.631e-06,,,,0.028999999999999915,0.060216276869298396,0.0,N/A,-1.0,-1.0,10.63,10.48,10.7,CSPI,Ia,0.971,none,-8.312000000000001e-06
SN2006eq,0.0494667,0.0483667,0.649,0.023,18.253,0.102,1.1,0.0416,0.0042,-0.0003139,,,,0.3099999999999987,0.07742092740338365,0.0,N/A,-1.0,-1.0,10.19,9.79,10.65,CSPI,Ia,0.973,none,-5.1689e-05
SN2006et,0.0221567,0.0216467,1.18,0.006,16.187,0.01,-11.4,0.0165,0.0017,1.276e-05,,,,0.14100000000000001,0.0078102496759066544,0.0,N/A,-1.0,-1.0,10.8,10.7,10.88,CSPI,Ia,0.983,none,-7.0337999999999995e-06
SN2006ev,0.0287133,0.0276,0.843,0.021,17.103,0.075,2.8,0.0759,0.0076,-8.604e-07,,,,0.1750000000000007,0.07021395872616784,0.0,N/A,-1.0,-1.0,10.75,10.65,10.91,CSPI,Ia,0.924,none,-2.8846e-05
SN2006gj,0.0283333,0.0269667,0.708,0.007,16.957,0.086,2.3,0.0705,0.007,-5.976e-05,,,,0.2980000000000018,0.012041594578792296,0.0,N/A,-1.0,-1.0,10.53,10.36,10.6,CSPI,Ia,0.983,none,-1.3649999999999996e-06
SN2006gt,0.04474,0.0436433,0.575,0.01,18.116,0.045,-1.3,0.0323,0.0032,-0.000254,,,,0.24899999999999878,0.016278820596099707,0.0,N/A,-1.0,-1.0,9.93,9.87,9.94,CSPI,Ia-91bg,0.982,none,-1.645e-05
SN2006hb,0.0153333,0.0153367,0.685,0.018,15.521,0.077,3.4,0.0236,0.0024,-7.893e-05,,,,0.1850000000000005,0.0660302960768767,0.0,N/A,-1.0,-1.0,10.22,10.05,10.39,CSPI,Ia-86G,0.98,none,-1.7909e-05
SN2006hx,0.0454633,0.0444033,0.977,0.012,17.808,0.053,-8.1,0.0256,0.0026,7.932e-05,,,,0.11599999999999966,0.03538361202590826,0.0,N/A,-1.0,-1.0,10.31,10.12,10.44,CSPI,Ia,0.981,none,-1.909999999999999e-05
SN2006is,0.0313333,0.03142,1.092,0.037,16.908,0.082,1.5,0.029,0.0029,-0.0001788,,,,0.038999999999997925,0.06720119046564577,0.0,N/A,-1.0,-1.0,7.1,6.68,7.41,CSPI,Ia,0.983,none,-0.00012373
SN2006kf,0.0212867,0.0208,0.771,0.005,16.245,0.009,-3.8,0.2097,0.021,9.228e-07,,,,0.0259999999999998,0.009219544457292887,0.0,N/A,-1.0,-1.0,10.82,10.59,10.9,CSPI,Ia,0.981,none,3.766e-06
SN2006mr,0.0058667,0.00551,0.335,0.004,14.052,0.025,-3.4,0.0179,0.0018,2.662e-05,,,,0.7310000000000016,0.02758622844826744,0.0,N/A,-1.0,-1.0,11.19,10.79,11.38,CSPI,Ia-91bg,0.947,none,-1.0749999999999999e-05
SN2006ob,0.0591967,0.0582567,0.743,0.009,18.446,0.09,2.9,0.0285,0.0029,-1.881e-05,,,,0.1109999999999971,0.014866068747318505,0.0,N/A,-1.0,-1.0,11.26,11.08,11.33,CSPI,Ia,0.986,none,1.9908e-05
SN2006os,0.0327867,0.03208,0.944,0.02,17.22,0.027,-0.9,0.1254,0.0125,-5.642e-05,,,,0.31700000000000017,0.065,0.0,N/A,-1.0,-1.0,10.81,10.66,10.87,CSPI,Ia,0.982,none,-4.1e-06
SN2007A,0.0176333,0.0164633,1.047,0.02,15.721,0.014,-5.6,0.0631,0.0063,5.979e-06,,,,0.2010000000000005,0.01,0.0,N/A,-1.0,-1.0,10.57,10.57,10.57,CSPI,Ia,0.98,none,0.00012521
SN2007N,0.01287,0.014,0.375,0.006,16.307,0.069,0.3,0.0343,0.0034,5.13e-06,,,,0.9529999999999994,0.023600847442411893,0.0,N/A,-1.0,-1.0,10.19,10.1,10.57,CSPI,Ia-91bg,0.976,none,6.75e-06
SN2007S,0.01387,0.0150233,1.187,0.007,15.356,0.009,-11.7,0.0224,0.0022,9.874e-06,,,,0.36599999999999966,0.010816653826391968,0.0,N/A,-1.0,-1.0,9.98,9.63,10.16,CSPI,Ia-91T,0.973,none,-8.710000000000002e-07
SN2007ai,0.03164,0.0319867,1.195,0.015,16.923,0.017,-5.6,0.286,0.0286,-6.417e-05,,,,0.1819999999999986,0.013601470508735444,0.0,N/A,-1.0,-1.0,9.91,9.76,10.18,CSPI,Ia-91T,0.985,none,-2.3566e-05
SN2007al,0.0121133,0.0132629,0.385,0.006,16.129,0.072,0.6,0.036,0.0036,2.384e-05,,,,0.6999999999999993,0.025,0.0,N/A,-1.0,-1.0,9.47,9.33,9.91,CSPI,Ia-91bg,0.971,none,3.759999999999998e-06
SN2007as,0.01756,0.0178967,0.89,0.004,15.874,0.011,-6.6,0.1229,0.0123,2.002e-06,,,,0.08000000000000007,0.008602325267042627,0.0,N/A,-1.0,-1.0,10.36,10.24,10.43,CSPI,Ia,0.98,none,-8.719e-07
SN2007ba,0.0384867,0.0390533,0.556,0.008,17.588,0.03,-6.1,0.0315,0.0032,2.47e-06,,,,0.32800000000000296,0.019209372712298545,0.0,N/A,-1.0,-1.0,10.99,10.9,11.06,CSPI,Ia-91bg,0.796,none,-1.856e-05
SN2007bc,0.0207567,0.02185,0.909,0.005,16.325,0.014,-3.9,0.0186,0.0019,2.663e-06,,,,0.03300000000000125,0.008602325267042627,0.0,N/A,-1.0,-1.0,10.73,10.65,10.78,CSPI,Ia,0.983,none,5.470000000000002e-07
SN2007bd,0.0309967,0.0318267,0.917,0.006,17.123,0.028,-8.6,0.0289,0.0029,8.344e-06,,,,-0.0010000000000012221,0.015620499351813309,0.0,N/A,-1.0,-1.0,10.82,10.68,10.89,CSPI,Ia,0.984,none,1.4954999999999998e-05
SN2007bm,0.0062067,0.00744,0.906,0.006,13.845,0.01,-7.8,0.0354,0.0035,1.842e-05,,,,0.4209999999999994,0.01,0.0,N/A,-1.0,-1.0,10.27,10.09,10.72,CSPI,Ia,0.958,none,2.7202e-06
SN2007ca,0.0140567,0.01507,1.077,0.012,15.638,0.014,-10.0,0.057,0.0057,1.648e-05,,,,0.2599999999999998,0.009899494936611667,0.0,N/A,-1.0,-1.0,9.69,9.52,9.74,CSPI,Ia,0.979,none,1.5218999999999998e-05
SN2007hj,0.0141033,0.0128818,0.636,0.005,15.537,0.069,0.6,0.0747,0.0075,-6.085e-05,,,,0.21600000000000108,0.009219544457292887,0.0,N/A,-1.0,-1.0,10.45,10.3,10.89,CSPI,Ia,0.961,none,-5.622e-06
SN2007jd,0.0725833,0.0719112,0.893,0.035,18.984,0.126,2.4,0.066,0.0066,-0.0006733,,,,0.09499999999999886,0.07981227975693966,0.0,N/A,-1.0,-1.0,10.13,9.93,10.18,CSPI,Ia,0.942,none,-7.623e-05
SN2007jg,0.0371067,0.0365767,0.94,0.006,17.614,0.017,-3.0,0.0904,0.009,-1.475e-05,,,,0.029999999999997584,0.01,0.0,N/A,-1.0,-1.0,8.1,7.95,8.22,CSPI,Ia,0.974,none,3.5699999999999997e-06
SN2007le,0.0067167,0.0055233,1.019,0.004,13.751,0.008,-10.8,0.0287,0.0029,4.094e-06,,,,0.2919999999999998,0.006403124237432849,0.0,N/A,-1.0,-1.0,9.85,9.71,10.16,CSPI,Ia,0.955,none,3.0399999999999997e-06
SN2007nq,0.045,0.0439033,0.78,0.006,17.536,0.082,0.8,0.0312,0.0031,3.537e-05,,,,0.05900000000000105,0.011401754250991379,0.0,N/A,-1.0,-1.0,11.21,11.15,11.28,CSPI,Ia,0.952,none,5.108e-06
SN2007on,0.00649,0.0061833,0.588,0.003,13.146,0.014,-9.5,0.0098,0.001,-1.224e-05,31.998,0.004,Ho,0.11599999999999966,0.012041594578792296,0.0,NGC1404,31.526,0.072,10.932,10.897,10.967,N/A,N/A,0.0,s,1.651e-06
SN2007so,0.0296667,0.0289285,0.923,0.009,15.918,0.081,30.9,0.1161,0.0116,0.0001201,,,,0.012000000000000455,0.07803204469959761,0.0,N/A,-1.0,-1.0,10.97,10.89,11.07,CSPI,Ia,,none,0.00012331
SN2007st,0.0211667,0.0206508,0.862,0.022,15.63,0.098,4.3,0.0143,0.0014,2.861e-05,,,,0.1479999999999997,0.08360023923410746,0.0,N/A,-1.0,-1.0,10.95,10.85,11.4,CSPI,Ia,0.951,none,-6.425e-05
SN2007ux,0.0308933,0.031996,0.624,0.006,17.359,0.021,-0.4,0.0386,0.0039,-8.511e-05,,,,0.21300000000000097,0.01,0.0,N/A,-1.0,-1.0,10.3,10.23,10.34,CSPI,Ia-86G,0.981,none,-1.3426e-05
SN2008C,0.01661,0.0170667,0.969,0.024,15.733,0.087,5.4,0.072,0.0072,-7.285e-05,,,,0.16500000000000092,0.07440430095095309,0.0,N/A,-1.0,-1.0,10.49,10.35,10.55,CSPI,Ia,0.981,none,-1.7829999999999997e-05
SN2008O,0.03883,0.039318,0.683,0.01,17.721,0.04,-2.2,0.0763,0.0076,-0.0001747,,,,0.31400000000000006,0.016401219466856725,0.0,N/A,-1.0,-1.0,11.33,11.12,11.59,CSPI,Ia,0.986,none,-1.83118e-05
SN2008R,0.0134933,0.0128867,0.633,0.006,15.289,0.079,0.6,0.0618,0.0062,-0.0001152,,,,0.11999999999999922,0.01063014581273465,0.0,NGC1200,33.66,0.08,11.25,11.13,11.37,N/A,N/A,0.0,s,-7.641e-06
SN2008ar,0.02613,0.0272474,0.975,0.004,16.807,0.016,-6.1,0.0311,0.0031,7.658e-06,,,,0.009000000000000341,0.011401754250991379,0.0,N/A,-1.0,-1.0,10.21,10.11,10.28,CSPI,Ia,0.984,none,5.309999999999998e-06
SN2008bc,0.0150767,0.0157067,1.058,0.005,15.542,0.008,-6.0,0.2251,0.0225,3.379e-06,,,,-0.02800000000000047,0.00565685424949238,0.0,N/A,-1.0,-1.0,10.1,9.95,10.23,CSPI,Ia,0.979,none,1.2013e-05
SN2008bd,0.0300833,0.0312803,0.656,0.04,16.372,0.152,24.4,0.0751,0.0075,-0.002889,,,,0.34499999999999886,0.06762396025078685,0.0,N/A,-1.0,-1.0,11.07,10.99,11.13,CSPI,Ia-91bg,,none,-0.0017958000000000002
SN2008bf,0.0234837,0.0245538,1.019,0.004,16.419,0.008,-8.1,0.0296,0.003,1.247e-06,,,,-0.045999999999999375,0.006403124237432849,0.0,N/A,-1.0,-1.0,11.4,11.4,11.4,CSPI,Ia,0.982,none,5.211999999999999e-06
SN2008bi,0.0134367,0.0143882,0.512,0.023,15.621,0.108,9.5,0.037,0.0037,-0.0002708,,,,0.5790000000000006,0.1292478239662084,0.0,N/A,-1.0,-1.0,10.38,10.27,10.48,CSPI,Ia-91bg,0.972,none,-5.9090000000000005e-05
SN2008bq,0.0339767,0.0344433,1.146,0.009,17.099,0.078,2.9,0.0774,0.0077,1.014e-05,,,,0.045000000000001705,0.009219544457292887,0.0,N/A,-1.0,-1.0,10.82,10.74,10.91,CSPI,Ia,0.983,none,-4.504e-05
SN2008bt,0.0153533,0.0165796,0.492,0.008,16.278,0.099,20.8,0.0445,0.0044,7.087e-05,,,,0.5249999999999986,0.01345362404707371,0.0,N/A,-1.0,-1.0,10.85,10.7,10.91,CSPI,Ia-91bg,0.979,none,-1.492e-05
SN2008bz,0.0602367,0.0613265,0.944,0.023,18.812,0.083,28.4,0.0226,0.0023,-3.141e-05,,,,-0.04299999999999926,0.06420280367709809,0.0,N/A,-1.0,-1.0,10.5,10.44,10.56,CSPI,Ia,0.957,none,-1.3999999999999527e-07
SN2008cc,0.0103867,0.0101222,0.809,0.018,14.25,0.036,14.5,0.0355,0.0035,1.694e-05,,,,0.15999999999999837,0.0660302960768767,0.0,N/A,-1.0,-1.0,10.48,10.4,10.64,CSPI,Ia,0.965,none,-1.845e-05
SN2008cf,0.0459682,0.0468269,1.093,0.036,17.979,0.11,1.9,0.0577,0.0058,-0.0001017,,,,0.010999999999999233,0.06280127387243033,0.0,N/A,-1.0,-1.0,8.73,8.59,8.97,CSPI,Ia,0.986,none,-5.8689999999999995e-05
SN2008ff,0.0191933,0.0186725,1.087,0.009,15.955,0.032,20.6,0.0436,0.0044,1.713e-05,,,,0.17900000000000027,0.018357559750685818,0.0,N/A,-1.0,-1.0,10.8,10.8,10.8,CSPI,Ia,0.981,none,-4.120000000000001e-06
SN2008fl,0.0199,0.0194172,0.882,0.017,15.96,0.065,4.0,0.1569,0.0157,-5.659e-06,,,,0.05599999999999916,0.05940538696111658,0.0,N/A,-1.0,-1.0,10.94,10.87,11.01,CSPI,Ia,0.982,none,-4.447000000000001e-06
SN2008fp,0.00566,0.0062867,1.103,0.008,13.322,0.006,-4.5,0.1686,0.0169,-3.616e-06,,,,0.4800000000000004,0.006403124237432849,0.0,N/A,-1.0,-1.0,10.2,10.15,10.63,CSPI,Ia,0.944,none,-1.1782e-05
SN2008fr,0.0389733,0.0379062,1.043,0.026,17.712,0.093,5.8,0.0395,0.004,-0.0001387,,,,-0.00999999999999801,0.07200694410957877,0.0,N/A,-1.0,-1.0,7.73,7.58,7.92,CSPI,Ia,0.981,none,4.157e-05
SN2008fu,0.05237,0.0518336,0.824,0.024,17.956,0.086,12.1,0.018,0.0018,0.0001235,,,,-0.03400000000000247,0.08736704184073076,0.0,N/A,-1.0,-1.0,10.72,10.66,10.8,CSPI,Ia,0.986,none,-0.000104288
SN2008fw,0.0085433,0.0095066,1.117,0.024,14.47,0.041,17.1,0.1123,0.0112,7.256e-05,,,,0.07600000000000051,0.0658027355054484,0.0,N/A,-1.0,-1.0,10.49,10.31,10.61,CSPI,Ia-91T,0.971,none,-0.00010585999999999999
SN2008gg,0.0319933,0.0310658,1.058,0.026,17.032,0.076,6.5,0.0195,0.002,-0.0001429,,,,0.14999999999999858,0.06420280367709809,0.0,N/A,-1.0,-1.0,10.73,10.63,10.82,CSPI,Ia,0.984,none,2.1629999999999995e-05
SN2008gl,0.0339933,0.0329459,0.867,0.005,17.142,0.017,-0.9,0.0244,0.0024,-3.126e-06,,,,0.028000000000002245,0.0078102496759066544,0.0,N/A,-1.0,-1.0,10.86,10.81,10.92,CSPI,Ia,0.977,none,-3.1259999999999994e-06
SN2008gp,0.03339,0.0328233,0.979,0.004,17.082,0.018,-9.5,0.1042,0.0104,1.145e-05,,,,-0.029999999999997584,0.01063014581273465,0.0,N/A,-1.0,-1.0,10.73,10.64,10.79,CSPI,Ia,0.985,none,-2.4489999999999998e-06
SN2008hj,0.0378667,0.0367224,1.008,0.005,17.543,0.019,-7.3,0.0303,0.003,8.295e-06,,,,-0.007999999999999119,0.007071067811865475,0.0,N/A,-1.0,-1.0,10.4,10.2,10.69,CSPI,Ia,0.983,none,3.508999999999999e-06
SN2008hs,0.017349,0.0166411,0.611,0.006,16.207,0.027,-9.7,0.0497,0.005,1.357e-05,,,,0.07499999999999929,0.02441311123146741,0.0,NGC0910,34.459,0.093,11.504,11.401,11.607,N/A,N/A,0.0,s,-1.0900000000000014e-06
SN2008hu,0.0496656,0.050526,0.822,0.024,18.271,0.03,-1.9,0.0921,0.0092,-2.252e-05,,,,0.0259999999999998,0.07,0.0,N/A,-1.0,-1.0,10.99,10.84,11.07,CSPI,Ia,0.985,none,-4.368e-05
SN2008hv,0.01254,0.01358,0.869,0.004,15.279,0.011,-12.7,0.0279,0.0028,3.608e-06,,,,-0.04600000000000115,0.011401754250991379,0.0,NGC2765,33.725,0.083,10.55,10.370000000000001,10.73,N/A,N/A,0.0,s,3.4099999999999995e-06
SN2008ia,0.0219833,0.02254,0.836,0.006,16.26,0.025,-1.8,0.1954,0.0195,1.427e-05,,,,-0.03500000000000014,0.015556349186104044,0.0,ESO125-G006,34.896,0.195,10.77,10.27,11.27,N/A,N/A,0.0,s,-8.103999999999999e-06
SN2009D,0.02499,0.024654,1.157,0.007,16.349,0.011,-2.6,0.0441,0.0044,7.29e-06,,,,-0.02099999999999902,0.00565685424949238,0.0,N/A,-1.0,-1.0,10.43,10.35,10.5,CSPI,Ia,0.984,none,-1.41306e-05
SN2009F,0.0129467,0.01291,0.384,0.007,16.023,0.024,-4.0,0.0895,0.0089,4.3e-05,,,,0.5570000000000022,0.025495097567963924,0.0,N/A,-1.0,-1.0,10.79,10.61,11.22,CSPI,Ia-91bg,0.97,none,6.529999999999997e-06
SN2009I,0.02615,0.0254309,1.083,0.035,16.726,0.017,-5.7,0.0272,0.0027,-5.693e-05,,,,0.6509999999999998,0.018439088914585774,0.0,N/A,-1.0,-1.0,10.74,10.53,10.88,CSPI,Ia,0.969,none,-3.2216000000000005e-05
SN2009P,0.0250867,0.0263202,1.082,0.042,16.711,0.095,0.1,0.0415,0.0042,-0.0003967,,,,0.4049999999999976,0.0214009345590327,0.0,N/A,-1.0,-1.0,9.87,9.77,9.95,CSPI,Ia,0.982,none,-0.00017427
SN2009Y,0.0093467,0.0101034,1.143,0.01,14.494,0.015,-7.6,0.0873,0.0087,1.914e-05,,,,0.1460000000000008,0.012041594578792296,0.0,N/A,-1.0,-1.0,10.76,10.66,10.95,CSPI,Ia,0.97,none,-6.0324e-05
SN2009aa,0.02729,0.0284814,0.944,0.004,16.768,0.013,-9.8,0.0295,0.0029,1.061e-05,,,,0.012999999999998124,0.012041594578792296,0.0,N/A,-1.0,-1.0,10.6,10.1,10.8,CSPI,Ia,0.983,none,-2.662000000000001e-06
SN2009ab,0.0111633,0.0108624,0.901,0.006,14.952,0.016,-8.1,0.1838,0.0184,4.029e-05,,,,0.034999999999998366,0.01063014581273465,0.0,N/A,-1.0,-1.0,10.35,10.2,10.78,CSPI,Ia,0.959,none,9.141000000000001e-06
SN2009ad,0.02838,0.0283174,1.105,0.015,16.673,0.014,-3.8,0.0953,0.0095,1.395e-05,,,,0.030999999999998806,0.01131370849898476,0.0,N/A,-1.0,-1.0,10.58,10.5,10.64,CSPI,Ia,0.984,none,-2.555e-05
SN2009ag,0.0086333,0.0092477,0.967,0.005,14.6,0.013,-3.5,0.218,0.0218,-1.501e-05,,,,0.1490000000000009,0.014212670403551895,0.0,N/A,-1.0,-1.0,10.2,9.99,10.6,CSPI,Ia,0.97,none,3.789999999999997e-07
SN2009al,0.02209,0.0232764,0.922,0.013,16.355,0.024,-6.3,0.0212,0.0021,6.285e-05,,,,0.18599999999999994,0.027802877548915687,0.0,N/A,-1.0,-1.0,10.72,10.66,10.77,CSPI,Ia,0.98,none,3.282e-05
SN2009cz,0.0211233,0.0219786,1.167,0.011,16.179,0.017,-3.8,0.0221,0.0022,2.736e-05,,,,0.019000000000000128,0.009899494936611667,0.0,N/A,-1.0,-1.0,10.75,10.68,10.84,CSPI,Ia,0.982,none,-3.3497e-05
SN2009ds,0.0192467,0.0204662,1.121,0.015,15.91,0.02,-6.5,0.0332,0.0033,6.057e-05,,,,0.10599999999999987,0.012727922061357855,0.0,N/A,-1.0,-1.0,10.77,10.62,10.97,CSPI,Ia,0.982,none,-5.0689e-05
SN2009le,0.0177733,0.017027,1.088,0.011,15.997,0.026,-12.2,0.0143,0.0014,8.674e-06,,,,0.12199999999999989,0.00848528137423857,0.0,N/A,-1.0,-1.0,10.84,10.66,11.31,CSPI,Ia,0.976,none,2.1154e-05
SN2010Y,0.0109,0.0112644,0.658,0.006,15.253,0.024,-8.4,0.0117,0.0012,6.177e-06,,,,0.02200000000000024,0.016401219466856725,0.0,NGC3392,33.861,0.088,10.58,10.474,10.686,N/A,N/A,0.0,s,-3.3300000000000003e-06
SN2011iv,0.00649,0.0061827,0.699,0.007,12.659,0.026,-3.4,0.0098,0.001,-3.626e-05,32.066,0.351,Ho,0.030999999999998806,0.01063014581273465,0.0,NGC1404,31.526,0.072,10.932,10.897,10.967,N/A,N/A,0.0,s,-3.2e-06
SN2011iy,0.0042633,0.0053357,1.038,0.006,12.561,0.039,15.6,0.0529,0.0053,-1.47e-05,,,,0.24399999999999977,0.012206555615733704,0.0,N/A,-1.0,-1.0,10.39,10.21,10.83,CSPII,Ia,0.9,none,1.3017999999999998e-05
SN2011jh,0.0077833,0.0089154,0.789,0.005,14.372,0.016,-3.5,0.0322,0.0032,6.884e-06,,,,0.3680000000000003,0.0078102496759066544,0.0,N/A,-1.0,-1.0,10.09,10.02,10.16,CSPII,Ia,0.966,none,3.1200000000000006e-06
SN2011jn,0.0474433,0.0485384,0.641,0.021,17.945,0.125,5.5,0.0593,0.0059,-0.0003445,,,,0.12100000000000222,0.08848163651289458,0.0,N/A,-1.0,-1.0,11.35,11.23,11.78,CSPII,Ia,0.982,none,-4.6884e-05
SN2012aq,0.0519633,0.0525508,0.995,0.018,18.017,0.072,11.6,0.0338,0.0034,-1.123e-05,,,,0.006000000000000227,0.06300793600809346,0.0,N/A,-1.0,-1.0,7.77,7.63,8.01,CSPII,Ia,0.972,none,5.47e-07
SN2012ar,0.02824,0.028536,0.807,0.006,16.708,0.074,1.4,0.2024,0.0202,-1.264e-05,,,,0.03300000000000125,0.006403124237432849,0.0,N/A,-1.0,-1.0,10.94,10.84,11.02,CSPII,Ia,0.982,none,-5.251e-06
SN2012bl,0.0186933,0.0181998,1.08,0.016,15.918,0.082,2.8,0.0297,0.003,-3.265e-05,,,,0.04400000000000048,0.00848528137423857,0.0,N/A,-1.0,-1.0,10.09,9.85,10.24,CSPII,Ia,0.977,none,4.327e-06
SN2012bo,0.0254133,0.0265314,1.154,0.007,16.592,0.069,0.4,0.0447,0.0045,8.032e-06,,,,0.011999999999996902,0.006403124237432849,0.0,N/A,-1.0,-1.0,10.32,10.15,10.4,CSPII,Ia,0.983,none,-2.1109e-05
SN2012cg,0.001458,0.0025798,1.013,0.007,12.295,0.016,-14.5,0.0179,0.0018,3.971e-05,30.168,0.841,Ho,0.07099999999999973,0.009433981132056603,0.0,NGC4424,31.02,0.18,9.706,9.623,9.789,N/A,N/A,0.0,s,1.4940000000000001e-05
SN2012gm,0.01478,0.013553,0.987,0.004,15.267,0.01,-7.4,0.0393,0.0039,3.658e-06,,,,0.17300000000000004,0.004242640687119285,0.0,N/A,-1.0,-1.0,10.01,9.9,10.08,CSPII,Ia,0.977,none,2.679999999999998e-07
SN2012hd,0.0119433,0.0111341,0.888,0.004,14.989,0.016,-12.2,0.0228,0.0023,3.254e-06,,,,0.12299999999999933,0.0078102496759066544,0.0,N/A,-1.0,-1.0,10.44,10.38,10.54,CSPII,Ia,0.973,none,5.649e-06
SN2012hr,0.0075567,0.0078716,0.973,0.001,14.147,0.007,-4.5,0.0389,0.0039,5.17e-07,,,,0.008999999999998565,0.004242640687119285,0.0,N/A,-1.0,-1.0,10.32,10.21,10.45,CSPII,Ia,0.966,none,-3.9699999999999997e-07
SN2013E,0.0094067,0.0104565,1.129,0.004,14.193,0.051,10.3,0.0843,0.0084,1.437e-05,,,,0.07600000000000051,0.004242640687119285,0.0,N/A,-1.0,-1.0,9.96,9.83,9.99,CSPII,Ia,0.951,none,-8.3105e-06
SN2013H,0.0154767,0.0158792,1.048,0.005,15.43,0.08,8.5,0.1134,0.0113,7.523e-06,,,,0.18599999999999994,0.006403124237432849,0.0,N/A,-1.0,-1.0,10.5,10.32,10.6,CSPII,Ia,0.98,none,1.147e-05
SN2013M,0.03493,0.0357427,0.941,0.005,17.017,0.026,-5.1,0.0719,0.0072,-6.292e-08,,,,0.022999999999999687,0.013038404810405297,0.0,N/A,-1.0,-1.0,10.9,10.73,11.04,CSPII,Ia,0.934,none,5.99e-06
SN2013U,0.0344833,0.0356518,1.213,0.011,16.78,0.083,7.1,0.0245,0.0025,3.099e-05,,,,0.1680000000000028,0.01,0.0,N/A,-1.0,-1.0,10.27,10.15,10.31,CSPII,Ia-91T,0.842,none,-1.3299999999999991e-06
SN2013aa,0.0039967,0.0046654,1.002,0.002,11.747,0.008,-0.8,0.1458,0.0146,-1.843e-06,,,,-0.0779999999999994,0.005,0.0,N/A,-1.0,-1.0,9.99,9.85,10.12,CSPII,Ia,0.888,none,8.299999999999988e-08
SN2013ad,0.0363748,0.0358694,0.991,0.013,16.808,0.021,-0.7,0.3692,0.0369,-1.483e-05,,,,-0.08899999999999864,0.01,0.0,N/A,-1.0,-1.0,11.5,11.5,11.5,CSPII,Ia,0.639,none,2.6039999999999998e-05
SN2013aj,0.00912,0.0100653,0.794,0.005,14.293,0.021,-4.9,0.0316,0.0032,-7.264e-06,,,,0.0519999999999996,0.009219544457292887,0.0,N/A,-1.0,-1.0,9.99,9.82,10.38,CSPII,Ia,0.969,none,3.427999999999999e-06
SN2013as,0.0684526,0.0696439,1.007,0.021,18.739,0.094,5.6,0.0336,0.0034,-9.832e-05,,,,0.0009999999999976694,0.0658027355054484,0.0,N/A,-1.0,-1.0,8.59,8.43,8.95,CSPII,Ia,0.984,none,-5.059999999999999e-06
SN2013ay,0.0157167,0.0156526,0.495,0.019,15.828,0.089,7.5,0.0622,0.0062,-0.0001781,,,,0.5299999999999994,0.08348652585896721,0.0,N/A,-1.0,-1.0,10.72,10.64,10.82,CSPII,Ia,0.953,none,-5.4080000000000004e-05
SN2013az,0.0372533,0.037464,0.767,0.028,17.164,0.089,2.5,0.0271,0.0027,-0.0001273,,,,0.08399999999999963,0.06940461079784253,0.0,N/A,-1.0,-1.0,10.99,10.93,11.07,CSPII,Ia,0.972,none,5.700000000000003e-06
SN2013bc,0.02245,0.023528,0.482,0.022,17.089,0.09,0.8,0.0407,0.0041,-1.467e-05,,,,0.7510000000000012,0.0658027355054484,0.0,N/A,-1.0,-1.0,10.47,10.28,10.55,CSPII,Ia,0.98,none,-8.650999999999999e-06
SN2013bz,0.01915,0.0201818,1.15,0.009,15.604,0.021,-4.9,0.0377,0.0038,-1.963e-06,,,,0.15399999999999991,0.009899494936611667,0.0,N/A,-1.0,-1.0,9.98,9.94,10.04,CSPII,Ia-91T,0.855,none,-4.879e-05
SN2013fy,0.0308467,0.0301903,1.17,0.011,16.78,0.102,7.4,0.023,0.0023,9.216e-05,,,,0.022999999999999687,0.00848528137423857,0.0,N/A,-1.0,-1.0,10.86,10.77,10.96,CSPII,Ia,0.985,none,-3.0946e-05
SN2013fz,0.0205933,0.0205517,1.016,0.004,15.987,0.07,5.4,0.0119,0.0012,-2.691e-06,,,,0.004999999999999005,0.004242640687119285,0.0,N/A,-1.0,-1.0,10.69,10.61,10.77,CSPII,Ia,0.98,none,7.739e-07
SN2013gv,0.0340967,0.0334585,0.846,0.008,17.271,0.018,-3.4,0.1434,0.0143,-2.028e-06,,,,-0.01799999999999713,0.012041594578792296,0.0,N/A,-1.0,-1.0,11.27,11.16,11.56,CSPII,Ia,0.973,none,-2.0000000000000486e-07
SN2013gy,0.0140133,0.0135587,0.911,0.003,15.123,0.014,-12.4,0.0485,0.0049,4.362e-06,,,,-0.008000000000000895,0.006403124237432849,0.0,N/A,-1.0,-1.0,9.0,8.98,9.16,CSPII,Ia,0.976,none,2.5870000000000004e-06
SN2013hn,0.01513,0.0160268,0.823,0.026,15.623,0.121,6.4,0.0529,0.0053,-0.0001851,,,,-0.06300000000000061,0.06661080993352356,0.0,N/A,-1.0,-1.0,10.99,10.84,11.07,CSPII,Ia,0.98,none,-6.732e-05
SN2014I,0.0299933,0.0302041,0.913,0.003,16.861,0.013,-7.2,0.0207,0.0021,1.088e-06,,,,0.012000000000000455,0.006403124237432849,0.0,N/A,-1.0,-1.0,10.9,10.76,11.31,CSPII,Ia,0.98,none,2.1750000000000004e-06
SN2014Z,0.02126,0.0209246,0.992,0.03,16.103,0.083,3.0,0.0246,0.0025,-0.0001914,,,,-0.010000000000001563,0.060802960454241044,0.0,N/A,-1.0,-1.0,10.75,10.66,10.81,CSPII,Ia,0.983,none,-1.2150000000000004e-05
SN2014ba,0.0058367,0.0049902,0.338,0.02,14.059,0.084,6.9,0.0102,0.001,-7.009e-05,,,,0.9439999999999991,0.09402127418834526,0.0,N/A,-1.0,-1.0,10.64,10.56,11.06,CSPII,Ia-91bg,0.954,none,3.7699999999999995e-06
SN2014dl,0.0329433,0.0331433,1.206,0.011,16.495,0.02,-4.7,0.0547,0.0055,3.346e-06,,,,0.019999999999999574,0.0078102496759066544,0.0,N/A,-1.0,-1.0,9.48,9.19,9.68,CSPII,Ia-91T,0.694,none,8.69e-06
SN2014dn,0.0221733,0.0221408,0.466,0.005,17.009,0.074,3.8,0.0161,0.0016,-2.872e-05,,,,0.6529999999999987,0.01,0.0,N/A,-1.0,-1.0,10.65,10.58,10.72,CSPII,Ia,0.982,none,-3.5830000000000003e-06
SN2014eg,0.01862,0.018331,1.177,0.01,14.952,0.064,-0.8,0.0257,0.0026,-6.079e-07,,,,0.2569999999999997,0.009219544457292887,0.0,N/A,-1.0,-1.0,11.62,11.47,11.73,CSPII,Ia-91T,0.947,none,-2.6147e-05
SNhunt281,0.0040667,0.004706,0.693,0.003,13.831,0.012,-3.0,0.0454,0.0045,-7.78e-06,,,,0.04499999999999993,0.007071067811865475,0.0,N/A,-1.0,-1.0,9.75,9.66,9.85,CSPII,Ia,0.947,none,-1.6239999999999996e-06
