sn,zhel,zcmb,st,est,Mmax,eMmax,t0,EBVmw,eEBVmw,covMs,sample,subtype,quality,cosmo,phys,BV,eBV,covBV_M,ml,m,mu,host,dist,edist,caltype,covBVs
ASAS14ad,0.0264,0.0274352,1.01,0.018,16.975,0.09,6.8,0.0159,0.0016,-6.027e-06,CSPII,Ia,0.973,0,1,-0.010999999999999233,0.011180339887498949,0.0,8.23,8.61,8.78,N/A,-1.0,-1.0,none,4.750999999999999e-06
ASAS14hp,0.0388933,0.0386676,1.074,0.01,17.503,0.03,-0.3,0.0295,0.0029,8.366e-06,CSPII,Ia,0.984,1,0,-0.04899999999999949,0.005,0.0,8.98,9.09,9.15,N/A,-1.0,-1.0,none,1.183e-05
ASAS14hr,0.0335967,0.0327196,0.802,0.01,17.339,0.049,-3.2,0.0131,0.0013,-4.658e-05,CSPII,Ia,0.985,1,0,0.06099999999999994,0.01345362404707371,0.0,10.18,10.34,10.45,N/A,-1.0,-1.0,none,4.999999999999986e-07
ASAS14hu,0.0215851,0.0218919,1.052,0.007,16.304,0.019,-5.8,0.0612,0.0061,2.317e-05,CSPII,Ia,0.983,0,1,-0.04499999999999993,0.006403124237432849,0.0,9.8,9.93,10.24,N/A,-1.0,-1.0,none,2.1936e-05
ASAS14jc,0.0113167,0.0117796,0.915,0.005,15.0,0.084,4.7,0.1346,0.0135,-1.458e-05,CSPII,Ia,0.962,0,1,0.43700000000000117,0.01,0.0,9.32,9.46,9.77,N/A,-1.0,-1.0,none,8.067000000000001e-06
ASAS14jg,0.0148167,0.014347,1.285,0.022,15.513,0.07,4.6,0.0128,0.0013,-4.275e-05,CSPII,Ia,0.961,0,1,0.049000000000001265,0.05940538696111658,0.0,8.57,8.76,8.88,N/A,-1.0,-1.0,none,-1.8209999999999997e-05
ASAS14jz,0.0157891,0.0156168,0.989,0.006,15.38,0.034,-8.5,0.0472,0.0047,-1.998e-06,CSPII,Ia,0.952,0,0,-0.04100000000000037,0.00565685424949238,0.0,8.11,8.23,8.35,N/A,-1.0,-1.0,none,-6.339e-06
ASAS14kd,0.0243,0.0230683,1.169,0.007,16.45,0.134,10.0,0.0574,0.0057,6.137e-05,CSPII,Ia-91T,0.941,0,0,0.2339999999999982,0.007071067811865475,0.0,10.03,10.14,10.23,N/A,-1.0,-1.0,none,-1.7269e-05
ASAS14kq,0.0335767,0.0325972,1.147,0.011,17.403,0.037,-0.2,0.0155,0.0016,9.486e-05,CSPII,Ia,0.961,1,0,-0.020999999999997243,0.012041594578792296,0.0,8.78,8.91,9.11,N/A,-1.0,-1.0,none,-8.166e-05
ASAS14lo,0.0199167,0.0210151,0.952,0.018,16.443,0.067,1.3,0.0282,0.0028,-4.146e-06,CSPII,Ia,0.979,0,1,0.12700000000000067,0.060802960454241044,0.0,9.47,9.69,9.79,N/A,-1.0,-1.0,none,-3.7100000000000034e-07
ASAS14lp,0.0050967,0.0062254,1.029,0.004,12.271,0.019,-12.9,0.0213,0.0021,1.563e-05,CSPII,Ia,0.335,0,1,0.24300000000000033,0.006403124237432849,0.0,10.6,10.74,10.91,N/A,-1.0,-1.0,none,5.687e-06
ASAS14lq,0.0261733,0.0250833,0.999,0.024,16.751,0.127,8.6,0.0275,0.0028,-2.04e-05,CSPII,Ia,0.977,0,1,0.019999999999999574,0.07940403012442127,0.0,10.46,10.65,10.73,N/A,-1.0,-1.0,none,-1.0990000000000002e-05
ASAS14lt,0.0320233,0.0314552,0.944,0.008,17.095,0.039,-3.5,0.0474,0.0047,-2.353e-05,CSPII,Ia,0.984,1,0,-0.0329999999999977,0.016401219466856725,0.0,10.56,10.64,10.7,N/A,-1.0,-1.0,none,1.0000000000001598e-08
ASAS14lw,0.0208855,0.0202609,1.25,0.007,16.551,0.042,-9.1,0.0117,0.0012,1.801e-05,CSPII,Ia,0.939,0,1,-0.012000000000000455,0.009219544457292887,0.0,6.08,6.35,6.72,N/A,-1.0,-1.0,none,3.0699999999999994e-06
ASAS14me,0.0178,0.017386,1.078,0.005,15.868,0.066,1.5,0.0175,0.0018,1.082e-05,CSPII,Ia,0.981,0,1,0.006999999999999673,0.00565685424949238,0.0,8.91,9.05,9.15,N/A,-1.0,-1.0,none,6.19e-06
ASAS14mf,0.03108,0.0301521,0.984,0.005,16.958,0.123,16.3,0.0125,0.0013,-2.854e-05,CSPII,Ia,0.984,1,0,-0.012000000000000455,0.01063014581273465,0.0,8.66,8.93,9.03,N/A,-1.0,-1.0,none,2.48e-06
ASAS14mw,0.0273867,0.0271207,1.063,0.007,16.783,0.021,-4.7,0.0179,0.0018,2.769e-06,CSPII,Ia,0.984,1,1,-0.03399999999999892,0.005,0.0,10.59,10.68,10.75,N/A,-1.0,-1.0,none,1.2944e-05
ASAS14my,0.0205,0.0217279,0.923,0.005,16.263,0.024,-8.3,0.0316,0.0032,-4.207e-06,CSPII,Ia,0.975,0,1,0.014999999999998792,0.01,0.0,10.11,10.31,10.74,N/A,-1.0,-1.0,none,9.722000000000001e-06
ASAS15aj,0.0109133,0.0120218,0.831,0.007,14.784,0.035,-2.6,0.0656,0.0066,-3.209e-06,CSPII,Ia,0.952,0,1,0.10299999999999976,0.009219544457292887,0.0,11.05,11.2,11.35,N/A,-1.0,-1.0,none,-1.2812999999999999e-05
ASAS15al,0.0337766,0.0337612,1.077,0.028,17.637,0.034,19.3,0.0293,0.0029,4.538e-05,CSPII,Ia,0.916,1,0,0.054999999999999716,0.05920304046246273,0.0,8.03,8.07,8.23,N/A,-1.0,-1.0,none,-1.0789999999999997e-05
ASAS15as,0.0286801,0.0297845,1.076,0.014,17.145,0.048,11.6,0.0398,0.004,1.983e-05,CSPII,Ia,0.985,1,1,0.028999999999999915,0.0078102496759066544,0.0,7.47,7.66,8.01,N/A,-1.0,-1.0,none,1.348e-05
ASAS15ba,0.0231167,0.0239771,0.967,0.004,16.613,0.069,4.9,0.0223,0.0022,8.45e-07,CSPII,Ia,0.983,0,1,0.008000000000000895,0.006403124237432849,0.0,7.83,7.99,8.19,N/A,-1.0,-1.0,none,-1.1373e-06
ASAS15be,0.0218833,0.0213892,1.134,0.006,16.456,0.021,-0.3,0.0167,0.0017,1.963e-05,CSPII,Ia,0.976,0,1,0.019000000000000128,0.006403124237432849,0.0,7.66,7.8,8.16,N/A,-1.0,-1.0,none,-2.0469e-05
ASAS15bm,0.0207856,0.0214395,0.991,0.005,16.22,0.024,-4.6,0.069,0.0069,1.376e-06,CSPII,Ia,0.976,0,1,0.12700000000000067,0.009899494936611667,0.0,9.89,10.02,10.15,N/A,-1.0,-1.0,none,-4.38e-06
ASAS15cb,0.04001,0.0411361,1.086,0.053,17.339,0.087,2.0,0.0279,0.0028,0.0004968,CSPII,Ia,0.583,1,0,0.10699999999999932,0.07940403012442127,0.0,10.17,10.28,10.4,N/A,-1.0,-1.0,none,-0.00026724
ASAS15cd,0.0342863,0.0353887,1.003,0.005,17.465,0.018,-3.5,0.0261,0.0026,9.481e-07,CSPII,Ia,0.983,1,0,-0.021000000000000796,0.009219544457292887,0.0,9.85,9.95,10.02,N/A,-1.0,-1.0,none,-9.859999999999995e-07
ASAS15db,0.01099,0.0113676,0.955,0.003,15.013,0.042,12.9,0.029,0.0029,-8.773e-06,CSPII,Ia,0.975,0,0,0.0860000000000003,0.006403124237432849,0.0,9.98,10.11,10.19,N/A,-1.0,-1.0,none,3.0610000000000004e-06
ASAS15dd,0.0243567,0.0247417,0.849,0.006,16.508,0.077,10.2,0.0461,0.0046,-1.732e-05,CSPII,Ia,0.962,0,0,-0.0070000000000014495,0.009219544457292887,0.0,10.31,10.41,10.52,N/A,-1.0,-1.0,none,-1.3378999999999998e-05
ASAS15fr,0.0334133,0.0345082,0.905,0.021,17.392,0.075,0.5,0.0321,0.0032,-6.851e-05,CSPII,Ia-91T,0.978,1,1,-0.13299999999999912,0.0658027355054484,0.0,9.89,9.98,10.06,N/A,-1.0,-1.0,none,1.3709e-05
ASAS15ga,0.0066267,0.0076517,0.496,0.03,14.7,0.12,-0.9,0.0236,0.0024,0.0004817,CSPII,Ia-91bg,0.966,0,1,0.43100000000000094,0.04957822102496216,0.0,10.18,10.38,10.48,N/A,-1.0,-1.0,none,-0.0003347
ASAS15go,0.01891,0.0192546,1.071,0.012,16.327,0.039,-4.0,0.1369,0.0137,3.538e-06,CSPII,Ia,0.981,0,1,0.22400000000000198,0.006403124237432849,0.0,10.04,10.18,10.27,N/A,-1.0,-1.0,none,2.0911e-05
ASAS15gr,0.0242832,0.0247678,1.035,0.007,16.643,0.068,10.7,0.0823,0.0082,-1.794e-06,CSPII,Ia,0.983,0,1,-0.036000000000001364,0.006403124237432849,0.0,8.82,8.94,9.02,N/A,-1.0,-1.0,none,1.0612e-05
ASAS15hf,0.0061733,0.0072452,0.943,0.005,14.164,0.085,0.2,0.0854,0.0085,-3.104e-06,CSPII,Ia,0.961,0,1,0.009000000000000341,0.01,0.0,9.39,9.56,9.97,N/A,-1.0,-1.0,none,3.3200000000000004e-06
ASAS15hg,0.02975,0.0308678,0.82,0.02,17.266,0.09,4.7,0.041,0.0041,-6.979e-05,CSPII,Ia,0.985,1,0,0.06299999999999883,0.060802960454241044,0.0,10.3,10.42,10.51,N/A,-1.0,-1.0,none,-2.309e-05
ASAS15hx,0.0083,0.0092051,1.039,0.005,13.953,0.017,-11.2,0.0415,0.0042,-8.991e-07,CSPII,Ia,0.909,0,1,-0.030000000000001137,0.005,0.0,7.06,7.45,7.89,N/A,-1.0,-1.0,none,7.7367e-06
CSP12G,0.0369744,0.0379661,1.159,0.029,17.535,0.08,8.9,0.0283,0.0028,0.0002732,CSPII,Ia,0.985,1,0,0.11499999999999844,0.0738173421358423,0.0,8.29,8.41,8.49,N/A,-1.0,-1.0,none,-0.00017449000000000002
CSP12N,0.0971328,0.0982741,1.053,0.012,19.81,0.036,-1.0,0.0429,0.0043,2.261e-05,CSPII,Ia,0.985,1,0,-0.11400000000000077,0.00848528137423857,0.0,7.32,7.51,7.66,N/A,-1.0,-1.0,none,5.983e-05
CSP13N,0.04776,0.0487969,1.138,0.025,17.927,0.043,13.2,0.0238,0.0024,0.0002354,CSPII,Ia-91T,0.976,1,0,-0.003999999999997783,0.06661080993352356,0.0,9.88,10.07,10.24,N/A,-1.0,-1.0,none,-0.00011703
CSP13V,0.0599585,0.0611394,1.05,0.082,18.601,0.082,17.9,0.0474,0.0047,0.002488,CSPII,Ia,0.987,0,0,-0.14199999999999946,0.1430873858870865,0.0,11.5,11.5,11.5,N/A,-1.0,-1.0,none,0.0023639999999999998
CSP13Z,0.0788454,0.0800694,1.19,0.015,19.121,0.046,-7.3,0.0484,0.0048,0.0002078,CSPII,Ia-91T,0.98,1,0,-0.022999999999999687,0.01063014581273465,0.0,8.25,8.35,8.85,N/A,-1.0,-1.0,none,-3.0689999999999998e-06
CSP13aad,0.0868,0.0865709,1.19,0.033,19.324,0.061,11.2,0.0206,0.0021,0.0004997,CSPII,Ia,0.979,1,0,0.019999999999999574,0.06940461079784253,0.0,9.59,9.65,9.8,N/A,-1.0,-1.0,none,-1.0499999999999998e-05
CSP13aaf,0.0775863,0.0787193,1.136,0.015,18.845,0.091,5.4,0.0222,0.0022,0.0001972,CSPII,Ia,0.978,1,0,-0.05600000000000094,0.00848528137423857,0.0,10.53,10.66,11.04,N/A,-1.0,-1.0,none,-6.653e-05
CSP13aao,0.0613575,0.0616022,0.696,0.049,18.782,0.178,0.7,0.0444,0.0044,-0.002718,CSPII,Ia,0.978,1,0,0.125,0.08683893136145793,0.0,9.8,9.93,10.09,N/A,-1.0,-1.0,none,-0.00030082000000000004
CSP13aaq,0.0597586,0.0597706,0.984,0.007,18.673,0.04,-6.8,0.0293,0.0029,-3.783e-06,CSPII,Ia,0.969,1,0,-0.054999999999999716,0.01131370849898476,0.0,11.5,11.5,11.5,N/A,-1.0,-1.0,none,-3.56e-06
CSP13aay,0.0589592,0.0587551,1.14,0.012,18.79,0.024,-0.6,0.0159,0.0016,2.097e-05,CSPII,Ia,0.955,1,0,0.03900000000000148,0.009219544457292887,0.0,11.5,11.5,11.5,N/A,-1.0,-1.0,none,-5.723e-05
CSP13abl,0.0403721,0.0406288,0.817,0.051,18.474,0.066,-4.1,0.0862,0.0086,-0.0007729,CSPII,Ia,0.42,1,0,1.0730000000000004,0.06264982043070834,0.0,8.9,8.91,9.04,N/A,-1.0,-1.0,none,8.909999999999994e-05
CSP13abs,0.0771466,0.0783462,1.208,0.014,19.089,0.053,-2.5,0.0208,0.0021,-9.18e-06,CSPII,Ia-91T,0.983,1,0,-0.06099999999999994,0.016278820596099707,0.0,6.23,6.36,6.48,N/A,-1.0,-1.0,none,-1.7099999999999955e-06
CSP14aar,0.0421708,0.0423854,0.982,0.022,17.807,0.112,10.0,0.0934,0.0093,9.934e-06,CSPII,Ia,0.986,1,0,-0.021000000000000796,0.007211102550927979,0.0,8.9,9.07,9.42,N/A,-1.0,-1.0,none,-6.576e-06
CSP14abk,0.0797448,0.0797387,0.96,0.025,18.341,0.068,-2.8,0.0663,0.0066,-0.0001261,CSPII,Ia,0.0,0,0,0.08099999999999952,0.02831960451701259,0.0,11.5,11.5,11.5,N/A,-1.0,-1.0,none,4.999999999999986e-06
CSP14abn,0.0225,0.0232746,1.007,0.005,16.361,0.017,-1.3,0.0747,0.0075,-1.607e-05,CSPII,Ia,0.976,0,0,-0.0259999999999998,0.004242640687119285,0.0,9.59,9.75,10.24,N/A,-1.0,-1.0,none,1.0395e-06
CSP14acy,0.0663741,0.0660269,0.966,0.011,18.312,0.127,4.3,0.0174,0.0017,-7.949e-05,CSPII,Ia-91T,0.027,1,0,0.12199999999999989,0.017804493814764857,0.0,7.86,8.19,8.33,N/A,-1.0,-1.0,none,-6.139999999999999e-06
CSP14adc,0.03244,0.031651,0.811,0.01,17.395,0.038,-3.2,0.0949,0.0095,-5.931e-05,CSPII,Ia,0.976,1,1,0.23200000000000287,0.011401754250991379,0.0,10.67,10.81,11.14,N/A,-1.0,-1.0,none,-7.78e-06
CSP14ade,0.0624568,0.0626358,1.228,0.013,18.609,0.064,11.6,0.077,0.0077,0.0001777,CSPII,Ia-91T,0.963,1,0,0.03500000000000014,0.012041594578792296,0.0,10.33,10.49,10.97,N/A,-1.0,-1.0,none,4.379999999999995e-06
CSP15B,0.0198862,0.0208198,0.718,0.006,16.225,0.031,-3.7,0.0641,0.0064,7.637e-06,CSPII,Ia,0.966,0,1,0.1399999999999988,0.010816653826391968,0.0,10.78,10.95,11.42,N/A,-1.0,-1.0,none,7.780000000000002e-06
CSP15aae,0.0161833,0.0169733,0.505,0.004,16.168,0.035,12.2,0.0226,0.0023,1.878e-05,CSPII,Ia-91bg,0.981,0,1,0.4540000000000006,0.01063014581273465,0.0,10.96,11.14,11.26,N/A,-1.0,-1.0,none,-7.608e-06
KISS13j,0.0765333,0.0776331,0.895,0.026,18.877,0.346,9.7,0.0326,0.0033,-4.106e-05,CSPII,Ia,0.963,1,0,0.1319999999999979,0.020808652046684813,0.0,9.65,9.83,10.21,N/A,-1.0,-1.0,none,9.077e-05
KISS13l,0.1320086,0.1330018,1.087,0.115,20.549,0.145,1.9,0.0137,0.0014,-0.002565,CSPII,Ia,0.987,1,0,-0.038000000000000256,0.09964436762808021,0.0,8.32,8.69,8.85,N/A,-1.0,-1.0,none,-0.0026266
KISS13v,0.0954,0.0962132,0.984,0.014,19.627,0.124,2.8,0.0195,0.002,0.0001274,CSPII,Ia,0.98,1,0,0.0940000000000012,0.01769180601295413,0.0,11.5,11.5,11.5,N/A,-1.0,-1.0,none,-2.2810000000000007e-05
KISS15m,0.02432,0.0253844,0.425,0.009,17.657,0.043,-6.1,0.0277,0.0028,0.0001048,CSPII,Ia-91bg,0.958,0,0,0.6219999999999999,0.03176476034853718,0.0,9.67,9.78,9.94,N/A,-1.0,-1.0,none,2.099e-05
KISS15n,0.023084,0.0239783,1.225,0.009,15.994,0.088,0.9,0.0088,0.0009,3.108e-05,CSPII,Ia-91T,0.85,0,1,0.09700000000000131,0.01063014581273465,0.0,7.8,8.0,8.17,N/A,-1.0,-1.0,none,1.026e-05
LSQ11bk,0.0402721,0.0400251,1.071,0.016,17.911,0.028,-0.7,0.0936,0.0094,8.447e-06,CSPII,Ia,0.967,1,0,-0.0779999999999994,0.01063014581273465,0.0,6.5,6.53,6.59,N/A,-1.0,-1.0,none,2.1769999999999997e-05
LSQ11ot,0.02732,0.0273222,0.982,0.004,17.418,0.022,-0.4,0.1581,0.0158,-4.445e-06,CSPII,Ia,0.976,1,1,0.3200000000000003,0.006403124237432849,0.0,10.0,10.17,10.22,N/A,-1.0,-1.0,none,9.700000000000009e-08
LSQ11pn,0.0326533,0.0326611,0.503,0.008,17.513,0.034,-2.2,0.1457,0.0146,-4.473e-06,CSPII,Ia,0.948,1,1,0.2870000000000026,0.01769180601295413,0.0,10.52,10.7,10.8,N/A,-1.0,-1.0,none,-2.373e-05
LSQ12agq,0.0641556,0.0653581,1.152,0.027,18.953,0.096,8.0,0.0371,0.0037,0.0002355,CSPII,Ia,0.986,1,0,0.08899999999999864,0.07300684899377592,0.0,9.29,9.3,9.43,N/A,-1.0,-1.0,none,-0.0001611
LSQ12aor,0.0933354,0.0945588,0.923,0.018,19.66,0.096,0.3,0.0415,0.0042,-0.0001659,CSPII,Ia,0.986,1,0,-0.06899999999999906,0.02469817807045694,0.0,9.67,9.85,10.15,N/A,-1.0,-1.0,none,7.897999999999999e-05
LSQ12bld,0.0833623,0.084303,0.896,0.009,19.434,0.032,-3.8,0.0233,0.0023,-1.697e-05,CSPII,Ia,0.987,1,0,0.0779999999999994,0.014422205101855958,0.0,10.42,10.55,10.64,N/A,-1.0,-1.0,none,3.076e-05
LSQ12btn,0.0541733,0.0552706,0.829,0.01,18.519,0.032,-1.7,0.0333,0.0033,2.699e-06,CSPII,Ia,0.986,1,0,0.10000000000000142,0.01063014581273465,0.0,10.84,10.9,10.94,N/A,-1.0,-1.0,none,-2.3436e-05
LSQ12cda,0.1374948,0.1384035,0.813,0.126,20.598,0.216,5.7,0.0284,0.0028,-0.01906,CSPII,Ia,0.859,1,0,0.045000000000001705,0.1265701386583739,0.0,9.69,9.82,9.98,N/A,-1.0,-1.0,none,-0.003626
LSQ12cdl,0.1079253,0.1090245,0.994,0.044,20.04,0.079,3.3,0.0492,0.0049,-0.0004413,CSPII,Ia,0.986,1,0,-0.14099999999999824,0.07280109889280519,0.0,8.79,8.81,8.93,N/A,-1.0,-1.0,none,0.000384
LSQ12fuk,0.0205857,0.0205571,1.004,0.006,16.291,0.059,0.9,0.0714,0.0071,-2.706e-05,CSPII,Ia,0.982,0,1,-0.008000000000000895,0.012041594578792296,0.0,8.2,8.34,8.45,N/A,-1.0,-1.0,none,-1.4543999999999998e-05
LSQ12fvl,0.05593,0.055977,0.596,0.009,18.865,0.038,-5.8,0.0179,0.0018,5.878e-05,CSPII,Ia,0.981,1,0,0.24599999999999866,0.0170293863659264,0.0,10.55,10.74,10.93,N/A,-1.0,-1.0,none,-2.8799999999999995e-06
LSQ12fxd,0.03122,0.0313344,1.16,0.006,16.955,0.026,-9.9,0.0217,0.0022,3.718e-05,CSPII,Ia,0.98,1,1,-0.006000000000000227,0.00565685424949238,0.0,10.16,10.28,10.4,N/A,-1.0,-1.0,none,-1.1723e-05
LSQ12gdj,0.0303033,0.0292813,1.165,0.007,16.89,0.042,-0.2,0.0199,0.002,1.663e-05,CSPII,Ia-91T,0.969,1,1,-0.030999999999998806,0.007071067811865475,0.0,8.36,8.66,8.76,N/A,-1.0,-1.0,none,-1.640711e-05
LSQ12gln,0.1020294,0.1021611,1.109,0.014,19.783,0.024,-4.0,0.0201,0.002,3.221e-05,CSPII,Ia,0.986,1,0,-0.0660000000000025,0.0078102496759066544,0.0,8.6,8.75,9.07,N/A,-1.0,-1.0,none,-5.801e-05
LSQ12hno,0.0472673,0.0468084,0.989,0.014,18.231,0.029,-0.1,0.0994,0.0099,-0.0001054,CSPII,Ia,0.983,1,0,0.04900000000000304,0.01,0.0,7.64,7.7,7.9,N/A,-1.0,-1.0,none,1.8849999999999997e-05
LSQ12hnr,0.1243,0.1255265,1.095,0.07,20.479,0.093,1.9,0.0324,0.0032,0.0003718,CSPII,Ia,0.982,1,0,0.006000000000000227,0.07684399781375251,0.0,7.93,8.05,8.16,N/A,-1.0,-1.0,none,-0.00071471
LSQ12hvj,0.0712507,0.0723911,1.167,0.015,19.217,0.023,-6.3,0.0458,0.0046,4.866e-05,CSPII,Ia,0.986,1,0,0.08099999999999952,0.009899494936611667,0.0,8.79,9.05,9.22,N/A,-1.0,-1.0,none,-4.173e-05
LSQ12hxx,0.06936,0.0689135,1.19,0.024,18.94,0.041,-1.7,0.0153,0.0015,0.0002235,CSPII,Ia,0.986,1,0,0.0779999999999994,0.016401219466856725,0.0,10.28,10.45,10.58,N/A,-1.0,-1.0,none,-3.5000000000000038e-06
LSQ12hzj,0.0334,0.0345752,0.969,0.004,17.345,0.027,-4.1,0.0569,0.0057,-4.639e-06,CSPII,Ia,0.985,1,1,-0.06899999999999906,0.007071067811865475,0.0,9.32,9.35,9.73,N/A,-1.0,-1.0,none,-6.789999999999998e-07
LSQ12hzs,0.07208,0.0718169,1.02,0.018,19.067,0.032,-6.8,0.0227,0.0023,8.956e-06,CSPII,Ia,0.985,1,0,0.09999999999999787,0.01063014581273465,0.0,9.88,10.02,10.42,N/A,-1.0,-1.0,none,4.6909999999999996e-05
LSQ13abo,0.0674467,0.0681328,0.88,0.019,19.053,0.048,-4.0,0.0906,0.0091,-7.218e-05,CSPII,Ia,0.986,1,0,0.20700000000000074,0.02778488797889961,0.0,10.04,10.31,10.34,N/A,-1.0,-1.0,none,0.00019780000000000004
LSQ13cwp,0.0666,0.0662474,0.944,0.017,18.916,0.06,-4.6,0.1326,0.0133,-1.093e-05,CSPII,Ia,0.986,1,0,0.08800000000000097,0.022803508501982758,0.0,10.39,10.54,10.7,N/A,-1.0,-1.0,none,3.199999999999999e-05
LSQ13dby,0.0999308,0.0995683,1.139,0.014,19.922,0.027,-5.8,0.0093,0.0009,2.771e-06,CSPII,Ia,0.865,1,0,-0.03999999999999915,0.01063014581273465,0.0,11.5,11.5,11.5,N/A,-1.0,-1.0,none,-7.1264e-05
LSQ13dcy,0.0801,0.0800671,0.94,0.025,19.537,0.055,-2.3,0.0408,0.0041,-0.000172,CSPII,Ia,0.929,1,0,0.11599999999999966,0.0191049731745428,0.0,9.01,9.18,9.34,N/A,-1.0,-1.0,none,-2.1099999999999998e-05
LSQ13dhj,0.0935,0.0929027,1.167,0.019,19.867,0.114,1.2,0.0132,0.0013,0.0002344,CSPII,Ia,0.985,1,0,0.05999999999999872,0.0191049731745428,0.0,8.27,8.63,8.78,N/A,-1.0,-1.0,none,-0.000116151
LSQ13dkp,0.0689367,0.0685268,0.646,0.009,19.106,0.048,-3.6,0.0145,0.0015,-4.99e-05,CSPII,Ia,0.963,1,0,0.00999999999999801,0.01345362404707371,0.0,10.61,10.8,10.92,N/A,-1.0,-1.0,none,2.600000000000002e-06
LSQ13dpm,0.0508648,0.0520617,1.054,0.009,18.268,0.015,-6.8,0.0529,0.0053,2.878e-06,CSPII,Ia,0.984,1,0,-0.00999999999999801,0.005,0.0,9.06,9.17,9.6,N/A,-1.0,-1.0,none,2.451e-05
LSQ13dqh,0.1038,0.1035425,1.19,0.022,19.981,0.036,-3.6,0.0501,0.005,-6.272e-05,CSPII,Ia,0.969,1,0,-0.030999999999998806,0.0170293863659264,0.0,11.5,11.5,11.5,N/A,-1.0,-1.0,none,-2.2673e-05
LSQ13dsm,0.0423707,0.0419767,0.909,0.004,17.944,0.082,-3.8,0.0088,0.0009,-2.393e-06,CSPII,Ia,0.984,1,0,-0.015999999999998238,0.0078102496759066544,0.0,8.85,9.01,9.14,N/A,-1.0,-1.0,none,6.349e-06
LSQ13lq,0.0755477,0.0765051,1.069,0.026,18.91,0.063,5.0,0.0215,0.0022,5.422e-05,CSPII,Ia,0.951,1,0,-0.07099999999999795,0.00565685424949238,0.0,8.0,8.44,8.63,N/A,-1.0,-1.0,none,2.819e-05
LSQ13pf,0.0860404,0.0870045,0.915,0.039,19.472,0.084,2.4,0.0558,0.0056,-0.0005095,CSPII,Ia-91T,0.957,1,0,0.23300000000000054,0.07300684899377592,0.0,10.14,10.26,10.44,N/A,-1.0,-1.0,none,-2.0199999999999976e-06
LSQ13ry,0.0298367,0.031032,0.881,0.006,17.275,0.056,-12.2,0.0403,0.004,1.31e-05,CSPII,Ia,0.971,1,1,-0.047999999999998266,0.011401754250991379,0.0,9.54,9.64,9.7,N/A,-1.0,-1.0,none,1.1769999999999999e-05
LSQ13vy,0.0417711,0.0421068,0.891,0.005,17.819,0.088,5.2,0.0676,0.0068,-8.694e-06,CSPII,Ia,0.985,1,0,0.07599999999999696,0.0078102496759066544,0.0,10.15,10.17,10.33,N/A,-1.0,-1.0,none,6.516e-06
LSQ14act,0.05905,0.0594518,0.691,0.007,18.822,0.028,-2.2,0.2269,0.0227,-6.462e-05,CSPII,Ia,0.976,1,0,0.0030000000000001137,0.009899494936611667,0.0,10.07,10.17,10.61,N/A,-1.0,-1.0,none,-5.88e-06
LSQ14age,0.0805442,0.0815802,1.115,0.014,19.46,0.043,-9.0,0.0576,0.0058,3.809e-05,CSPII,Ia,0.976,1,0,-0.008999999999996788,0.012806248474865698,0.0,8.33,8.42,8.59,N/A,-1.0,-1.0,none,-8.5248e-05
LSQ14ahc,0.0508648,0.0517592,1.222,0.01,18.086,0.029,-8.0,0.0461,0.0046,-9.838e-06,CSPII,Ia,0.986,1,0,-0.028999999999999915,0.01063014581273465,0.0,8.89,9.13,9.62,N/A,-1.0,-1.0,none,5.159999999999998e-06
LSQ14ahm,0.0497655,0.0509869,1.156,0.009,18.14,0.036,-10.6,0.0274,0.0027,7.284e-06,CSPII,Ia,0.986,1,0,-0.05099999999999838,0.01063014581273465,0.0,8.03,8.2,8.37,N/A,-1.0,-1.0,none,-3.93049e-05
LSQ14asu,0.0683967,0.069594,0.767,0.013,19.251,0.078,0.3,0.0372,0.0037,-2.52e-05,CSPII,Ia,0.927,1,0,0.004000000000001336,0.011401754250991379,0.0,10.51,10.67,10.86,N/A,-1.0,-1.0,none,3.8618e-05
LSQ14auy,0.0824129,0.0832263,1.147,0.017,19.39,0.032,-4.1,0.0669,0.0067,-1.738e-05,CSPII,Ia,0.987,1,0,-0.012000000000000455,0.012727922061357855,0.0,10.61,10.74,11.19,N/A,-1.0,-1.0,none,-0.00011598999999999999
LSQ14ba,0.0775463,0.0787677,0.958,0.006,19.318,0.031,-4.8,0.0493,0.0049,-2.993e-06,CSPII,Ia,0.986,1,0,0.03500000000000014,0.01345362404707371,0.0,9.3,9.47,9.87,N/A,-1.0,-1.0,none,7.799999999999993e-07
LSQ14bjj,0.0811438,0.0819882,1.01,0.009,19.263,0.019,-3.3,0.0408,0.0041,-2.259e-05,CSPII,Ia,0.986,1,0,-0.07499999999999929,0.008602325267042627,0.0,8.3,8.46,8.91,N/A,-1.0,-1.0,none,1.4660000000000002e-05
LSQ14fms,0.077946,0.0773231,0.848,0.015,19.351,0.073,-1.2,0.0143,0.0014,-0.0002132,CSPII,Ia,0.986,1,0,0.17100000000000293,0.016278820596099707,0.0,10.0,10.11,10.49,N/A,-1.0,-1.0,none,-3.62e-05
LSQ14foj,0.0460667,0.0451705,1.012,0.01,17.983,0.048,-10.9,0.0121,0.0012,2.558e-05,CSPII,Ia,0.986,1,0,0.04999999999999716,0.01063014581273465,0.0,8.33,8.44,8.7,N/A,-1.0,-1.0,none,1.3230000000000002e-05
LSQ14fom,0.05626,0.0553279,0.947,0.009,18.35,0.04,-7.2,0.0184,0.0018,3.382e-06,CSPII,Ia,0.978,1,0,0.022999999999999687,0.01131370849898476,0.0,9.4,9.54,9.72,N/A,-1.0,-1.0,none,2.1299999999999982e-06
LSQ14gfb,0.0527067,0.0527873,0.586,0.033,18.99,0.088,4.0,0.0159,0.0016,-0.0004261,CSPII,Ia,0.985,1,0,0.5300000000000011,0.06226556030423239,0.0,10.11,10.3,10.64,N/A,-1.0,-1.0,none,-2.409999999999999e-05
LSQ14gfn,0.1216158,0.1210925,1.073,0.091,20.083,0.077,-7.1,0.0332,0.0033,0.0008142,CSPII,Ia,0.967,1,0,0.05099999999999838,0.032015621187164243,0.0,10.42,10.54,10.88,N/A,-1.0,-1.0,none,-2.0300000000000006e-05
LSQ14ghv,0.0666539,0.0662566,0.968,0.009,18.96,0.044,-0.5,0.0088,0.0009,-8.207e-05,CSPII,Ia,0.981,1,0,-0.015999999999998238,0.011401754250991379,0.0,10.06,10.18,10.31,N/A,-1.0,-1.0,none,1.1220000000000001e-05
LSQ14gov,0.089538,0.0892443,1.052,0.011,19.351,0.024,-6.5,0.0357,0.0036,1.291e-05,CSPII,Ia,0.985,1,0,-0.1039999999999992,0.0078102496759066544,0.0,8.85,9.02,9.19,N/A,-1.0,-1.0,none,5.347e-05
LSQ14ie,0.089538,0.0905466,1.162,0.011,19.621,0.06,-6.1,0.0717,0.0072,5.548e-05,CSPII,Ia,0.983,1,0,-0.00999999999999801,0.012041594578792296,0.0,7.95,8.08,8.21,N/A,-1.0,-1.0,none,-4.7246e-05
LSQ14ip,0.0612967,0.0624196,0.509,0.01,19.166,0.089,-7.3,0.0373,0.0037,-3.699e-05,CSPII,Ia,0.987,1,0,0.33800000000000097,0.022803508501982758,0.0,10.01,10.18,10.31,N/A,-1.0,-1.0,none,-4.4460000000000005e-05
LSQ14jp,0.04539,0.0464896,0.675,0.007,18.275,0.096,6.5,0.053,0.0053,-0.0001145,CSPII,Ia,0.986,1,0,0.12300000000000111,0.01,0.0,10.48,10.54,10.81,N/A,-1.0,-1.0,none,9.834e-06
LSQ14mc,0.05662,0.0575661,0.963,0.004,18.538,0.095,2.4,0.0207,0.0021,-1.797e-06,CSPII,Ia,0.986,1,0,-0.02699999999999747,0.006403124237432849,0.0,9.16,9.17,9.43,N/A,-1.0,-1.0,none,-2.48e-07
LSQ14q,0.0669503,0.067871,0.957,0.004,18.861,0.027,-6.7,0.0198,0.002,1.207e-06,CSPII,Ia,0.987,1,0,-0.045999999999999375,0.00848528137423857,0.0,8.92,9.32,9.42,N/A,-1.0,-1.0,none,-3.3000000000000023e-07
LSQ14wp,0.0694519,0.0706148,1.134,0.012,18.824,0.039,-7.8,0.0207,0.0021,3.483e-05,CSPII,Ia-91T,0.984,1,0,-0.037000000000002586,0.01063014581273465,0.0,7.23,7.48,7.59,N/A,-1.0,-1.0,none,-5.6905000000000005e-05
LSQ14xi,0.0507429,0.0519014,1.142,0.011,18.431,0.034,-8.6,0.0368,0.0037,9.367e-05,CSPII,Ia,0.986,1,0,0.21799999999999997,0.01063014581273465,0.0,10.77,10.9,11.07,N/A,-1.0,-1.0,none,-3.98226e-05
LSQ15aae,0.0515643,0.0517701,1.218,0.007,18.351,0.021,-4.5,0.0616,0.0062,-9.543e-06,CSPII,Ia-91T,0.982,1,0,0.07700000000000173,0.00848528137423857,0.0,10.1,10.27,10.46,N/A,-1.0,-1.0,none,-3.200000000000003e-07
LSQ15agh,0.0599585,0.0610193,1.134,0.008,18.655,0.021,-2.6,0.0216,0.0022,1.291e-05,CSPII,Ia,0.987,1,0,-0.031999999999996476,0.0078102496759066544,0.0,9.72,9.87,9.99,N/A,-1.0,-1.0,none,-3.6543999999999994e-05
LSQ15aja,0.0699516,0.0699657,1.032,0.011,18.83,0.022,-9.0,0.0545,0.0054,2.88e-05,CSPII,Ia,0.984,1,0,-0.08699999999999974,0.009433981132056603,0.0,7.34,7.46,7.58,N/A,-1.0,-1.0,none,6.0238e-05
LSQ15alq,0.0470667,0.0480953,0.921,0.005,17.999,0.025,-12.1,0.0668,0.0067,6.938e-07,CSPII,Ia,0.97,1,0,-0.0020000000000024443,0.006403124237432849,0.0,10.22,10.4,10.82,N/A,-1.0,-1.0,none,6.838999999999999e-06
LSQ15bv,0.0689,0.0701168,0.952,0.009,18.98,0.077,5.3,0.0443,0.0044,-3.044e-05,CSPII,Ia,0.985,1,0,-0.0010000000000012221,0.014422205101855958,0.0,10.39,10.56,10.77,N/A,-1.0,-1.0,none,-3.6105999999999996e-05
PS1-13eao,0.0377533,0.037362,0.89,0.045,17.91,0.053,-2.1,0.0107,0.0011,-0.001285,CSPII,Ia,0.0,1,0,1.5489999999999995,0.09631718434422801,0.0,10.56,10.73,11.04,N/A,-1.0,-1.0,none,-0.00015690000000000002
PS1-14ra,0.0280833,0.0287982,0.777,0.006,17.004,0.021,-0.1,0.023,0.0023,-5.35e-05,CSPII,Ia,0.984,1,1,0.05999999999999872,0.006403124237432849,0.0,10.35,10.65,10.72,N/A,-1.0,-1.0,none,-7.999999999999754e-09
PS1-14rx,0.0669536,0.0680019,0.846,0.018,18.906,0.064,-8.1,0.0266,0.0027,4.956e-05,CSPII,Ia,0.981,1,0,-0.021999999999998465,0.02690724809414742,0.0,9.77,9.89,10.06,N/A,-1.0,-1.0,none,8.079999999999999e-05
PS1-14xw,0.0245,0.0245957,1.039,0.01,16.554,0.023,-0.2,0.0656,0.0066,-7.175e-06,CSPII,Ia,0.975,0,0,0.0259999999999998,0.006403124237432849,0.0,11.11,11.24,11.71,N/A,-1.0,-1.0,none,2.213e-05
PS15sv,0.033277,0.0335844,0.993,0.005,17.266,0.027,-2.9,0.0782,0.0078,-1.473e-05,CSPII,Ia-91T,0.977,1,1,0.010999999999999233,0.009219544457292887,0.0,8.2,8.31,8.56,N/A,-1.0,-1.0,none,-4.999999999999986e-07
PTF11pbp,0.0289033,0.0276702,1.15,0.007,16.901,0.027,-4.4,0.0507,0.0051,1.239e-05,CSPII,Ia,0.984,1,1,0.054999999999999716,0.007071067811865475,0.0,10.73,10.88,10.97,N/A,-1.0,-1.0,none,-2.4789e-05
PTF11ppn,0.0672534,0.0661869,0.641,0.037,18.801,0.12,7.4,0.132,0.0132,-0.001188,CSPII,Ia-91bg,0.154,1,0,0.18900000000000006,0.17917589123540031,0.0,10.96,11.02,11.06,N/A,-1.0,-1.0,none,0.00017540000000000004
PTF11pra,0.0175433,0.0167242,0.439,0.017,16.649,0.052,1.9,0.0243,0.0024,-5.894e-06,CSPII,Ia,0.981,0,0,0.9200000000000017,0.06,0.0,10.57,10.68,10.75,N/A,-1.0,-1.0,none,-3.1940000000000003e-06
PTF11qnr,0.0162167,0.0149985,0.806,0.008,15.791,0.029,-1.3,0.0556,0.0056,-4.232e-05,CSPII,Ia,0.979,0,1,0.2550000000000008,0.009219544457292887,0.0,10.38,10.65,10.7,N/A,-1.0,-1.0,none,4.969999999999998e-06
PTF13anh,0.0614575,0.0624543,0.944,0.007,18.537,0.118,-10.7,0.0224,0.0022,5.852e-05,CSPII,Ia,0.979,1,0,-0.16999999999999815,0.018439088914585774,0.0,7.29,7.48,7.66,N/A,-1.0,-1.0,none,1.2420000000000003e-05
PTF13duj,0.01694,0.015867,1.156,0.014,15.852,0.095,11.0,0.0665,0.0067,0.000253,CSPII,Ia,0.965,0,1,0.057000000000000384,0.012041594578792296,0.0,10.61,10.73,10.82,N/A,-1.0,-1.0,none,-5.6117e-05
PTF13dwl,0.0874395,0.0863561,1.088,0.04,19.864,0.14,6.7,0.0613,0.0061,0.0009447,CSPII,Ia,0.987,1,0,-0.03400000000000247,0.011401754250991379,0.0,8.42,8.74,8.98,N/A,-1.0,-1.0,none,7.794e-05
PTF13dym,0.04213,0.0409061,0.509,0.024,17.453,0.142,1.1,0.0379,0.0038,-0.0004437,CSPII,Ia-91bg,0.0,1,0,0.09600000000000009,0.04951767361255979,0.0,9.25,9.45,9.88,N/A,-1.0,-1.0,none,-9.81e-05
PTF13dyt,0.1099239,0.109862,0.96,0.057,18.444,0.109,-2.0,0.0458,0.0046,0.0005338,CSPII,Ia-pec,,0,0,-0.2699999999999996,0.08360023923410746,0.0,11.5,11.5,11.5,N/A,-1.0,-1.0,none,-0.0008759999999999998
PTF13ebh,0.01326,0.012484,0.636,0.004,15.22,0.023,-12.0,0.0668,0.0067,-3.056e-06,CSPII,Ia,0.975,0,1,0.12299999999999933,0.009219544457292887,0.0,10.8,10.86,11.02,N/A,-1.0,-1.0,none,-1.099e-06
PTF13efe,0.0749481,0.0758465,1.145,0.011,19.054,0.032,-5.1,0.0213,0.0021,3.289e-05,CSPII,Ia,0.987,1,0,-0.01699999999999946,0.01345362404707371,0.0,11.5,11.5,11.5,N/A,-1.0,-1.0,none,-6.7259e-05
PTF13ez,0.0434699,0.0445375,0.897,0.011,17.809,0.032,-1.8,0.0429,0.0043,2.853e-05,CSPII,Ia,0.982,1,0,0.15900000000000247,0.02968164415931166,0.0,9.52,9.71,9.84,N/A,-1.0,-1.0,none,4.581e-05
PTF14aje,0.0276708,0.0282271,0.684,0.005,17.408,0.023,-2.2,0.1524,0.0152,-3.604e-05,CSPII,Ia,0.978,1,0,0.6080000000000005,0.010816653826391968,0.0,10.64,10.78,10.84,N/A,-1.0,-1.0,none,-2.0989999999999997e-06
PTF14gnl,0.05369,0.0525349,1.021,0.006,18.234,0.038,-12.4,0.0268,0.0027,9.26e-06,CSPII,Ia,0.984,1,0,-0.05500000000000327,0.008602325267042627,0.0,9.86,10.06,10.5,N/A,-1.0,-1.0,none,8.509999999999998e-06
PTF14uo,0.0912368,0.0922406,1.118,0.017,19.806,0.153,6.3,0.0161,0.0016,0.0002587,CSPII,Ia,0.987,1,0,-0.11400000000000077,0.00848528137423857,0.0,8.86,9.0,9.48,N/A,-1.0,-1.0,none,-5.7691e-05
PTF14w,0.0188933,0.0200839,0.742,0.004,16.456,0.018,-3.3,0.0205,0.0021,-9.761e-06,CSPII,Ia,0.975,0,1,0.055999999999997385,0.005,0.0,8.96,9.14,9.3,N/A,-1.0,-1.0,none,2.896e-06
PTF14yy,0.0429703,0.0440905,0.837,0.01,18.28,0.031,-6.9,0.0198,0.002,-2.66e-06,CSPII,Ia,0.986,1,0,0.2560000000000002,0.014866068747318505,0.0,9.25,9.41,9.52,N/A,-1.0,-1.0,none,2.980000000000002e-06
SN2004ef,0.0309667,0.02977,0.84,0.003,17.234,0.079,5.1,0.0458,0.0046,-1.324e-05,CSPI,Ia,0.981,0,0,0.11699999999999733,0.00565685424949238,0.0,10.63,10.74,10.8,N/A,-1.0,-1.0,none,-1.3499999999999955e-07
SN2004eo,0.01569,0.0147367,0.869,0.005,15.576,0.018,-9.3,0.093,0.0093,3.352e-06,CSPI,Ia,0.979,0,0,0.02499999999999858,0.009219544457292887,0.0,11.03,11.16,11.35,N/A,-1.0,-1.0,none,4.8419999999999996e-06
SN2004ey,0.0157767,0.0146267,1.009,0.003,15.565,0.012,-2.9,0.1197,0.012,2.496e-06,CSPI,Ia,0.973,0,0,-0.051000000000000156,0.004242640687119285,0.0,9.76,10.06,10.41,N/A,-1.0,-1.0,none,2.31e-07
SN2004gs,0.0266267,0.0282767,0.705,0.003,17.179,0.053,6.1,0.0257,0.0026,-1.06e-05,CSPI,Ia,0.982,0,0,0.20199999999999818,0.006403124237432849,0.0,10.57,10.63,10.7,N/A,-1.0,-1.0,none,-5.279999999999999e-07
SN2004gu,0.0458267,0.0468967,1.149,0.011,18.027,0.046,12.2,0.0223,0.0022,0.0001271,CSPI,Ia-06gz,0.986,0,0,0.14499999999999957,0.015620499351813309,0.0,9.74,10.02,10.19,N/A,-1.0,-1.0,none,-8.936e-05
SN2005A,0.0191267,0.01834,0.963,0.007,16.276,0.082,5.4,0.0259,0.0026,-5.042e-05,CSPI,Ia,0.976,0,0,0.9839999999999982,0.015620499351813309,0.0,11.07,11.19,11.26,N/A,-1.0,-1.0,none,-6.619999999999999e-06
SN2005M,0.0219967,0.02558,1.204,0.003,16.648,0.013,-7.1,0.0273,0.0027,2.1e-06,CSPI,Ia-91T,0.984,0,0,0.017999999999998906,0.004242640687119285,0.0,8.38,8.8,8.92,N/A,-1.0,-1.0,none,1.1700000000000032e-07
SN2005ag,0.07937,0.08008,1.145,0.009,19.39,0.079,5.1,0.0331,0.0033,8.565e-05,CSPI,Ia,0.982,0,0,-0.030000000000001137,0.0078102496759066544,0.0,10.84,10.9,10.95,N/A,-1.0,-1.0,none,-3.361e-05
SN2005al,0.0123933,0.0132867,0.865,0.004,15.591,0.055,3.0,0.0483,0.0048,2.239e-06,CSPI,Ia,0.909,0,0,-0.051000000000000156,0.007211102550927979,0.0,10.4,10.49,10.63,N/A,-1.0,-1.0,none,-5.68e-06
SN2005am,0.0078933,0.0089667,0.764,0.004,14.017,0.022,17.5,0.0433,0.0043,8.761e-06,CSPI,Ia,0.934,0,0,0.07399999999999984,0.0078102496759066544,0.0,10.68,10.83,11.26,N/A,-1.0,-1.0,none,3.4198999999999996e-06
SN2005el,0.0149,0.0148833,0.865,0.003,15.579,0.009,-6.3,0.0976,0.0098,6.179e-06,CSPI,Ia,0.973,0,0,-0.0730000000000004,0.01063014581273465,0.0,10.7,10.84,11.24,N/A,-1.0,-1.0,none,1.835999999999999e-06
SN2005eq,0.0289567,0.02835,1.234,0.007,17.006,0.011,-6.5,0.0629,0.0063,3.843e-06,CSPI,Ia-91T,0.984,0,0,0.03500000000000014,0.008602325267042627,0.0,10.44,10.56,10.65,N/A,-1.0,-1.0,none,-2.376e-06
SN2005hc,0.0459067,0.0444967,1.142,0.007,18.011,0.012,-5.8,0.028,0.0028,3.648e-05,CSPI,Ia,0.98,0,0,0.012000000000000455,0.006403124237432849,0.0,10.52,10.6,10.65,N/A,-1.0,-1.0,none,-2.0325e-05
SN2005hj,0.0579667,0.05695,1.152,0.019,18.395,0.033,-2.1,0.0329,0.0033,0.0001914,CSPI,Ia,0.984,0,0,0.0799999999999983,0.015556349186104044,0.0,9.22,9.32,9.38,N/A,-1.0,-1.0,none,-0.00011227
SN2005iq,0.03402,0.03293,0.88,0.006,17.402,0.018,-2.5,0.0185,0.0019,-8.732e-08,CSPI,Ia,0.965,0,0,-0.03200000000000003,0.01063014581273465,0.0,10.47,10.54,10.6,N/A,-1.0,-1.0,none,7.437000000000002e-06
SN2005kc,0.01511,0.01389,0.932,0.006,15.528,0.016,-9.6,0.1137,0.0114,-1.16e-05,CSPI,Ia,0.978,0,0,0.23799999999999955,0.01063014581273465,0.0,10.6,11.06,11.5,N/A,-1.0,-1.0,none,2.507e-06
SN2005ke,0.0048767,0.0044833,0.438,0.003,14.032,0.012,-7.8,0.02,0.002,1.042e-05,CSPI,Ia-91bg,0.953,0,0,0.6699999999999999,0.012041594578792296,0.0,10.29,10.43,10.61,N/A,-1.0,-1.0,none,2.7049999999999995e-06
SN2005ki,0.0191933,0.02037,0.839,0.003,16.249,0.01,-9.1,0.0267,0.0027,1.092e-06,CSPI,Ia,0.982,0,0,-0.018000000000000682,0.007071067811865475,0.0,10.62,10.8,10.86,N/A,-1.0,-1.0,none,-1.7119999999999994e-06
SN2005ku,0.0454067,0.0441833,0.969,0.034,17.988,0.16,1.4,0.0461,0.0046,-0.0002914,CSPI,Ia,0.986,0,0,0.09299999999999997,0.0778010282708397,0.0,9.96,10.04,10.1,N/A,-1.0,-1.0,none,-2.3600000000000045e-06
SN2005lu,0.0319867,0.0312933,1.063,0.03,17.506,0.076,8.3,0.0218,0.0022,7.773e-05,CSPI,Ia,0.975,0,0,0.2469999999999999,0.07200694410957877,0.0,9.68,9.86,10.03,N/A,-1.0,-1.0,none,6.392e-05
SN2005na,0.0263033,0.0268133,0.971,0.018,16.703,0.032,16.1,0.0681,0.0068,3.404e-05,CSPI,Ia,0.976,0,0,-0.019999999999999574,0.0078102496759066544,0.0,10.9,10.97,11.05,N/A,-1.0,-1.0,none,-2.686e-06
SN2006D,0.00852,0.00964,0.839,0.003,14.687,0.022,16.0,0.0394,0.0039,1.025e-05,CSPI,Ia,0.972,0,0,0.09800000000000075,0.006403124237432849,0.0,9.54,9.76,9.85,N/A,-1.0,-1.0,none,-5.059999999999995e-07
SN2006X,0.0052367,0.00632,0.971,0.004,13.045,0.016,-9.7,0.0228,0.0023,6.921e-06,CSPI,Ia,0.557,0,0,1.2140000000000004,0.01131370849898476,0.0,9.06,9.33,9.43,N/A,-1.0,-1.0,none,-1.928000000000001e-06
SN2006ax,0.0167267,0.0179567,1.003,0.004,15.823,0.01,-9.7,0.041,0.0041,4.868e-06,CSPI,Ia,0.981,0,0,-0.07199999999999918,0.0078102496759066544,0.0,10.79,10.92,11.04,N/A,-1.0,-1.0,none,9.119999999999999e-07
SN2006bd,0.0257067,0.0267967,0.398,0.009,17.689,0.051,-2.4,0.0231,0.0023,3.132e-05,CSPI,Ia-91bg,0.981,0,0,0.7119999999999997,0.03911521443121589,0.0,10.6,10.77,10.8,N/A,-1.0,-1.0,none,3.3899999999999997e-06
SN2006bh,0.01084,0.0104933,0.828,0.003,14.933,0.01,-3.9,0.0228,0.0023,3.794e-06,CSPI,Ia,0.969,0,0,-0.009999999999999787,0.00565685424949238,0.0,10.31,10.43,10.49,N/A,-1.0,-1.0,none,-1.5089999999999994e-06
SN2006br,0.0245733,0.0255233,0.962,0.032,17.264,0.093,8.4,0.0197,0.002,-3.859e-05,CSPI,Ia,0.982,0,0,0.8490000000000002,0.09626006440887104,0.0,10.87,10.97,11.36,N/A,-1.0,-1.0,none,6.916e-05
SN2006ej,0.0204367,0.0193367,0.842,0.018,16.259,0.021,23.1,0.0296,0.003,3.802e-06,CSPI,Ia,0.971,0,0,0.028999999999999915,0.060216276869298396,0.0,10.48,10.63,10.7,N/A,-1.0,-1.0,none,-8.312000000000001e-06
SN2006eq,0.0494667,0.0483667,0.649,0.023,18.535,0.064,1.0,0.0416,0.0042,-0.000154,CSPI,Ia,0.973,0,0,0.3099999999999987,0.07742092740338365,0.0,9.79,10.19,10.65,N/A,-1.0,-1.0,none,-5.1689e-05
SN2006et,0.0221567,0.0216467,1.18,0.006,16.332,0.011,-11.5,0.0165,0.0017,3.248e-05,CSPI,Ia,0.983,0,0,0.14100000000000001,0.0078102496759066544,0.0,10.7,10.8,10.88,N/A,-1.0,-1.0,none,-7.0337999999999995e-06
SN2006ev,0.0287133,0.0276,0.843,0.021,17.331,0.055,2.7,0.0759,0.0076,-4.265e-06,CSPI,Ia,0.924,0,0,0.1750000000000007,0.07021395872616784,0.0,10.65,10.75,10.91,N/A,-1.0,-1.0,none,-2.8846e-05
SN2006gj,0.0283333,0.0269667,0.708,0.007,17.224,0.057,2.3,0.0705,0.007,-3.822e-05,CSPI,Ia,0.983,0,0,0.2980000000000018,0.012041594578792296,0.0,10.36,10.53,10.6,N/A,-1.0,-1.0,none,-1.3649999999999996e-06
SN2006gt,0.04474,0.0436433,0.575,0.01,18.375,0.026,-1.3,0.0323,0.0032,-0.0001131,CSPI,Ia-91bg,0.982,0,0,0.24899999999999878,0.016278820596099707,0.0,9.87,9.93,9.94,N/A,-1.0,-1.0,none,-1.645e-05
SN2006hb,0.0153333,0.0153367,0.685,0.018,15.735,0.054,3.4,0.0236,0.0024,-3.195e-05,CSPI,Ia-86G,0.98,0,0,0.1850000000000005,0.0660302960768767,0.0,10.05,10.22,10.39,N/A,-1.0,-1.0,none,-1.7909e-05
SN2006hx,0.0454633,0.0444033,0.977,0.012,17.999,0.056,-8.1,0.0256,0.0026,-0.0001772,CSPI,Ia,0.981,0,0,0.11599999999999966,0.03538361202590826,0.0,10.12,10.31,10.44,N/A,-1.0,-1.0,none,-1.909999999999999e-05
SN2006is,0.0313333,0.03142,1.092,0.037,17.14,0.067,1.5,0.029,0.0029,0.0003617,CSPI,Ia,0.983,0,0,0.038999999999997925,0.06720119046564577,0.0,6.68,7.1,7.41,N/A,-1.0,-1.0,none,-0.00012373
SN2006kf,0.0212867,0.0208,0.771,0.005,16.343,0.01,-3.8,0.2097,0.021,-3.949e-06,CSPI,Ia,0.981,0,0,0.0259999999999998,0.009219544457292887,0.0,10.59,10.82,10.9,N/A,-1.0,-1.0,none,3.766e-06
SN2006lu,0.0533667,0.0543967,1.002,0.019,18.57,0.073,6.1,0.0986,0.0099,-3.241e-06,CSPI,Ia,0.984,0,0,-0.018000000000000682,0.0658027355054484,0.0,10.22,10.29,10.37,N/A,-1.0,-1.0,none,-9.900000000000002e-06
SN2006mr,0.0058667,0.00551,0.335,0.004,14.021,0.037,-5.2,0.0179,0.0018,2.838e-05,CSPI,Ia-91bg,0.947,0,0,0.7310000000000016,0.02758622844826744,0.0,10.79,11.19,11.38,N/A,-1.0,-1.0,none,-1.0749999999999999e-05
SN2006ob,0.0591967,0.0582567,0.743,0.009,18.642,0.067,2.9,0.0285,0.0029,-1.562e-05,CSPI,Ia,0.986,0,0,0.1109999999999971,0.014866068747318505,0.0,11.08,11.26,11.33,N/A,-1.0,-1.0,none,1.9908e-05
SN2006os,0.0327867,0.03208,0.944,0.02,17.347,0.018,-1.0,0.1254,0.0125,2.773e-06,CSPI,Ia,0.982,0,0,0.31700000000000017,0.065,0.0,10.66,10.81,10.87,N/A,-1.0,-1.0,none,-4.1e-06
SN2007A,0.0176333,0.0164633,1.047,0.02,15.913,0.015,-5.6,0.0631,0.0063,-1.086e-05,CSPI,Ia,0.98,0,0,0.2010000000000005,0.01,0.0,10.57,10.57,10.57,N/A,-1.0,-1.0,none,0.00012521
SN2007N,0.01287,0.014,0.375,0.006,16.48,0.06,0.3,0.0343,0.0034,2.211e-05,CSPI,Ia-91bg,0.976,0,0,0.9529999999999994,0.023600847442411893,0.0,10.1,10.19,10.57,N/A,-1.0,-1.0,none,6.75e-06
SN2007S,0.01387,0.0150233,1.187,0.007,15.597,0.012,-11.7,0.0224,0.0022,2.97e-05,CSPI,Ia-91T,0.973,0,0,0.36599999999999966,0.010816653826391968,0.0,9.63,9.98,10.16,N/A,-1.0,-1.0,none,-8.710000000000002e-07
SN2007af,0.00546,0.00629,0.949,0.002,13.532,0.008,-12.0,0.0338,0.0034,1.759e-06,CSPI,Ia,0.927,0,0,0.0649999999999995,0.007071067811865475,0.0,9.69,9.82,9.87,N5584,-1.0,0.05,c,-4.719999999999999e-07
SN2007ai,0.03164,0.0319867,1.195,0.015,17.261,0.022,-5.7,0.286,0.0286,-4.837e-05,CSPI,Ia-91T,0.985,0,0,0.1819999999999986,0.013601470508735444,0.0,9.76,9.91,10.18,N/A,-1.0,-1.0,none,-2.3566e-05
SN2007al,0.0121133,0.0132629,0.385,0.006,16.357,0.066,0.6,0.036,0.0036,5.509e-05,CSPI,Ia-91bg,0.971,0,0,0.6999999999999993,0.025,0.0,9.33,9.47,9.91,N/A,-1.0,-1.0,none,3.759999999999998e-06
SN2007as,0.01756,0.0178967,0.89,0.004,15.978,0.013,-6.6,0.1229,0.0123,8.068e-06,CSPI,Ia,0.98,0,0,0.08000000000000007,0.008602325267042627,0.0,10.24,10.36,10.43,N/A,-1.0,-1.0,none,-8.719e-07
SN2007ax,0.0068567,0.0076367,0.404,0.008,15.23,0.03,-3.9,0.0446,0.0045,5.104e-05,CSPI,Ia-91bg,0.924,0,0,0.6890000000000018,0.025612496949731396,0.0,10.13,10.23,10.29,N/A,-1.0,-1.0,none,3.0930000000000004e-05
SN2007ba,0.0384867,0.0390533,0.556,0.008,17.803,0.021,-6.1,0.0315,0.0032,9.408e-07,CSPI,Ia-91bg,0.796,0,0,0.32800000000000296,0.019209372712298545,0.0,10.9,10.99,11.06,N/A,-1.0,-1.0,none,-1.856e-05
SN2007bc,0.0207567,0.02185,0.909,0.005,16.289,0.017,-1.9,0.0186,0.0019,1.485e-05,CSPI,Ia,0.983,0,0,0.03300000000000125,0.008602325267042627,0.0,10.65,10.73,10.78,N/A,-1.0,-1.0,none,5.470000000000002e-07
SN2007bd,0.0309967,0.0318267,0.917,0.006,17.208,0.019,-8.6,0.0289,0.0029,5.131e-06,CSPI,Ia,0.984,0,0,-0.0010000000000012221,0.015620499351813309,0.0,10.68,10.82,10.89,N/A,-1.0,-1.0,none,1.4954999999999998e-05
SN2007bm,0.0062067,0.00744,0.906,0.006,14.057,0.024,-7.9,0.0354,0.0035,-1.532e-05,CSPI,Ia,0.958,0,0,0.4209999999999994,0.01,0.0,10.09,10.27,10.72,N/A,-1.0,-1.0,none,2.7202e-06
SN2007ca,0.0140567,0.01507,1.077,0.012,15.837,0.016,-10.0,0.057,0.0057,3.54e-05,CSPI,Ia,0.979,0,0,0.2599999999999998,0.009899494936611667,0.0,9.52,9.69,9.74,N/A,-1.0,-1.0,none,1.5218999999999998e-05
SN2007cg,0.0331733,0.0341676,1.069,0.053,17.346,0.076,10.0,0.0686,0.0069,0.0005157,CSPI,Ia,0.39,0,0,0.6880000000000024,0.0970051545022222,0.0,10.33,10.37,10.43,N/A,-1.0,-1.0,none,0.00013540000000000004
SN2007hj,0.0141033,0.0128818,0.636,0.005,15.652,0.053,0.6,0.0747,0.0075,-3.011e-05,CSPI,Ia,0.961,0,0,0.21600000000000108,0.009219544457292887,0.0,10.3,10.45,10.89,N/A,-1.0,-1.0,none,-5.622e-06
SN2007hx,0.07976,0.0788733,1.017,0.03,19.355,0.075,1.7,0.0299,0.003,4.984e-05,CSPI,Ia,0.985,0,0,0.21699999999999875,0.0738173421358423,0.0,10.45,10.55,10.62,N/A,-1.0,-1.0,none,-2.3160000000000002e-05
SN2007jd,0.0725833,0.0719112,0.893,0.035,19.437,0.101,2.4,0.066,0.0066,-0.0005405,CSPI,Ia,0.942,0,0,0.09499999999999886,0.07981227975693966,0.0,9.93,10.13,10.18,N/A,-1.0,-1.0,none,-7.623e-05
SN2007jg,0.0371067,0.0365767,0.94,0.006,17.764,0.016,-3.0,0.0904,0.009,4.087e-06,CSPI,Ia,0.974,0,0,0.029999999999997584,0.01,0.0,7.95,8.1,8.22,N/A,-1.0,-1.0,none,3.5699999999999997e-06
SN2007jh,0.0407667,0.0402667,0.6,0.015,17.736,0.209,36.1,0.0902,0.009,-7.568e-05,CSPI,Ia-86G,0.981,0,0,0.27199999999999847,0.026248809496813377,0.0,10.89,10.99,11.04,N/A,-1.0,-1.0,none,-4.0419999999999996e-05
SN2007le,0.0067167,0.0055233,1.019,0.004,13.884,0.01,-10.8,0.0287,0.0029,8.397e-06,CSPI,Ia,0.955,0,0,0.2919999999999998,0.006403124237432849,0.0,9.71,9.85,10.16,N/A,-1.0,-1.0,none,3.0399999999999997e-06
SN2007nq,0.045,0.0439033,0.78,0.006,17.806,0.055,0.8,0.0312,0.0031,1.554e-05,CSPI,Ia,0.952,0,0,0.05900000000000105,0.011401754250991379,0.0,11.15,11.21,11.28,N/A,-1.0,-1.0,none,5.108e-06
SN2007on,0.00649,0.0061833,0.588,0.003,13.284,0.013,-9.5,0.0098,0.001,-8.958e-06,N/A,N/A,0.0,9,9,0.11599999999999966,0.012041594578792296,0.0,10.897,10.932,10.967,NGC1404,31.526,0.072,s,1.651e-06
SN2007so,0.0296667,0.0289285,0.923,0.009,16.627,0.038,28.9,0.1161,0.0116,0.0001151,CSPI,Ia,,0,0,0.012000000000000455,0.07803204469959761,0.0,10.89,10.97,11.07,N/A,-1.0,-1.0,none,0.00012331
SN2007sr,0.0054733,0.0066557,0.988,0.017,13.275,0.048,5.5,0.0398,0.004,1.764e-06,CSPI,Ia,0.198,0,0,0.14500000000000135,0.05860034129593445,0.0,9.85,10.05,10.17,N4038,-1.0,0.1,c,-1.6130000000000005e-06
SN2007st,0.0211667,0.0206508,0.862,0.022,16.004,0.063,4.4,0.0143,0.0014,7.277e-05,CSPI,Ia,0.951,0,0,0.1479999999999997,0.08360023923410746,0.0,10.85,10.95,11.4,N/A,-1.0,-1.0,none,-6.425e-05
SN2007ux,0.0308933,0.031996,0.624,0.006,17.584,0.014,-0.3,0.0386,0.0039,-4.121e-05,CSPI,Ia-86G,0.981,0,0,0.21300000000000097,0.01,0.0,10.23,10.3,10.34,N/A,-1.0,-1.0,none,-1.3426e-05
SN2008C,0.01661,0.0170667,0.969,0.024,15.868,0.04,11.3,0.072,0.0072,-1.983e-05,CSPI,Ia,0.981,0,0,0.16500000000000092,0.07440430095095309,0.0,10.35,10.49,10.55,N/A,-1.0,-1.0,none,-1.7829999999999997e-05
SN2008O,0.03883,0.039318,0.683,0.01,17.935,0.026,-2.2,0.0763,0.0076,-9.382e-05,CSPI,Ia,0.986,0,0,0.31400000000000006,0.016401219466856725,0.0,11.12,11.33,11.59,N/A,-1.0,-1.0,none,-1.83118e-05
SN2008R,0.0134933,0.0128867,0.633,0.006,15.482,0.057,0.6,0.0618,0.0062,-4.042e-05,CSPI,Ia,0.976,0,0,0.11999999999999922,0.01063014581273465,0.0,11.07,11.25,11.31,N/A,-1.0,-1.0,none,-7.641e-06
SN2008ar,0.02613,0.0272474,0.975,0.004,16.93,0.016,-6.1,0.0311,0.0031,-5.283e-06,CSPI,Ia,0.984,0,0,0.009000000000000341,0.011401754250991379,0.0,10.11,10.21,10.28,N/A,-1.0,-1.0,none,5.309999999999998e-06
SN2008bc,0.0150767,0.0157067,1.058,0.005,15.642,0.009,-6.0,0.2251,0.0225,1.667e-05,CSPI,Ia,0.979,0,0,-0.02800000000000047,0.00565685424949238,0.0,9.95,10.1,10.23,N/A,-1.0,-1.0,none,1.2013e-05
SN2008bd,0.0300833,0.0312803,0.656,0.04,17.633,0.064,20.4,0.0751,0.0075,-0.001914,CSPI,Ia-91bg,,0,0,0.34499999999999886,0.06762396025078685,0.0,10.99,11.07,11.13,N/A,-1.0,-1.0,none,-0.0017958000000000002
SN2008bf,0.0234837,0.0245538,1.019,0.004,16.595,0.011,-8.2,0.0296,0.003,5.229e-06,CSPI,Ia,0.982,0,0,-0.045999999999999375,0.006403124237432849,0.0,11.4,11.4,11.4,N/A,-1.0,-1.0,none,5.211999999999999e-06
SN2008bi,0.0134367,0.0143882,0.512,0.023,16.249,0.079,9.5,0.037,0.0037,-1.336e-05,CSPI,Ia-91bg,0.972,0,0,0.5790000000000006,0.1292478239662084,0.0,10.27,10.38,10.48,N/A,-1.0,-1.0,none,-5.9090000000000005e-05
SN2008bq,0.0339767,0.0344433,1.146,0.009,17.214,0.058,2.9,0.0774,0.0077,5.534e-05,CSPI,Ia,0.983,0,0,0.045000000000001705,0.009219544457292887,0.0,10.74,10.82,10.91,N/A,-1.0,-1.0,none,-4.504e-05
SN2008bt,0.0153533,0.0165796,0.492,0.008,16.431,0.046,20.8,0.0445,0.0044,0.0001507,CSPI,Ia-91bg,0.979,0,0,0.5249999999999986,0.01345362404707371,0.0,10.7,10.85,10.91,N/A,-1.0,-1.0,none,-1.492e-05
SN2008bz,0.0602367,0.0613265,0.944,0.023,18.777,0.045,28.4,0.0226,0.0023,-5.251e-05,CSPI,Ia,0.957,0,0,-0.04299999999999926,0.06420280367709809,0.0,10.44,10.5,10.56,N/A,-1.0,-1.0,none,-1.3999999999999527e-07
SN2008cc,0.0103867,0.0101222,0.809,0.018,14.541,0.019,14.5,0.0355,0.0035,1.978e-05,CSPI,Ia,0.965,0,0,0.15999999999999837,0.0660302960768767,0.0,10.4,10.48,10.64,N/A,-1.0,-1.0,none,-1.845e-05
SN2008cf,0.0459682,0.0468269,1.093,0.036,18.19,0.06,1.9,0.0577,0.0058,0.0002254,CSPI,Ia,0.986,0,0,0.010999999999999233,0.06280127387243033,0.0,8.59,8.73,8.97,N/A,-1.0,-1.0,none,-5.8689999999999995e-05
SN2008ff,0.0191933,0.0186725,1.087,0.009,16.029,0.019,20.5,0.0436,0.0044,6.574e-05,CSPI,Ia,0.981,0,0,0.17900000000000027,0.018357559750685818,0.0,10.8,10.8,10.8,N/A,-1.0,-1.0,none,-4.120000000000001e-06
SN2008fl,0.0199,0.0194172,0.882,0.017,16.057,0.05,4.0,0.1569,0.0157,2.772e-06,CSPI,Ia,0.982,0,0,0.05599999999999916,0.05940538696111658,0.0,10.87,10.94,11.01,N/A,-1.0,-1.0,none,-4.447000000000001e-06
SN2008fp,0.00566,0.0062867,1.103,0.008,13.573,0.008,-4.5,0.1686,0.0169,2.348e-05,CSPI,Ia,0.944,0,0,0.4800000000000004,0.006403124237432849,0.0,10.15,10.2,10.63,N/A,-1.0,-1.0,none,-1.1782e-05
SN2008fr,0.0389733,0.0379062,1.043,0.026,17.717,0.054,5.8,0.0395,0.004,4.319e-05,CSPI,Ia,0.981,0,0,-0.00999999999999801,0.07200694410957877,0.0,7.58,7.73,7.92,N/A,-1.0,-1.0,none,4.157e-05
SN2008fu,0.05237,0.0518336,0.824,0.024,18.334,0.064,4.1,0.018,0.0018,1.671e-05,CSPI,Ia,0.986,0,0,-0.03400000000000247,0.08736704184073076,0.0,10.66,10.72,10.8,N/A,-1.0,-1.0,none,-0.000104288
SN2008fw,0.0085433,0.0095066,1.117,0.024,14.617,0.024,17.1,0.1123,0.0112,9.427e-05,CSPI,Ia-91T,0.971,0,0,0.07600000000000051,0.0658027355054484,0.0,10.31,10.49,10.61,N/A,-1.0,-1.0,none,-0.00010585999999999999
SN2008gg,0.0319933,0.0310658,1.058,0.026,17.2,0.055,6.6,0.0195,0.002,7.155e-05,CSPI,Ia,0.984,0,0,0.14999999999999858,0.06420280367709809,0.0,10.63,10.73,10.82,N/A,-1.0,-1.0,none,2.1629999999999995e-05
SN2008gl,0.0339933,0.0329459,0.867,0.005,17.622,0.015,-0.9,0.0244,0.0024,8.659e-08,CSPI,Ia,0.977,0,0,0.028000000000002245,0.0078102496759066544,0.0,10.81,10.86,10.92,N/A,-1.0,-1.0,none,-3.1259999999999994e-06
SN2008go,0.0623667,0.0613133,0.938,0.018,18.814,0.035,-1.5,0.032,0.0032,-0.0001793,CSPI,Ia,0.986,0,0,0.04200000000000159,0.01,0.0,10.89,10.94,11.0,N/A,-1.0,-1.0,none,4.416e-06
SN2008gp,0.03339,0.0328233,0.979,0.004,17.19,0.017,-9.5,0.1042,0.0104,5.979e-06,CSPI,Ia,0.985,0,0,-0.029999999999997584,0.01063014581273465,0.0,10.64,10.73,10.79,N/A,-1.0,-1.0,none,-2.4489999999999998e-06
SN2008hj,0.0378667,0.0367224,1.008,0.005,17.675,0.014,-7.3,0.0303,0.003,-3.902e-06,CSPI,Ia,0.983,0,0,-0.007999999999999119,0.007071067811865475,0.0,10.2,10.4,10.69,N/A,-1.0,-1.0,none,3.508999999999999e-06
SN2008hu,0.0496656,0.050526,0.822,0.024,18.386,0.026,-1.9,0.0921,0.0092,-2.743e-05,CSPI,Ia,0.985,0,0,0.0259999999999998,0.07,0.0,10.84,10.99,11.07,N/A,-1.0,-1.0,none,-4.368e-05
SN2008hv,0.01254,0.01358,0.869,0.004,15.438,0.014,-12.7,0.0279,0.0028,4.363e-06,CSPI,Ia,0.973,0,0,-0.04600000000000115,0.011401754250991379,0.0,10.29,10.55,10.67,N/A,-1.0,-1.0,none,3.4099999999999995e-06
SN2008ia,0.0219833,0.02254,0.836,0.006,16.466,0.019,-1.8,0.1954,0.0195,1.574e-05,CSPI,Ia,0.983,0,0,-0.03500000000000014,0.015556349186104044,0.0,10.54,10.77,11.23,N/A,-1.0,-1.0,none,-8.103999999999999e-06
SN2009D,0.02499,0.024654,1.157,0.007,16.545,0.013,-2.5,0.0441,0.0044,2.476e-05,CSPI,Ia,0.984,0,0,-0.02099999999999902,0.00565685424949238,0.0,10.35,10.43,10.5,N/A,-1.0,-1.0,none,-1.41306e-05
SN2009F,0.0129467,0.01291,0.384,0.007,16.101,0.074,-4.0,0.0895,0.0089,6.014e-05,CSPI,Ia-91bg,0.97,0,0,0.5570000000000022,0.025495097567963924,0.0,10.61,10.79,11.22,N/A,-1.0,-1.0,none,6.529999999999997e-06
SN2009I,0.02615,0.0254309,1.083,0.035,17.075,0.025,-5.7,0.0272,0.0027,0.0001543,CSPI,Ia,0.969,0,0,0.6509999999999998,0.018439088914585774,0.0,10.53,10.74,10.88,N/A,-1.0,-1.0,none,-3.2216000000000005e-05
SN2009P,0.0250867,0.0263202,1.082,0.042,17.122,0.082,0.1,0.0415,0.0042,0.0004396,CSPI,Ia,0.982,0,0,0.4049999999999976,0.0214009345590327,0.0,9.77,9.87,9.95,N/A,-1.0,-1.0,none,-0.00017427
SN2009Y,0.0093467,0.0101034,1.143,0.01,14.577,0.019,-7.6,0.0873,0.0087,0.0001035,CSPI,Ia,0.97,0,0,0.1460000000000008,0.012041594578792296,0.0,10.66,10.76,10.95,N/A,-1.0,-1.0,none,-6.0324e-05
SN2009aa,0.02729,0.0284814,0.944,0.004,16.902,0.014,-9.8,0.0295,0.0029,3.374e-06,CSPI,Ia,0.983,0,0,0.012999999999998124,0.012041594578792296,0.0,10.1,10.6,10.8,N/A,-1.0,-1.0,none,-2.662000000000001e-06
SN2009ab,0.0111633,0.0108624,0.901,0.006,15.103,0.021,-8.1,0.1838,0.0184,-1.004e-05,CSPI,Ia,0.959,0,0,0.034999999999998366,0.01063014581273465,0.0,10.2,10.35,10.78,N/A,-1.0,-1.0,none,9.141000000000001e-06
SN2009ad,0.02838,0.0283174,1.105,0.015,16.867,0.019,-3.8,0.0953,0.0095,0.0001169,CSPI,Ia,0.984,0,0,0.030999999999998806,0.01131370849898476,0.0,10.5,10.58,10.64,N/A,-1.0,-1.0,none,-2.555e-05
SN2009ag,0.0086333,0.0092477,0.967,0.005,14.687,0.015,-3.5,0.218,0.0218,-1.335e-06,CSPI,Ia,0.97,0,0,0.1490000000000009,0.014212670403551895,0.0,9.99,10.2,10.6,N/A,-1.0,-1.0,none,3.789999999999997e-07
SN2009al,0.02209,0.0232764,0.922,0.013,16.497,0.034,-6.3,0.0212,0.0021,-1.864e-05,CSPI,Ia,0.98,0,0,0.18599999999999994,0.027802877548915687,0.0,10.66,10.72,10.77,N/A,-1.0,-1.0,none,3.282e-05
SN2009cz,0.0211233,0.0219786,1.167,0.011,16.371,0.024,-3.8,0.0221,0.0022,9.997e-05,CSPI,Ia,0.982,0,0,0.019000000000000128,0.009899494936611667,0.0,10.68,10.75,10.84,N/A,-1.0,-1.0,none,-3.3497e-05
SN2009ds,0.0192467,0.0204662,1.121,0.015,16.357,0.032,-6.5,0.0332,0.0033,0.0001693,CSPI,Ia,0.982,0,0,0.10599999999999987,0.012727922061357855,0.0,10.62,10.77,10.97,N/A,-1.0,-1.0,none,-5.0689e-05
SN2011iv,0.00649,0.0061827,0.699,0.007,12.765,0.033,-3.4,0.0098,0.001,-4.77e-05,N/A,N/A,0.0,9,9,0.030999999999998806,0.01063014581273465,0.0,10.897,10.932,10.967,NGC1404,31.526,0.072,s,-3.2e-06
SN2011iy,0.0042633,0.0053357,1.038,0.006,12.567,0.024,15.6,0.0529,0.0053,2.008e-05,CSPII,Ia,0.9,0,1,0.24399999999999977,0.012206555615733704,0.0,10.21,10.39,10.83,N/A,-1.0,-1.0,none,1.3017999999999998e-05
SN2011jh,0.0077833,0.0089154,0.789,0.005,14.527,0.022,-3.5,0.0322,0.0032,-6.54e-06,CSPII,Ia,0.966,0,1,0.3680000000000003,0.0078102496759066544,0.0,10.02,10.09,10.16,N/A,-1.0,-1.0,none,3.1200000000000006e-06
SN2011jn,0.0474433,0.0485384,0.641,0.021,18.192,0.085,5.4,0.0593,0.0059,-0.0001569,CSPII,Ia,0.982,1,0,0.12100000000000222,0.08848163651289458,0.0,11.23,11.35,11.78,N/A,-1.0,-1.0,none,-4.6884e-05
SN2012aq,0.0519633,0.0525508,0.995,0.018,18.245,0.054,11.6,0.0338,0.0034,-3.151e-07,CSPII,Ia,0.972,1,0,0.006000000000000227,0.06300793600809346,0.0,7.63,7.77,8.01,N/A,-1.0,-1.0,none,5.47e-07
SN2012ar,0.02824,0.028536,0.807,0.006,16.942,0.066,1.3,0.2024,0.0202,-3.138e-05,CSPII,Ia,0.982,1,1,0.03300000000000125,0.006403124237432849,0.0,10.84,10.94,11.02,N/A,-1.0,-1.0,none,-5.251e-06
SN2012bl,0.0186933,0.0181998,1.08,0.016,16.038,0.07,2.7,0.0297,0.003,0.0001804,CSPII,Ia,0.977,0,1,0.04400000000000048,0.00848528137423857,0.0,9.85,10.09,10.24,N/A,-1.0,-1.0,none,4.327e-06
SN2012bo,0.0254133,0.0265314,1.154,0.007,16.781,0.062,0.3,0.0447,0.0045,3.8e-05,CSPII,Ia,0.983,0,1,0.011999999999996902,0.006403124237432849,0.0,10.15,10.32,10.4,N/A,-1.0,-1.0,none,-2.1109e-05
SN2012fr,0.0054533,0.0051291,1.109,0.004,12.855,0.012,-11.6,0.0177,0.0018,1.02e-05,CSPII,Ia,0.981,0,1,0.0129999999999999,0.0058309518948453,0.0,11.06,11.25,11.32,N1365,-1.0,0.06,c,-3.747e-06
SN2012gm,0.01478,0.013553,0.987,0.004,15.401,0.015,-7.5,0.0393,0.0039,1.633e-06,CSPII,Ia,0.977,0,1,0.17300000000000004,0.004242640687119285,0.0,9.9,10.01,10.08,N/A,-1.0,-1.0,none,2.679999999999998e-07
SN2012hd,0.0119433,0.0111341,0.888,0.004,15.053,0.019,-12.2,0.0228,0.0023,2.782e-06,CSPII,Ia,0.973,0,1,0.12299999999999933,0.0078102496759066544,0.0,10.38,10.44,10.54,N/A,-1.0,-1.0,none,5.649e-06
SN2012hr,0.0075567,0.0078716,0.973,0.001,14.217,0.009,-4.5,0.0389,0.0039,1.626e-06,CSPII,Ia,0.966,0,1,0.008999999999998565,0.004242640687119285,0.0,10.21,10.32,10.45,N/A,-1.0,-1.0,none,-3.9699999999999997e-07
SN2012ht,0.0035567,0.0046846,0.868,0.003,13.59,0.012,-11.3,0.0252,0.0025,1.829e-06,CSPII,Ia,,0,1,-0.016000000000000014,0.009899494936611667,0.0,8.06,8.06,8.06,N3347,-1.0,0.04,c,8.199999999999854e-08
SN2013E,0.0094067,0.0104565,1.129,0.004,14.396,0.026,10.3,0.0843,0.0084,1.901e-05,CSPII,Ia,0.951,0,1,0.07600000000000051,0.004242640687119285,0.0,9.83,9.96,9.99,N/A,-1.0,-1.0,none,-8.3105e-06
SN2013H,0.0154767,0.0158792,1.048,0.005,15.684,0.06,8.5,0.1134,0.0113,3.367e-05,CSPII,Ia,0.98,0,1,0.18599999999999994,0.006403124237432849,0.0,10.32,10.5,10.6,N/A,-1.0,-1.0,none,1.147e-05
SN2013M,0.03493,0.0357427,0.941,0.005,17.046,0.024,-5.1,0.0719,0.0072,-1.065e-05,CSPII,Ia,0.934,1,1,0.022999999999999687,0.013038404810405297,0.0,10.73,10.9,11.04,N/A,-1.0,-1.0,none,5.99e-06
SN2013U,0.0344833,0.0356518,1.213,0.011,17.082,0.076,7.1,0.0245,0.0025,-1.647e-05,CSPII,Ia-91T,0.842,1,1,0.1680000000000028,0.01,0.0,10.15,10.27,10.31,N/A,-1.0,-1.0,none,-1.3299999999999991e-06
SN2013aa,0.0039967,0.0046654,1.002,0.002,11.921,0.012,-0.8,0.1458,0.0146,1.585e-06,CSPII,Ia,0.888,0,1,-0.0779999999999994,0.005,0.0,9.85,9.99,10.12,N/A,-1.0,-1.0,none,8.299999999999988e-08
SN2013ad,0.0363748,0.0358694,0.991,0.013,17.112,0.022,-2.7,0.3692,0.0369,-3.69e-05,CSPII,Ia,0.639,1,0,-0.08899999999999864,0.01,0.0,11.5,11.5,11.5,N/A,-1.0,-1.0,none,2.6039999999999998e-05
SN2013aj,0.00912,0.0100653,0.794,0.005,14.588,0.02,-4.9,0.0316,0.0032,2.11e-06,CSPII,Ia,0.969,0,1,0.0519999999999996,0.009219544457292887,0.0,9.82,9.99,10.38,N/A,-1.0,-1.0,none,3.427999999999999e-06
SN2013as,0.0684526,0.0696439,1.007,0.021,18.988,0.076,9.6,0.0336,0.0034,-1.388e-05,CSPII,Ia,0.984,1,0,0.0009999999999976694,0.0658027355054484,0.0,8.43,8.59,8.95,N/A,-1.0,-1.0,none,-5.059999999999999e-06
SN2013ay,0.0157167,0.0156526,0.495,0.019,15.898,0.062,7.4,0.0622,0.0062,-6.52e-05,CSPII,Ia,0.953,0,1,0.5299999999999994,0.08348652585896721,0.0,10.64,10.72,10.82,N/A,-1.0,-1.0,none,-5.4080000000000004e-05
SN2013az,0.0372533,0.037464,0.767,0.028,17.485,0.094,2.4,0.0271,0.0027,-0.0003838,CSPII,Ia,0.972,1,0,0.08399999999999963,0.06940461079784253,0.0,10.93,10.99,11.07,N/A,-1.0,-1.0,none,5.700000000000003e-06
SN2013bc,0.02245,0.023528,0.482,0.022,17.244,0.084,0.7,0.0407,0.0041,6.104e-05,CSPII,Ia,0.98,0,1,0.7510000000000012,0.0658027355054484,0.0,10.28,10.47,10.55,N/A,-1.0,-1.0,none,-8.650999999999999e-06
SN2013bz,0.01915,0.0201818,1.15,0.009,15.893,0.03,-4.9,0.0377,0.0038,-7.854e-07,CSPII,Ia-91T,0.855,0,1,0.15399999999999991,0.009899494936611667,0.0,9.94,9.98,10.04,N/A,-1.0,-1.0,none,-4.879e-05
SN2013dy,0.003889,0.0028843,1.091,0.007,12.851,0.012,-9.5,0.132,0.0132,2.683e-05,,,,,,0.20899999999999963,0.005,0.0,9.09,9.09,9.09,N7250,-1.0,0.08,c,-2.789999999999998e-07
SN2013fy,0.0308467,0.0301903,1.17,0.011,16.936,0.097,7.3,0.023,0.0023,0.0001681,CSPII,Ia,0.985,1,1,0.022999999999999687,0.00848528137423857,0.0,10.77,10.86,10.96,N/A,-1.0,-1.0,none,-3.0946e-05
SN2013fz,0.0205933,0.0205517,1.016,0.004,16.134,0.061,5.3,0.0119,0.0012,2.046e-06,CSPII,Ia,0.98,0,1,0.004999999999999005,0.004242640687119285,0.0,10.61,10.69,10.77,N/A,-1.0,-1.0,none,7.739e-07
SN2013gv,0.0340967,0.0334585,0.846,0.008,17.411,0.028,-3.4,0.1434,0.0143,-2.495e-05,CSPII,Ia,0.973,1,1,-0.01799999999999713,0.012041594578792296,0.0,11.16,11.27,11.56,N/A,-1.0,-1.0,none,-2.0000000000000486e-07
SN2013gy,0.0140133,0.0135587,0.911,0.003,15.209,0.017,-12.4,0.0485,0.0049,2.229e-06,CSPII,Ia,0.976,0,1,-0.008000000000000895,0.006403124237432849,0.0,8.98,9.0,9.16,N/A,-1.0,-1.0,none,2.5870000000000004e-06
SN2013hn,0.01513,0.0160268,0.823,0.026,15.705,0.118,6.4,0.0529,0.0053,-0.0002312,CSPII,Ia,0.98,0,1,-0.06300000000000061,0.06661080993352356,0.0,10.84,10.99,11.07,N/A,-1.0,-1.0,none,-6.732e-05
SN2014I,0.0299933,0.0302041,0.913,0.003,17.014,0.016,-7.2,0.0207,0.0021,-2.413e-06,CSPII,Ia,0.98,1,1,0.012000000000000455,0.006403124237432849,0.0,10.76,10.9,11.31,N/A,-1.0,-1.0,none,2.1750000000000004e-06
SN2014Z,0.02126,0.0209246,0.992,0.03,16.199,0.085,3.0,0.0246,0.0025,-0.0002087,CSPII,Ia,0.983,0,1,-0.010000000000001563,0.060802960454241044,0.0,10.66,10.75,10.81,N/A,-1.0,-1.0,none,-1.2150000000000004e-05
SN2014ba,0.0058367,0.0049902,0.338,0.02,14.415,0.063,6.9,0.0102,0.001,-5.591e-05,CSPII,Ia-91bg,0.954,0,1,0.9439999999999991,0.09402127418834526,0.0,10.56,10.64,11.06,N/A,-1.0,-1.0,none,3.7699999999999995e-06
SN2014dl,0.0329433,0.0331433,1.206,0.011,16.848,0.026,-4.7,0.0547,0.0055,1.139e-05,CSPII,Ia-91T,0.694,1,0,0.019999999999999574,0.0078102496759066544,0.0,9.19,9.48,9.68,N/A,-1.0,-1.0,none,8.69e-06
SN2014dn,0.0221733,0.0221408,0.466,0.005,16.988,0.066,3.7,0.0161,0.0016,2.607e-06,CSPII,Ia,0.982,0,0,0.6529999999999987,0.01,0.0,10.58,10.65,10.72,N/A,-1.0,-1.0,none,-3.5830000000000003e-06
SN2014eg,0.01862,0.018331,1.177,0.01,15.818,0.04,-0.8,0.0257,0.0026,7.202e-05,CSPII,Ia-91T,0.947,0,1,0.2569999999999997,0.009219544457292887,0.0,11.47,11.62,11.73,N/A,-1.0,-1.0,none,-2.6147e-05
SN2015F,0.0048867,0.0052804,0.887,0.003,12.953,0.024,-14.7,0.1749,0.0175,1.599e-05,CSPII,Ia,0.987,0,1,0.05799999999999983,0.007211102550927979,0.0,10.97,10.97,10.97,N2442,-1.0,0.05,c,5.238e-06
SNhunt281,0.0040667,0.004706,0.693,0.003,14.006,0.017,-3.0,0.0454,0.0045,-4.832e-06,CSPII,Ia,0.947,0,1,0.04499999999999993,0.007071067811865475,0.0,9.66,9.75,9.85,N/A,-1.0,-1.0,none,-1.6239999999999996e-06
