name,zhel,zcmb,st,est,Mmax,eMmax,t0,EBVmw,eEBVmw,covMs,dist,sample,subtype,quality,cosmo,phys,BV,eBV,covBV_M
ASAS14ad,0.0264,0.0274352,1.013,0.004,16.389,0.005,-8.7,0.0159,0.0016,3.993e-06,Ho,CSPII,Ia,0.973,0,1,-0.030,0.011,0.000000
ASAS14hp,0.0388933,0.0386676,1.077,0.01,16.743,0.005,-6.0,0.0295,0.0029,1.611e-05,Ho,CSPII,Ia,0.984,1,0,-0.055,0.005,0.000000
ASAS14hr,0.0335967,0.0327196,0.803,0.009,17.028,0.011,-7.3,0.0131,0.0013,3.206e-05,Ho,CSPII,Ia,0.985,1,0,0.053,0.013,0.000000
ASAS14hu,0.0215851,0.0218919,1.05,0.007,15.549,0.005,-8.4,0.0612,0.0061,8.928e-06,Ho,CSPII,Ia,0.983,0,1,-0.052,0.006,0.000000
ASAS14jc,0.0113167,0.0117796,0.914,0.005,15.1,0.008,-6.6,0.1346,0.0135,7.991e-06,Ho,CSPII,Ia,0.962,0,1,0.426,0.010,0.000000
ASAS14jg,0.0148167,0.014347,1.3,0.017,14.848,0.025,-0.8,0.0128,0.0013,-5.627e-06,Ho,CSPII,Ia,0.961,0,1,0.068,0.059,0.000000
ASAS14jz,0.0157891,0.0156168,0.985,0.005,14.764,0.005,-9.9,0.0472,0.0047,1.234e-06,Ho,CSPII,Ia,0.952,0,0,-0.045,0.006,0.000000
ASAS14kd,0.0243,0.0230683,1.174,0.007,16.025,0.006,-9.4,0.0574,0.0057,8.819e-06,Ho,CSPII,Ia-91T,0.941,0,0,0.221,0.007,0.000000
ASAS14kq,0.0335767,0.0325972,1.157,0.011,16.71,0.009,-7.5,0.0155,0.0016,5.594e-05,Ho,CSPII,Ia,0.961,1,0,-0.038,0.011,0.000000
ASAS14lo,0.0199167,0.0210151,0.95,0.018,15.916,0.027,0.9,0.0282,0.0028,-8.326e-06,Ho,CSPII,Ia,0.979,0,1,0.116,0.061,0.000000
ASAS14lp,0.0050967,0.0062254,1.027,0.004,11.889,0.005,-15.4,0.0213,0.0021,4.949e-06,Ho,CSPII,Ia,0.335,0,1,0.237,0.006,0.000000
ASAS14lq,0.0261733,0.0250833,1.005,0.024,16.052,0.039,4.2,0.0275,0.0028,-6.35e-05,Ho,CSPII,Ia,0.977,0,1,0.013,0.078,0.000000
ASAS14lt,0.0320233,0.0314552,0.947,0.008,16.456,0.012,-4.9,0.0474,0.0047,8.117e-06,Ho,CSPII,Ia,0.984,1,0,-0.034,0.016,0.000000
ASAS14lw,0.0208855,0.0202609,1.156,0.009,15.69,0.008,-11.5,0.0117,0.0012,2.135e-05,Ho,CSPII,Ia,0.939,0,1,-0.010,0.011,0.000000
ASAS14me,0.0178,0.017386,1.078,0.005,15.19,0.005,-13.2,0.0175,0.0018,6.059e-06,Ho,CSPII,Ia,0.981,0,1,0.001,0.006,0.000000
ASAS14mf,0.03108,0.0301521,0.982,0.005,16.558,0.008,-6.1,0.0125,0.0013,1.603e-06,Ho,CSPII,Ia,0.984,1,0,-0.022,0.011,0.000000
ASAS14mw,0.0273867,0.0271207,1.063,0.007,16.014,0.004,-8.3,0.0179,0.0018,1.019e-05,Ho,CSPII,Ia,0.984,1,1,-0.042,0.005,0.000000
ASAS14my,0.0205,0.0217279,0.921,0.005,15.625,0.007,-9.5,0.0316,0.0032,8.35e-06,Ho,CSPII,Ia,0.975,0,1,0.007,0.010,0.000000
ASAS15aj,0.0109133,0.0120218,0.83,0.007,14.545,0.007,-3.8,0.0656,0.0066,3.19e-06,Ho,CSPII,Ia,0.952,0,1,0.095,0.009,0.000000
ASAS15al,0.0337766,0.0337612,1.079,0.027,16.921,0.026,-1.4,0.0293,0.0029,2.049e-05,Ho,CSPII,Ia,0.916,1,0,0.043,0.059,0.000000
ASAS15as,0.0286801,0.0297845,1.077,0.014,16.299,0.006,-3.0,0.0398,0.004,2.184e-05,Ho,CSPII,Ia,0.985,1,1,0.018,0.008,0.000000
ASAS15ba,0.0231167,0.0239771,0.965,0.004,16.063,0.005,-3.4,0.0223,0.0022,-3.77e-07,Ho,CSPII,Ia,0.983,0,1,0.000,0.006,0.000000
ASAS15be,0.0218833,0.0213892,1.14,0.005,15.717,0.005,-9.4,0.0167,0.0017,8.179e-06,Ho,CSPII,Ia,0.976,0,1,0.008,0.006,0.000000
ASAS15bm,0.0207856,0.0214395,0.989,0.005,15.655,0.007,-9.1,0.069,0.0069,5.31e-06,Ho,CSPII,Ia,0.976,0,1,0.119,0.010,0.000000
ASAS15cb,0.04001,0.0411361,1.088,0.052,17.046,0.04,0.1,0.0279,0.0028,0.0003778,Ho,CSPII,Ia,0.583,1,0,0.102,0.079,0.000000
ASAS15cd,0.0342863,0.0353887,1.001,0.005,16.862,0.007,-5.0,0.0261,0.0026,3.062e-06,Ho,CSPII,Ia,0.983,1,0,-0.030,0.009,0.000000
ASAS15da,0.0487,0.0488203,0.851,0.025,17.795,0.034,1.2,0.0303,0.003,-5.119e-05,Ho,CSPII,Ia,0.973,1,0,-0.133,0.076,0.000000
ASAS15db,0.01099,0.0113676,0.953,0.003,14.596,0.005,-7.5,0.029,0.0029,9.834e-07,Ho,CSPII,Ia,0.975,0,0,0.078,0.007,0.000000
ASAS15dd,0.0243567,0.0247417,0.849,0.006,16.129,0.006,-2.0,0.0461,0.0046,-3.068e-06,Ho,CSPII,Ia,0.962,0,0,-0.017,0.009,0.000000
ASAS15eb,0.01647,0.0173082,0.82,0.018,15.448,0.013,-2.0,0.1652,0.0165,-4.847e-05,Ho,CSPII,Ia,0.978,0,1,-0.136,0.016,0.000000
ASAS15fr,0.0334133,0.0345082,0.905,0.021,16.93,0.03,0.1,0.0321,0.0032,-1.246e-05,Ho,CSPII,Ia-91T,0.978,1,1,-0.147,0.066,0.000000
ASAS15ga,0.0066267,0.0076517,0.5,0.031,14.974,0.232,-5.5,0.0236,0.0024,0.001791,Ho,CSPII,Ia-91bg,0.966,0,1,0.421,0.051,0.000000
ASAS15go,0.01891,0.0192546,1.072,0.011,15.832,0.006,-5.7,0.1369,0.0137,2.057e-05,Ho,CSPII,Ia,0.981,0,1,0.214,0.006,0.000000
ASAS15gr,0.0242832,0.0247678,1.031,0.006,15.947,0.005,-4.9,0.0823,0.0082,1.714e-06,Ho,CSPII,Ia,0.983,0,1,-0.046,0.006,0.000000
ASAS15hf,0.0061733,0.0072452,0.939,0.005,14.056,0.009,-9.1,0.0854,0.0085,7.806e-06,Ho,CSPII,Ia,0.961,0,1,0.004,0.010,0.000000
ASAS15hg,0.02975,0.0308678,0.824,0.02,16.847,0.027,0.6,0.041,0.0041,-1.07e-05,Ho,CSPII,Ia,0.985,1,0,0.048,0.061,0.000000
ASAS15hx,0.0083,0.0092051,1.034,0.004,13.272,0.005,-12.8,0.0415,0.0042,5.242e-06,Ho,CSPII,Ia,0.909,0,1,-0.035,0.005,0.000000
CSP12G,0.0369744,0.0379661,1.158,0.029,17.128,0.038,6.7,0.0283,0.0028,0.0001721,Ho,CSPII,Ia,0.985,1,0,0.109,0.075,0.000000
CSP12J,0.01468,0.0149235,0.484,0.025,15.806,0.052,2.2,0.0678,0.0068,-0.0001521,Ho,CSPII,Ia,0.917,0,0,0.555,0.128,0.000000
CSP12N,0.0971328,0.0982741,1.062,0.011,18.849,0.006,-10.6,0.0429,0.0043,2.303e-05,Ho,CSPII,Ia,0.985,1,0,-0.110,0.008,0.000000
CSP13N,0.04776,0.0487969,1.145,0.024,17.135,0.029,1.1,0.0238,0.0024,3.523e-05,Ho,CSPII,Ia-91T,0.976,1,0,-0.015,0.065,0.000000
CSP13Q,0.089,0.0887656,0.768,0.243,19.119,0.051,0.7,0.0287,0.0029,-0.005025,Ho,CSPII,Ia,0.986,1,0,-0.046,0.082,0.000000
CSP13V,0.0599585,0.0611394,1.069,0.049,17.835,0.025,15.0,0.0474,0.0047,-0.0005223,Ho,CSPII,Ia,0.987,0,0,-0.075,0.114,0.000000
CSP13Z,0.0788454,0.0800694,1.215,0.017,18.28,0.009,-9.9,0.0484,0.0048,4.839e-05,Ho,CSPII,Ia-91T,0.98,1,0,-0.026,0.012,0.000000
CSP13aad,0.0868,0.0865709,1.193,0.035,18.692,0.036,0.6,0.0206,0.0021,0.0001877,Ho,CSPII,Ia,0.979,1,0,0.029,0.073,0.000000
CSP13aaf,0.0775863,0.0787193,1.131,0.015,18.444,0.006,-7.7,0.0222,0.0022,8.779e-06,Ho,CSPII,Ia,0.978,1,0,-0.056,0.008,0.000000
CSP13aam,0.0749481,0.0750921,1.138,0.014,18.136,0.007,-3.4,0.1643,0.0164,2.036e-05,Ho,CSPII,Ia,0.968,1,0,-0.150,0.011,0.000000
CSP13aao,0.0613575,0.0616022,0.7,0.051,18.134,0.045,-0.6,0.0444,0.0044,-0.0004292,Ho,CSPII,Ia,0.978,1,0,0.123,0.088,0.000000
CSP13aaq,0.0597586,0.0597706,0.984,0.007,18.171,0.009,-8.3,0.0293,0.0029,9.168e-06,Ho,CSPII,Ia,0.969,1,0,-0.057,0.012,0.000000
CSP13aay,0.0589592,0.0587551,1.142,0.012,18.28,0.007,-3.8,0.0159,0.0016,1.985e-05,Ho,CSPII,Ia,0.955,1,0,0.037,0.009,0.000000
CSP13abl,0.0403721,0.0406288,0.812,0.05,19.646,0.021,-6.2,0.0862,0.0086,0.00057,Ho,CSPII,Ia,0.42,1,0,1.061,0.063,0.000000
CSP13abm,0.0281805,0.027529,1.14,0.009,16.438,0.006,-6.1,0.1485,0.0149,7.245e-06,Ho,CSPII,Ia,0.747,0,1,-0.018,0.008,0.000000
CSP13abs,0.0771466,0.0783462,1.22,0.018,18.342,0.013,-9.4,0.0208,0.0021,5.734e-05,Ho,CSPII,Ia-91T,0.983,1,0,-0.062,0.016,0.000000
CSP14aal,0.0774464,0.0785493,1.087,0.029,18.344,0.01,-5.4,0.0263,0.0026,0.0001213,Ho,CSPII,Ia,0.987,1,0,-0.078,0.012,0.000000
CSP14aaq,0.0359133,0.0361755,0.905,0.015,16.794,0.018,-8.0,0.0524,0.0052,5.803e-05,Ho,CSPII,Ia,0.986,1,0,-0.085,0.021,0.000000
CSP14aar,0.0421708,0.0423854,0.982,0.01,17.18,0.006,-2.4,0.0934,0.0093,-1.807e-06,Ho,CSPII,Ia,0.986,1,0,-0.016,0.009,0.000000
CSP14abk,0.0797448,0.0797387,0.963,0.025,17.939,0.019,-6.1,0.0663,0.0066,5.186e-05,Ho,CSPII,Ia,0.0,0,0,0.082,0.028,0.000000
CSP14abn,0.0225,0.0232746,1.004,0.004,15.732,0.004,-2.9,0.0747,0.0075,-2.684e-06,Ho,CSPII,Ia,0.976,0,0,-0.036,0.004,0.000000
CSP14acl,0.0299792,0.0289327,0.959,0.008,16.762,0.011,-1.5,0.0264,0.0026,-1.503e-05,Ho,CSPII,Ia,0.081,0,0,-0.081,0.015,0.000000
CSP14acy,0.0663741,0.0660269,1.215,0.035,17.759,0.035,-2.5,0.0174,0.0017,0.0001524,Ho,CSPII,Ia-91T,0.027,1,0,0.085,0.072,0.000000
CSP14adc,0.03244,0.031651,0.815,0.009,16.932,0.008,-4.3,0.0949,0.0095,-1.873e-06,Ho,CSPII,Ia,0.976,1,1,0.219,0.011,0.000000
CSP14ade,0.0624568,0.0626358,1.181,0.012,17.73,0.01,-10.1,0.077,0.0077,4.913e-05,Ho,CSPII,Ia-91T,0.963,1,0,0.034,0.011,0.000000
CSP15B,0.0198862,0.0208198,0.72,0.006,15.953,0.007,-5.2,0.0641,0.0064,2.005e-06,Ho,CSPII,Ia,0.966,0,1,0.132,0.011,0.000000
CSP15aae,0.0161833,0.0169733,0.505,0.005,16.223,0.007,-9.3,0.0226,0.0023,9.88e-06,Ho,CSPII,Ia-91bg,0.981,0,1,0.455,0.011,0.000000
KISS13j,0.0765333,0.0776331,0.872,0.028,18.711,0.016,-2.6,0.0326,0.0033,-2.629e-06,Ho,CSPII,Ia,0.963,1,0,0.132,0.022,0.000000
KISS13l,0.1320086,0.1330018,1.106,0.064,19.674,0.038,-0.3,0.0137,0.0014,5.296e-05,Ho,CSPII,Ia,0.987,1,0,-0.033,0.088,0.000000
KISS13v,0.0954,0.0962132,0.985,0.015,19.218,0.013,-10.6,0.0195,0.002,3.8e-05,Ho,CSPII,Ia,0.98,1,0,0.085,0.018,0.000000
KISS15m,0.02432,0.0253844,0.429,0.009,17.543,0.024,-9.4,0.0277,0.0028,0.0001384,Ho,CSPII,Ia-91bg,0.958,0,0,0.620,0.031,0.000000
KISS15n,0.023084,0.0239783,1.241,0.009,15.556,0.008,-17.1,0.0088,0.0009,2.146e-05,Ho,CSPII,Ia-91T,0.85,0,1,0.102,0.009,0.000000
LSQ11bk,0.0402721,0.0400251,1.071,0.015,17.086,0.007,-2.5,0.0936,0.0094,2.151e-05,Ho,CSPII,Ia,0.967,1,0,-0.079,0.011,0.000000
LSQ11ot,0.02732,0.0273222,0.982,0.003,17.425,0.004,-6.7,0.1581,0.0158,2.027e-06,Ho,CSPII,Ia,0.976,1,1,0.318,0.006,0.000000
LSQ11pn,0.0326533,0.0326611,0.507,0.008,17.207,0.012,-7.6,0.1457,0.0146,3.772e-05,Ho,CSPII,Ia,0.948,1,1,0.285,0.018,0.000000
LSQ12agq,0.0641556,0.0653581,1.152,0.027,18.391,0.032,0.7,0.0371,0.0037,6.531e-05,Ho,CSPII,Ia,0.986,1,0,0.084,0.074,0.000000
LSQ12aor,0.0933354,0.0945588,0.827,0.021,19.411,0.013,-6.4,0.0415,0.0042,3.454e-05,Ho,CSPII,Ia,0.986,1,0,-0.088,0.026,0.000000
LSQ12bld,0.0833623,0.084303,0.892,0.01,18.97,0.009,-9.1,0.0233,0.0023,3.535e-05,Ho,CSPII,Ia,0.987,1,0,0.101,0.016,0.000000
LSQ12btn,0.0541733,0.0552706,0.832,0.009,18.147,0.008,-2.9,0.0333,0.0033,1.571e-07,Ho,CSPII,Ia,0.986,1,0,0.098,0.011,0.000000
LSQ12ca,0.0994,0.0995466,1.195,0.041,19.218,0.041,2.0,0.0417,0.0042,0.0003549,Ho,CSPII,Ia,0.962,0,0,-0.084,0.081,0.000000
LSQ12cda,0.1374948,0.1384035,0.814,0.105,20.056,0.072,3.1,0.0284,0.0028,-0.004088,Ho,CSPII,Ia,0.859,1,0,0.087,0.119,0.000000
LSQ12cdl,0.1079253,0.1090245,0.988,0.045,19.347,0.034,-1.1,0.0492,0.0049,-0.0001581,Ho,CSPII,Ia,0.986,1,0,-0.143,0.075,0.000000
LSQ12fuk,0.0205857,0.0205571,1.003,0.006,15.766,0.006,-1.7,0.0714,0.0071,-9.451e-06,Ho,CSPII,Ia,0.982,0,1,-0.009,0.012,0.000000
LSQ12fvl,0.05593,0.055977,0.61,0.008,18.547,0.009,-7.8,0.0179,0.0018,1.094e-06,Ho,CSPII,Ia,0.981,1,0,0.251,0.016,0.000000
LSQ12fxd,0.03122,0.0313344,1.161,0.006,16.379,0.005,-12.2,0.0217,0.0022,1.066e-05,Ho,CSPII,Ia,0.98,1,1,-0.008,0.006,0.000000
LSQ12gdj,0.0303033,0.0292813,1.167,0.007,16.022,0.006,-13.6,0.0199,0.002,8.328e-06,Ho,CSPII,Ia-91T,0.969,1,1,-0.035,0.007,0.000000
LSQ12gef,0.0641556,0.0631798,1.18,0.034,18.541,0.03,-2.3,0.0512,0.0051,9.121e-05,Ho,CSPII,Ia,0.987,0,0,0.265,0.067,0.000000
LSQ12gln,0.1020294,0.1021611,1.113,0.02,19.157,0.009,-5.9,0.0201,0.002,5.594e-05,Ho,CSPII,Ia,0.986,1,0,-0.072,0.012,0.000000
LSQ12gxj,0.0353,0.034596,1.107,0.009,17.758,0.004,-11.8,0.0571,0.0057,8.912e-06,Ho,CSPII,Ia,0.655,0,0,0.262,0.006,0.000000
LSQ12gyc,0.0931355,0.0924863,1.145,0.024,18.906,0.006,-2.9,0.0211,0.0021,3.007e-05,Ho,CSPII,Ia,0.98,0,0,-0.047,0.010,0.000000
LSQ12gzm,0.0999308,0.0993978,1.113,0.044,19.496,0.009,-7.8,0.0208,0.0021,-0.0001034,Ho,CSPII,Ia,0.986,0,0,0.033,0.012,0.000000
LSQ12hjm,0.0713506,0.0707978,0.963,0.005,18.47,0.004,-7.2,0.0246,0.0025,3.84e-06,Ho,CSPII,Ia,0.982,0,0,-0.068,0.006,0.000000
LSQ12hno,0.0472673,0.0468084,0.989,0.015,17.902,0.008,-2.5,0.0994,0.0099,-1.244e-05,Ho,CSPII,Ia,0.983,1,0,0.046,0.010,0.000000
LSQ12hnr,0.1243,0.1255265,1.167,0.038,19.525,0.03,-0.3,0.0324,0.0032,9.029e-05,Ho,CSPII,Ia,0.982,1,0,0.005,0.067,0.000000
LSQ12hvj,0.0712507,0.0723911,1.206,0.014,18.35,0.007,-8.1,0.0458,0.0046,2.374e-05,Ho,CSPII,Ia,0.986,1,0,0.080,0.009,0.000000
LSQ12hxx,0.06936,0.0689135,1.204,0.023,18.241,0.012,-3.4,0.0153,0.0015,0.000103,Ho,CSPII,Ia,0.986,1,0,0.077,0.017,0.000000
LSQ12hzj,0.0334,0.0345752,0.97,0.004,16.669,0.005,-5.5,0.0569,0.0057,3.537e-06,Ho,CSPII,Ia,0.985,1,1,-0.070,0.007,0.000000
LSQ12hzs,0.07208,0.0718169,1.145,0.012,18.734,0.007,-9.7,0.0227,0.0023,8.701e-06,Ho,CSPII,Ia,0.985,1,0,0.100,0.011,0.000000
LSQ13abo,0.0674467,0.0681328,0.877,0.019,18.533,0.014,-8.3,0.0906,0.0091,0.0001252,Ho,CSPII,Ia,0.986,1,0,0.205,0.028,0.000000
LSQ13aiz,0.0092,0.0102493,0.964,0.006,13.561,0.015,-9.8,0.0788,0.0079,1.075e-05,Ho,CSPII,Ia,0.716,0,1,0.080,0.009,0.000000
LSQ13cwp,0.0666,0.0662474,0.94,0.016,18.322,0.014,-8.0,0.1326,0.0133,6.512e-05,Ho,CSPII,Ia,0.986,1,0,0.086,0.020,0.000000
LSQ13dby,0.0999308,0.0995683,1.14,0.014,19.258,0.007,-8.0,0.0093,0.0009,5.621e-06,Ho,CSPII,Ia,0.865,1,0,-0.044,0.009,0.000000
LSQ13dcy,0.0801,0.0800671,1.213,0.042,19.035,0.017,-5.7,0.0408,0.0041,3.003e-05,Ho,CSPII,Ia,0.929,1,0,0.095,0.023,0.000000
LSQ13dhj,0.0935,0.0929027,1.16,0.019,18.977,0.012,-9.0,0.0132,0.0013,3.425e-05,Ho,CSPII,Ia,0.985,1,0,0.057,0.019,0.000000
LSQ13dkp,0.0689367,0.0685268,0.657,0.008,18.844,0.009,-6.3,0.0145,0.0015,1.858e-06,Ho,CSPII,Ia,0.963,1,0,0.019,0.013,0.000000
LSQ13dpm,0.0508648,0.0520617,1.055,0.009,17.788,0.004,-9.4,0.0529,0.0053,1.279e-05,Ho,CSPII,Ia,0.984,1,0,-0.013,0.005,0.000000
LSQ13dqh,0.1038,0.1035425,1.197,0.02,19.368,0.009,-8.1,0.0501,0.005,4.212e-05,Ho,CSPII,Ia,0.969,1,0,-0.039,0.016,0.000000
LSQ13dsm,0.0423707,0.0419767,0.908,0.004,17.363,0.006,-13.0,0.0088,0.0009,5.645e-06,Ho,CSPII,Ia,0.984,1,0,-0.024,0.008,0.000000
LSQ13lq,0.0755477,0.0765051,1.054,0.012,18.217,0.005,-7.8,0.0215,0.0022,1.885e-05,Ho,CSPII,Ia,0.951,1,0,-0.076,0.006,0.000000
LSQ13pf,0.0860404,0.0870045,0.917,0.038,19.319,0.033,-0.0,0.0558,0.0056,-5.948e-05,Ho,CSPII,Ia-91T,0.957,1,0,0.216,0.072,0.000000
LSQ13ry,0.0298367,0.031032,0.88,0.006,16.7,0.009,-13.4,0.0403,0.004,1.282e-05,Ho,CSPII,Ia,0.971,1,1,-0.050,0.011,0.000000
LSQ13vy,0.0417711,0.0421068,0.892,0.005,17.582,0.006,-7.0,0.0676,0.0068,9.22e-06,Ho,CSPII,Ia,0.985,1,0,0.075,0.008,0.000000
LSQ14act,0.05905,0.0594518,0.701,0.008,18.414,0.008,-4.7,0.2269,0.0227,2.243e-06,Ho,CSPII,Ia,0.976,1,0,-0.002,0.011,0.000000
LSQ14age,0.0805442,0.0815802,1.115,0.014,18.577,0.01,-13.9,0.0576,0.0058,6.021e-05,Ho,CSPII,Ia,0.976,1,0,-0.019,0.013,0.000000
LSQ14ahc,0.0508648,0.0517592,1.252,0.01,17.383,0.008,-11.0,0.0461,0.0046,2.864e-05,Ho,CSPII,Ia,0.986,1,0,-0.020,0.011,0.000000
LSQ14ahm,0.0497655,0.0509869,1.161,0.009,17.411,0.008,-12.9,0.0274,0.0027,1.756e-05,Ho,CSPII,Ia,0.986,1,0,-0.059,0.011,0.000000
LSQ14ajn,0.02101,0.0221584,0.654,0.004,16.299,0.006,-2.0,0.0193,0.0019,-9.294e-06,Ho,CSPII,Ia,0.979,0,1,0.066,0.009,0.000000
LSQ14asu,0.0683967,0.069594,0.775,0.012,18.937,0.008,-4.8,0.0372,0.0037,7.111e-06,Ho,CSPII,Ia,0.927,1,0,0.004,0.011,0.000000
LSQ14auy,0.0824129,0.0832263,1.136,0.014,18.749,0.008,-6.4,0.0669,0.0067,1.998e-05,Ho,CSPII,Ia,0.987,1,0,-0.009,0.011,0.000000
LSQ14azy,0.0457633,0.0469322,1.136,0.027,17.618,0.031,1.5,0.0164,0.0016,2.649e-05,Ho,CSPII,Ia,0.981,0,0,0.066,0.067,0.000000
LSQ14ba,0.0775463,0.0787677,0.959,0.006,18.843,0.008,-8.2,0.0493,0.0049,1.308e-05,Ho,CSPII,Ia,0.986,1,0,0.034,0.013,0.000000
LSQ14bbv,0.0587593,0.058439,1.039,0.011,17.862,0.005,-4.1,0.0464,0.0046,7.94e-06,Ho,CSPII,Ia,0.986,0,0,0.008,0.006,0.000000
LSQ14bjj,0.0811438,0.0819882,0.996,0.008,18.648,0.007,-5.9,0.0408,0.0041,1.546e-07,Ho,CSPII,Ia,0.986,1,0,-0.082,0.009,0.000000
LSQ14fms,0.077946,0.0773231,0.849,0.015,18.787,0.011,-4.4,0.0143,0.0014,1.715e-05,Ho,CSPII,Ia,0.986,1,0,0.165,0.016,0.000000
LSQ14foj,0.0460667,0.0451705,1.015,0.01,17.333,0.011,-12.4,0.0121,0.0012,2.259e-05,Ho,CSPII,Ia,0.986,1,0,0.047,0.011,0.000000
LSQ14fom,0.05626,0.0553279,0.947,0.009,17.828,0.009,-9.5,0.0184,0.0018,1.109e-05,Ho,CSPII,Ia,0.978,1,0,0.021,0.011,0.000000
LSQ14gfb,0.0527067,0.0527873,0.605,0.035,18.856,0.025,-2.7,0.0159,0.0016,-0.0002031,Ho,CSPII,Ia,0.985,1,0,0.526,0.064,0.000000
LSQ14gfn,0.1216158,0.1210925,0.991,0.023,19.428,0.014,-5.4,0.0332,0.0033,-4.097e-05,Ho,CSPII,Ia,0.967,1,0,0.037,0.021,0.000000
LSQ14ghv,0.0666539,0.0662566,0.949,0.009,18.473,0.008,-5.0,0.0088,0.0009,1.512e-06,Ho,CSPII,Ia,0.981,1,0,-0.022,0.011,0.000000
LSQ14gov,0.089538,0.0892443,1.141,0.008,18.718,0.006,-11.4,0.0357,0.0036,1.431e-05,Ho,CSPII,Ia,0.985,1,0,-0.105,0.009,0.000000
LSQ14ie,0.089538,0.0905466,1.155,0.01,18.875,0.008,-10.4,0.0717,0.0072,2.753e-05,Ho,CSPII,Ia,0.983,1,0,-0.023,0.011,0.000000
LSQ14ip,0.0612967,0.0624196,0.522,0.009,19.042,0.013,-9.7,0.0373,0.0037,4.352e-05,Ho,CSPII,Ia,0.987,1,0,0.345,0.021,0.000000
LSQ14jp,0.04539,0.0464896,0.677,0.007,17.993,0.007,-10.0,0.053,0.0053,7.631e-06,Ho,CSPII,Ia,0.986,1,0,0.123,0.009,0.000000
LSQ14mc,0.05662,0.0575661,0.964,0.004,17.948,0.005,-7.9,0.0207,0.0021,3.729e-06,Ho,CSPII,Ia,0.986,1,0,-0.029,0.006,0.000000
LSQ14q,0.0669503,0.067871,0.958,0.004,18.335,0.006,-14.0,0.0198,0.002,5.765e-06,Ho,CSPII,Ia,0.987,1,0,-0.047,0.008,0.000000
LSQ14wp,0.0694519,0.0706148,1.138,0.011,18.107,0.007,-9.9,0.0207,0.0021,2.09e-05,Ho,CSPII,Ia-91T,0.984,1,0,-0.050,0.010,0.000000
LSQ14xi,0.0507429,0.0519014,1.142,0.011,17.991,0.008,-10.8,0.0368,0.0037,1.234e-05,Ho,CSPII,Ia,0.986,1,0,0.212,0.011,0.000000
LSQ15aae,0.0515643,0.0517701,1.226,0.008,17.773,0.006,-8.4,0.0616,0.0062,1.834e-05,Ho,CSPII,Ia-91T,0.982,1,0,0.079,0.008,0.000000
LSQ15agh,0.0599585,0.0610193,1.14,0.008,17.885,0.006,-7.8,0.0216,0.0022,1.275e-05,Ho,CSPII,Ia,0.987,1,0,-0.036,0.008,0.000000
LSQ15aja,0.0699516,0.0699657,1.027,0.01,18.225,0.01,-10.6,0.0545,0.0054,2.212e-05,Ho,CSPII,Ia,0.984,1,0,-0.092,0.009,0.000000
LSQ15alq,0.0470667,0.0480953,0.92,0.005,17.39,0.005,-13.3,0.0668,0.0067,7.408e-06,Ho,CSPII,Ia,0.97,1,0,-0.004,0.006,0.000000
LSQ15bv,0.0689,0.0701168,0.955,0.01,18.278,0.012,-2.0,0.0443,0.0044,9.979e-06,Ho,CSPII,Ia,0.985,1,0,-0.003,0.017,0.000000
PS1-13eao,0.0377533,0.037362,0.893,0.047,19.6,0.017,-3.2,0.0107,0.0011,0.000273,Ho,CSPII,Ia,0.0,1,0,1.509,0.100,0.000000
PS1-14ra,0.0280833,0.0287982,0.778,0.006,16.593,0.005,-1.3,0.023,0.0023,-1.674e-06,Ho,CSPII,Ia,0.984,1,1,0.052,0.006,0.000000
PS1-14rx,0.0669536,0.0680019,0.848,0.018,18.618,0.019,-9.4,0.0266,0.0027,0.0001343,Ho,CSPII,Ia,0.981,1,0,-0.022,0.028,0.000000
PS1-14xw,0.0245,0.0245957,1.036,0.01,15.842,0.005,-4.7,0.0656,0.0066,6.123e-06,Ho,CSPII,Ia,0.975,0,0,0.018,0.006,0.000000
PS15sv,0.033277,0.0335844,1.113,0.014,16.508,0.009,-5.0,0.0782,0.0078,4.538e-05,Ho,CSPII,Ia-91T,0.977,1,1,0.013,0.013,0.000000
PTF11pbp,0.0289033,0.0276702,1.157,0.007,16.34,0.006,-8.7,0.0507,0.0051,1.46e-05,Ho,CSPII,Ia,0.984,1,1,0.051,0.007,0.000000
PTF11ppn,0.0672534,0.0661869,0.66,0.038,18.507,0.067,5.6,0.132,0.0132,-0.0004085,Ho,CSPII,Ia-91bg,0.154,1,0,0.245,0.164,0.000000
PTF11pra,0.0175433,0.0167242,0.442,0.017,16.961,0.025,-2.2,0.0243,0.0024,2.495e-07,Ho,CSPII,Ia,0.981,0,0,0.935,0.061,0.000000
PTF11qnr,0.0162167,0.0149985,0.807,0.008,15.478,0.008,-10.5,0.0556,0.0056,1.454e-05,Ho,CSPII,Ia,0.979,0,1,0.255,0.009,0.000000
PTF13anh,0.0614575,0.0624543,0.944,0.007,18.2,0.007,-12.1,0.0224,0.0022,1.373e-05,Ho,CSPII,Ia,0.979,1,0,-0.172,0.018,0.000000
PTF13duj,0.01694,0.015867,1.158,0.013,15.087,0.011,-9.3,0.0665,0.0067,3.445e-05,Ho,CSPII,Ia,0.965,0,1,0.052,0.011,0.000000
PTF13dwl,0.0874395,0.0863561,1.114,0.023,18.704,0.009,-6.9,0.0613,0.0061,8.76e-06,Ho,CSPII,Ia,0.987,1,0,0.017,0.011,0.000000
PTF13dym,0.04213,0.0409061,0.517,0.024,17.477,0.033,-8.3,0.0379,0.0038,0.0002377,Ho,CSPII,Ia-91bg,0.0,1,0,0.097,0.049,0.000000
PTF13dyt,0.1099239,0.109862,0.942,0.065,20.003,0.066,-8.5,0.0458,0.0046,0.0007965,Ho,CSPII,Ia-pec,,0,0,-0.253,0.090,0.000000
PTF13ebh,0.01326,0.012484,0.632,0.004,14.915,0.008,-14.8,0.0668,0.0067,5.134e-06,Ho,CSPII,Ia,0.975,0,1,0.117,0.009,0.000000
PTF13efe,0.0749481,0.0758465,1.159,0.011,18.308,0.009,-11.4,0.0213,0.0021,2.127e-05,Ho,CSPII,Ia,0.987,1,0,-0.022,0.012,0.000000
PTF13ez,0.0434699,0.0445375,0.896,0.012,17.469,0.017,-3.3,0.0429,0.0043,-1.79e-05,Ho,CSPII,Ia,0.982,1,0,0.165,0.031,0.000000
PTF14aaf,0.0588167,0.0595653,1.169,0.01,17.994,0.008,-14.2,0.0288,0.0029,3.735e-05,Ho,CSPII,Ia,0.986,0,0,0.044,0.011,0.000000
PTF14aje,0.0276708,0.0282271,0.685,0.006,17.682,0.006,-6.7,0.1524,0.0152,-1.33e-06,Ho,CSPII,Ia,0.978,1,0,0.582,0.014,0.000000
PTF14fpg,0.034,0.03283,1.079,0.012,16.865,0.007,-10.7,0.0258,0.0026,2.487e-05,Ho,CSPII,Ia,0.784,1,1,0.003,0.008,0.000000
PTF14gnl,0.05369,0.0525349,1.02,0.006,17.598,0.007,-14.9,0.0268,0.0027,8.016e-06,Ho,CSPII,Ia,0.984,1,0,-0.060,0.009,0.000000
PTF14uo,0.0912368,0.0922406,1.123,0.016,18.865,0.007,-7.9,0.0161,0.0016,1.524e-05,Ho,CSPII,Ia,0.987,1,0,-0.060,0.009,0.000000
PTF14w,0.0188933,0.0200839,0.743,0.004,16.073,0.004,-7.6,0.0205,0.0021,2.336e-06,Ho,CSPII,Ia,0.975,0,1,0.050,0.005,0.000000
PTF14yw,0.01697,0.0180604,0.854,0.008,15.864,0.009,-5.4,0.0255,0.0026,1.495e-05,Ho,CSPII,Ia,0.411,0,1,-0.043,0.011,0.000000
PTF14yy,0.0429703,0.0440905,0.837,0.01,18.11,0.009,-8.1,0.0198,0.002,4.013e-05,Ho,CSPII,Ia,0.986,1,0,0.252,0.015,0.000000
SN1980N,0.005871,0.0055142,0.903,0.006,12.423,0.017,-2.8,0.018,0.0018,1.097e-05,TRGB,,,,,,0.070,0.012,0.000000
SN1989B,0.002425,0.0035864,0.888,0.024,11.726,0.034,-0.3,0.0284,0.0028,-1.766e-07,TRGB,,,,,,0.366,0.012,0.000000
SN1990N,0.003,0.0040676,1.113,0.006,12.693,0.007,-12.9,0.0223,0.0022,1.166e-05,Ceph,,,,,,0.062,0.009,0.000000
SN1994D,0.00149,0.0026093,0.824,0.005,11.943,0.006,-14.8,0.0191,0.0019,9.897e-06,TRGB,,,,,,-0.047,0.009,0.000000
SN1994ae,0.004,0.0051205,1.05,0.007,12.997,0.005,-13.7,0.0262,0.0026,1.301e-05,"Ceph,TRGB",,,,,,0.063,0.007,0.000000
SN1995al,0.005,0.0058765,1.165,0.012,13.271,0.009,-6.1,0.0117,0.0012,5.272e-05,"Ceph,TRGB",,,,,,0.108,0.012,0.000000
SN1998aq,0.003697,0.0042623,0.969,0.004,12.47,0.005,-11.7,0.0122,0.0012,3.09e-06,Ceph,,,,,,-0.105,0.008,0.000000
SN1998bu,0.0024827,0.0036812,0.968,0.004,11.656,0.008,-4.6,0.0382,0.0038,4.5e-06,"Ceph,TRGB",,,,,,0.345,0.007,0.000000
SN2001el,0.003896,0.0036761,0.959,0.005,12.553,0.009,-12.3,0.0121,0.0012,7.923e-06,"Ceph,TRGB",,,,,,0.145,0.010,0.000000
SN2002fk,0.00712,0.0066137,0.979,0.004,13.366,0.007,-13.7,0.0344,0.0034,4.068e-06,"Ceph,TRGB",,,,,,-0.091,0.008,0.000000
SN2003du,0.0063844,0.0066521,1.004,0.004,13.607,0.006,-12.1,0.0081,0.0008,3.976e-06,Ceph,,,,,,-0.074,0.006,0.000000
SN2004ef,0.0309667,0.02977,0.84,0.003,16.771,0.005,-10.2,0.0458,0.0046,4.172e-06,Ho,CSPI,Ia,0.981,0,0,0.119,0.006,0.000000
SN2004eo,0.01569,0.0147367,0.867,0.005,15.064,0.009,-13.6,0.093,0.0093,1.005e-05,Ho,CSPI,Ia,0.979,0,0,0.023,0.009,0.000000
SN2004ey,0.0157767,0.0146267,1.008,0.003,14.921,0.004,-10.5,0.1197,0.012,1.885e-06,Ho,CSPI,Ia,0.973,0,0,-0.054,0.004,0.000000
SN2004gc,0.0320777,0.0307133,0.91,0.022,16.674,0.032,1.4,0.1781,0.0178,-3.75e-05,Ho,CSPI,Ia,0.98,0,0,0.159,0.069,0.000000
SN2004gs,0.0266267,0.0282767,0.707,0.003,16.958,0.005,-5.3,0.0257,0.0026,4.903e-07,Ho,CSPI,Ia,0.982,0,0,0.205,0.006,0.000000
SN2004gu,0.0458267,0.0468967,1.153,0.011,17.356,0.009,-7.1,0.0223,0.0022,3.398e-05,Ho,CSPI,Ia-06gz,0.986,0,0,0.149,0.014,0.000000
SN2005A,0.0191267,0.01834,0.963,0.007,16.761,0.011,-4.9,0.0259,0.0026,8.137e-06,Ho,CSPI,Ia,0.976,0,0,0.978,0.016,0.000000
SN2005M,0.0219967,0.02558,1.205,0.004,15.984,0.004,-10.9,0.0273,0.0027,3.812e-06,Ho,CSPI,Ia-91T,0.984,0,0,0.018,0.004,0.000000
SN2005W,0.0088833,0.00795,0.938,0.006,14.041,0.006,-9.2,0.0615,0.0062,5.03e-06,Ho,CSPI,Ia,0.967,0,0,0.165,0.008,0.000000
SN2005ag,0.07937,0.08008,1.145,0.009,18.55,0.006,-3.1,0.0331,0.0033,1.653e-05,Ho,CSPI,Ia,0.982,0,0,-0.036,0.008,0.000000
SN2005al,0.0123933,0.0132867,0.868,0.004,15.04,0.006,-2.2,0.0483,0.0048,2.372e-06,Ho,CSPI,Ia,0.909,0,0,-0.058,0.008,0.000000
SN2005am,0.0078933,0.0089667,0.765,0.004,13.646,0.007,-1.7,0.0433,0.0043,2.408e-06,Ho,CSPI,Ia,0.934,0,0,0.065,0.008,0.000000
SN2005be,0.035,0.0355767,0.768,0.022,17.03,0.031,5.1,0.0294,0.0029,-5.459e-05,Ho,CSPI,Ia,0.985,0,0,0.055,0.071,0.000000
SN2005bg,0.02307,0.0241567,1.064,0.039,15.922,0.03,2.0,0.0264,0.0026,-2.148e-05,Ho,CSPI,Ia,0.983,0,0,0.036,0.066,0.000000
SN2005bl,0.0240433,0.0251133,0.429,0.011,17.572,0.031,-9.9,0.025,0.0025,0.0001758,Ho,CSPI,Ia-91bg,0.98,0,0,0.676,0.034,0.000000
SN2005bo,0.0138867,0.0150133,0.883,0.009,15.335,0.006,-1.5,0.0396,0.004,-4.625e-06,Ho,CSPI,Ia,0.962,0,0,0.237,0.006,0.000000
SN2005cf,0.0064611,0.007045,0.973,0.005,13.337,0.008,-13.9,0.0968,0.0097,3.035e-06,Ceph,,,,,,0.005,0.010,0.000000
SN2005el,0.0149,0.0148833,0.864,0.003,15.092,0.01,-6.4,0.0976,0.0098,4.793e-06,Ho,CSPI,Ia,0.973,0,0,-0.080,0.012,0.000000
SN2005eq,0.0289567,0.02835,1.136,0.009,16.334,0.008,-6.0,0.0629,0.0063,2.647e-05,Ho,CSPI,Ia-91T,0.984,0,0,0.055,0.010,0.000000
SN2005hc,0.0459067,0.0444967,1.141,0.007,17.402,0.005,-6.9,0.028,0.0028,7.519e-06,Ho,CSPI,Ia,0.98,0,0,0.013,0.007,0.000000
SN2005hj,0.0579667,0.05695,1.151,0.019,17.773,0.013,-5.2,0.0329,0.0033,6.191e-05,Ho,CSPI,Ia,0.984,0,0,0.080,0.016,0.000000
SN2005iq,0.03402,0.03293,0.882,0.006,16.942,0.009,-6.7,0.0185,0.0019,1.064e-05,Ho,CSPI,Ia,0.965,0,0,-0.031,0.011,0.000000
SN2005ir,0.0763067,0.0752333,1.003,0.014,18.517,0.011,-4.3,0.0265,0.0027,2.354e-06,Ho,CSPI,Ia,0.984,0,0,0.053,0.016,0.000000
SN2005kc,0.01511,0.01389,0.933,0.005,15.313,0.009,-11.9,0.1137,0.0114,5.083e-06,Ho,CSPI,Ia,0.978,0,0,0.234,0.011,0.000000
SN2005ke,0.0048767,0.0044833,0.436,0.003,13.961,0.012,-13.1,0.02,0.002,7.995e-06,Ho,CSPI,Ia-91bg,0.953,0,0,0.662,0.012,0.000000
SN2005ki,0.0191933,0.02037,0.836,0.004,15.696,0.006,-11.2,0.0267,0.0027,2.884e-06,Ho,CSPI,Ia,0.982,0,0,-0.019,0.007,0.000000
SN2005ku,0.0454067,0.0441833,0.973,0.035,17.495,0.041,-1.0,0.0461,0.0046,-8.724e-05,Ho,CSPI,Ia,0.986,0,0,0.100,0.078,0.000000
SN2005lu,0.0319867,0.0312933,1.063,0.03,16.968,0.033,7.6,0.0218,0.0022,1.95e-05,Ho,CSPI,Ia,0.975,0,0,0.250,0.072,0.000000
SN2005mc,0.0252033,0.0260067,0.666,0.02,16.837,0.03,0.8,0.0379,0.0038,-3.705e-05,Ho,CSPI,Ia,0.982,0,0,0.311,0.066,0.000000
SN2005na,0.0263033,0.0268133,0.97,0.005,16.112,0.007,-3.3,0.0681,0.0068,1.843e-07,Ho,CSPI,Ia,0.976,0,0,-0.015,0.009,0.000000
SN2006D,0.00852,0.00964,0.839,0.003,14.138,0.006,-6.2,0.0394,0.0039,2.673e-06,Ho,CSPI,Ia,0.972,0,0,0.099,0.006,0.000000
SN2006X,0.0052367,0.00632,0.97,0.004,13.568,0.01,-12.3,0.0228,0.0023,4.512e-06,Ho,CSPI,Ia,0.557,0,0,1.213,0.012,0.000000
SN2006ax,0.0167267,0.0179567,1.003,0.004,15.207,0.008,-13.3,0.041,0.0041,4.539e-06,Ho,CSPI,Ia,0.981,0,0,-0.073,0.008,0.000000
SN2006bd,0.0257067,0.0267967,0.395,0.01,17.833,0.026,-5.2,0.0231,0.0023,7.455e-05,Ho,CSPI,Ia-91bg,0.981,0,0,0.733,0.044,0.000000
SN2006bh,0.01084,0.0104933,0.827,0.003,14.431,0.005,-6.1,0.0228,0.0023,2.58e-06,Ho,CSPI,Ia,0.969,0,0,-0.010,0.006,0.000000
SN2006br,0.0245733,0.0255233,0.954,0.032,17.748,0.045,5.9,0.0197,0.002,-0.0001849,Ho,CSPI,Ia,0.982,0,0,0.837,0.097,0.000000
SN2006dd,0.005867,0.0055089,0.951,0.003,12.312,0.006,-12.0,0.0179,0.0018,3.345e-06,TRGB,,,,,,-0.065,0.007,0.000000
SN2006ef,0.01787,0.0170267,0.858,0.02,15.557,0.034,8.8,0.0201,0.002,-1.348e-05,Ho,CSPI,Ia,0.943,0,0,-0.024,0.081,0.000000
SN2006ej,0.0204367,0.0193367,0.845,0.018,15.785,0.011,9.0,0.0296,0.003,3.287e-07,Ho,CSPI,Ia,0.971,0,0,0.028,0.060,0.000000
SN2006eq,0.0494667,0.0483667,0.656,0.022,18.241,0.034,0.7,0.0416,0.0042,-5.361e-05,Ho,CSPI,Ia,0.973,0,0,0.302,0.075,0.000000
SN2006et,0.0221567,0.0216467,1.181,0.006,15.833,0.006,-13.0,0.0165,0.0017,8.78e-06,Ho,CSPI,Ia,0.983,0,0,0.142,0.007,0.000000
SN2006ev,0.0287133,0.0276,0.84,0.021,16.99,0.033,2.5,0.0759,0.0076,-1.045e-05,Ho,CSPI,Ia,0.924,0,0,0.179,0.069,0.000000
SN2006fw,0.0829433,0.0819867,0.901,0.051,18.789,0.048,-3.6,0.028,0.0028,0.0003058,Ho,CSPI,Ia,0.001,0,0,0.109,0.065,0.000000
SN2006gj,0.0283333,0.0269667,0.709,0.007,17.272,0.009,-3.2,0.0705,0.007,-5.503e-06,Ho,CSPI,Ia,0.983,0,0,0.297,0.012,0.000000
SN2006gt,0.04474,0.0436433,0.565,0.009,18.057,0.012,-4.6,0.0323,0.0032,2.517e-05,Ho,CSPI,Ia-91bg,0.982,0,0,0.257,0.016,0.000000
SN2006hb,0.0153333,0.0153367,0.682,0.018,15.474,0.029,2.8,0.0236,0.0024,-1.663e-05,Ho,CSPI,Ia-86G,0.98,0,0,0.186,0.064,0.000000
SN2006hx,0.0454633,0.0444033,0.98,0.012,17.499,0.033,-9.6,0.0256,0.0026,7.063e-05,Ho,CSPI,Ia,0.981,0,0,0.113,0.035,0.000000
SN2006is,0.0313333,0.03142,1.093,0.036,16.269,0.036,3.5,0.029,0.0029,0.0001162,Ho,CSPI,Ia,0.983,0,0,0.038,0.066,0.000000
SN2006kf,0.0212867,0.0208,0.771,0.005,15.998,0.007,-6.0,0.2097,0.021,5.418e-06,Ho,CSPI,Ia,0.981,0,0,0.024,0.009,0.000000
SN2006lu,0.0533667,0.0543967,1.003,0.019,17.708,0.03,3.5,0.0986,0.0099,-1.593e-05,Ho,CSPI,Ia,0.984,0,0,-0.019,0.066,0.000000
SN2006mr,0.0058667,0.00551,0.333,0.004,14.273,0.029,-9.2,0.0179,0.0018,3.827e-05,Ho,CSPI,Ia-91bg,0.947,0,0,0.728,0.028,0.000000
SN2006ob,0.0591967,0.0582567,0.739,0.009,18.292,0.011,-4.3,0.0285,0.0029,4.077e-06,Ho,CSPI,Ia,0.986,0,0,0.124,0.016,0.000000
SN2006os,0.0327867,0.03208,0.941,0.02,17.166,0.03,-0.4,0.1254,0.0125,-9.705e-06,Ho,CSPI,Ia,0.982,0,0,0.318,0.065,0.000000
SN2006py,0.05786,0.0566433,0.966,0.018,17.923,0.013,-3.0,0.0518,0.0052,-2.919e-05,Ho,CSPI,Ia,0.968,0,0,0.086,0.021,0.000000
SN2007A,0.0176333,0.0164633,1.05,0.02,15.533,0.009,-6.3,0.0631,0.0063,5.858e-05,Ho,CSPI,Ia,0.98,0,0,0.202,0.010,0.000000
SN2007N,0.01287,0.014,0.376,0.006,16.786,0.017,-4.8,0.0343,0.0034,3.295e-05,Ho,CSPI,Ia-91bg,0.976,0,0,0.953,0.024,0.000000
SN2007S,0.01387,0.0150233,1.186,0.007,15.3,0.009,-13.3,0.0224,0.0022,1.924e-05,Ho,CSPI,Ia-91T,0.973,0,0,0.366,0.011,0.000000
SN2007af,0.00546,0.00629,0.949,0.002,13.122,0.005,-9.3,0.0338,0.0034,1.695e-06,Ho,CSPI,Ia,0.927,0,0,0.065,0.007,0.000000
SN2007ai,0.03164,0.0319867,1.223,0.013,16.866,0.01,-3.4,0.286,0.0286,5.05e-05,Ho,CSPI,Ia-91T,0.985,0,0,0.183,0.013,0.000000
SN2007al,0.0121133,0.0132629,0.383,0.006,16.464,0.02,-4.3,0.036,0.0036,3.679e-05,Ho,CSPI,Ia-91bg,0.971,0,0,0.693,0.026,0.000000
SN2007as,0.01756,0.0178967,0.889,0.004,15.445,0.007,-1.8,0.1229,0.0123,1.746e-06,Ho,CSPI,Ia,0.98,0,0,0.080,0.009,0.000000
SN2007ax,0.0068567,0.0076367,0.353,0.01,15.384,0.021,-7.0,0.0446,0.0045,5.89e-05,Ho,CSPI,Ia-91bg,0.924,0,0,0.682,0.030,0.000000
SN2007ba,0.0384867,0.0390533,0.568,0.008,17.353,0.015,-9.3,0.0315,0.0032,2.059e-05,Ho,CSPI,Ia-91bg,0.796,0,0,0.327,0.019,0.000000
SN2007bc,0.0207567,0.02185,0.907,0.005,15.867,0.007,-4.2,0.0186,0.0019,4.098e-06,Ho,CSPI,Ia,0.983,0,0,0.033,0.009,0.000000
SN2007bd,0.0309967,0.0318267,0.917,0.006,16.624,0.013,-10.9,0.0289,0.0029,1.285e-05,Ho,CSPI,Ia,0.984,0,0,-0.001,0.016,0.000000
SN2007bm,0.0062067,0.00744,0.906,0.005,13.848,0.031,2.9,0.0354,0.0035,-9.034e-07,Ho,CSPI,Ia,0.958,0,0,0.421,0.009,0.000000
SN2007ca,0.0140567,0.01507,1.078,0.012,15.588,0.009,-10.7,0.057,0.0057,2.604e-05,Ho,CSPI,Ia,0.979,0,0,0.260,0.009,0.000000
SN2007cg,0.0331733,0.0341676,1.07,0.049,17.31,0.041,6.3,0.0686,0.0069,4.47e-06,Ho,CSPI,Ia,0.39,0,0,0.684,0.093,0.000000
SN2007hj,0.0141033,0.0128818,0.633,0.005,15.409,0.008,-3.4,0.0747,0.0075,-3.115e-06,Ho,CSPI,Ia,0.961,0,0,0.215,0.010,0.000000
SN2007hx,0.07976,0.0788733,1.006,0.028,19.115,0.036,-1.2,0.0299,0.003,-2.084e-05,Ho,CSPI,Ia,0.985,0,0,0.214,0.074,0.000000
SN2007jd,0.0725833,0.0719112,0.891,0.036,18.874,0.039,-1.1,0.066,0.0066,-4.684e-05,Ho,CSPI,Ia,0.942,0,0,0.098,0.081,0.000000
SN2007jg,0.0371067,0.0365767,0.939,0.006,17.325,0.009,-4.3,0.0904,0.009,8.549e-06,Ho,CSPI,Ia,0.974,0,0,0.028,0.010,0.000000
SN2007jh,0.0407667,0.0402667,0.599,0.015,17.988,0.018,-4.9,0.0902,0.009,6.226e-05,Ho,CSPI,Ia-86G,0.981,0,0,0.272,0.026,0.000000
SN2007le,0.0067167,0.0055233,1.02,0.004,13.541,0.006,-8.3,0.0287,0.0029,3.749e-06,Ho,CSPI,Ia,0.955,0,0,0.292,0.006,0.000000
SN2007mm,0.066354,0.0688733,0.516,0.014,19.224,0.018,-9.7,0.0313,0.0031,8.877e-05,Ho,CSPI,Ia-86G,0.983,0,0,0.440,0.032,0.000000
SN2007nq,0.045,0.0439033,0.769,0.006,17.461,0.008,-2.6,0.0312,0.0031,-3.056e-06,Ho,CSPI,Ia,0.952,0,0,0.056,0.011,0.000000
SN2007ol,0.05587,0.054882,0.701,0.032,18.185,0.029,-4.9,0.0215,0.0022,-0.0001305,Ho,CSPI,Ia,0.972,0,0,-0.063,0.028,0.000000
SN2007on,0.00649,0.0061833,0.589,0.003,12.969,0.011,-10.4,0.0098,0.001,1.446e-06,TRGB,CSPI,Ia,0.957,0,0,0.115,0.012,0.000000
SN2007so,0.0296667,0.0289285,0.925,0.009,16.429,0.035,22.8,0.1161,0.0116,5.083e-05,Ho,CSPI,Ia,,0,0,0.014,0.076,0.000000
SN2007sr,0.0054733,0.0066557,0.989,0.017,12.693,0.026,5.0,0.0398,0.004,-6.429e-06,"Ceph,TRGB",CSPI,Ia,0.198,0,0,0.159,0.059,0.000000
SN2007st,0.0211667,0.0206508,0.863,0.022,15.707,0.039,3.1,0.0143,0.0014,-4.794e-05,Ho,CSPI,Ia,0.951,0,0,0.149,0.083,0.000000
SN2007ux,0.0308933,0.031996,0.628,0.006,17.249,0.008,-2.1,0.0386,0.0039,-6.194e-06,Ho,CSPI,Ia-86G,0.981,0,0,0.210,0.010,0.000000
SN2008C,0.01661,0.0170667,0.967,0.024,15.483,0.037,2.0,0.072,0.0072,-5.804e-05,Ho,CSPI,Ia,0.981,0,0,0.167,0.074,0.000000
SN2008O,0.03883,0.039318,0.688,0.01,17.714,0.012,-2.8,0.0763,0.0076,-8.765e-06,Ho,CSPI,Ia,0.986,0,0,0.313,0.016,0.000000
SN2008R,0.0134933,0.0128867,0.632,0.006,15.167,0.009,-3.1,0.0618,0.0062,4.82e-06,Ho,CSPI,Ia,0.976,0,0,0.120,0.011,0.000000
SN2008ar,0.02613,0.0272474,0.976,0.004,16.267,0.009,-8.5,0.0311,0.0031,8.978e-06,Ho,CSPI,Ia,0.984,0,0,0.008,0.011,0.000000
SN2008bc,0.0150767,0.0157067,1.057,0.005,14.902,0.005,-7.9,0.2251,0.0225,4.185e-07,Ho,CSPI,Ia,0.979,0,0,-0.028,0.006,0.000000
SN2008bd,0.0300833,0.0312803,0.66,0.038,17.374,0.038,13.8,0.0751,0.0075,-0.001152,Ho,CSPI,Ia-91bg,,0,0,0.339,0.067,0.000000
SN2008bf,0.0234837,0.0245538,1.019,0.004,15.882,0.005,-8.8,0.0296,0.003,3.563e-06,Ho,CSPI,Ia,0.982,0,0,-0.046,0.006,0.000000
SN2008bi,0.0134367,0.0143882,0.512,0.022,16.436,0.052,4.7,0.037,0.0037,5.358e-05,Ho,CSPI,Ia-91bg,0.972,0,0,0.591,0.123,0.000000
SN2008bq,0.0339767,0.0344433,1.153,0.009,16.692,0.007,-2.5,0.0774,0.0077,3.043e-05,Ho,CSPI,Ia,0.983,0,0,0.040,0.009,0.000000
SN2008bt,0.0153533,0.0165796,0.498,0.008,16.153,0.011,-3.9,0.0445,0.0044,3.233e-05,Ho,CSPI,Ia-91bg,0.979,0,0,0.508,0.013,0.000000
SN2008bz,0.0602367,0.0613265,0.948,0.023,18.156,0.03,0.1,0.0226,0.0023,-3.263e-05,Ho,CSPI,Ia,0.957,0,0,-0.044,0.064,0.000000
SN2008cc,0.0103867,0.0101222,0.813,0.018,14.216,0.028,7.3,0.0355,0.0035,-1.438e-05,Ho,CSPI,Ia,0.965,0,0,0.158,0.065,0.000000
SN2008cd,0.0074067,0.0084623,1.08,0.144,16.327,0.061,9.5,0.0592,0.0059,0.00498,Ho,CSPI,Ia,0.87,0,0,1.662,0.136,0.000000
SN2008cf,0.0459682,0.0468269,1.092,0.035,17.233,0.029,-1.1,0.0577,0.0058,5.69e-05,Ho,CSPI,Ia,0.986,0,0,0.009,0.062,0.000000
SN2008ff,0.0191933,0.0186725,1.083,0.009,15.312,0.008,17.6,0.0436,0.0044,1.256e-05,Ho,CSPI,Ia,0.981,0,0,0.177,0.017,0.000000
SN2008fl,0.0199,0.0194172,0.883,0.017,15.666,0.026,1.7,0.1569,0.0157,-5.033e-06,Ho,CSPI,Ia,0.982,0,0,0.056,0.059,0.000000
SN2008fp,0.00566,0.0062867,1.108,0.008,13.412,0.006,-6.5,0.1686,0.0169,9.248e-06,Ho,CSPI,Ia,0.944,0,0,0.479,0.007,0.000000
SN2008fr,0.0389733,0.0379062,1.035,0.023,16.978,0.032,6.0,0.0395,0.004,-2.568e-05,Ho,CSPI,Ia,0.981,0,0,-0.014,0.069,0.000000
SN2008fu,0.05237,0.0518336,0.822,0.024,17.881,0.037,5.6,0.018,0.0018,-4.647e-05,Ho,CSPI,Ia,0.986,0,0,-0.021,0.087,0.000000
SN2008fw,0.0085433,0.0095066,1.117,0.023,14.009,0.028,7.1,0.1123,0.0112,3.429e-05,Ho,CSPI,Ia-91T,0.971,0,0,0.076,0.065,0.000000
SN2008gg,0.0319933,0.0310658,1.054,0.025,16.467,0.028,1.8,0.0195,0.002,-1.341e-05,Ho,CSPI,Ia,0.984,0,0,0.149,0.063,0.000000
SN2008gl,0.0339933,0.0329459,0.867,0.005,16.836,0.007,-4.1,0.0244,0.0024,4.864e-06,Ho,CSPI,Ia,0.977,0,0,0.028,0.008,0.000000
SN2008go,0.0623667,0.0613133,0.939,0.018,18.042,0.008,-1.8,0.032,0.0032,-4.052e-06,Ho,CSPI,Ia,0.986,0,0,0.040,0.010,0.000000
SN2008gp,0.03339,0.0328233,0.979,0.004,16.594,0.008,-12.0,0.1042,0.0104,4.673e-06,Ho,CSPI,Ia,0.985,0,0,-0.031,0.011,0.000000
SN2008hj,0.0378667,0.0367224,1.008,0.005,16.876,0.006,-7.8,0.0303,0.003,4.452e-06,Ho,CSPI,Ia,0.983,0,0,-0.008,0.007,0.000000
SN2008hu,0.0496656,0.050526,0.827,0.023,17.893,0.033,-1.0,0.0921,0.0092,-1.424e-05,Ho,CSPI,Ia,0.985,0,0,0.021,0.070,0.000000
SN2008hv,0.01254,0.01358,0.867,0.004,14.868,0.009,-11.9,0.0279,0.0028,7.1e-06,Ho,CSPI,Ia,0.973,0,0,-0.047,0.011,0.000000
SN2008ia,0.0219833,0.02254,0.834,0.006,15.97,0.013,-5.0,0.1954,0.0195,9.973e-06,Ho,CSPI,Ia,0.983,0,0,-0.035,0.016,0.000000
SN2009D,0.02499,0.024654,1.159,0.007,15.856,0.005,-8.7,0.0441,0.0044,3.017e-06,Ho,CSPI,Ia,0.984,0,0,-0.021,0.006,0.000000
SN2009F,0.0129467,0.01291,0.386,0.007,16.106,0.028,-8.9,0.0895,0.0089,9.547e-05,Ho,CSPI,Ia-91bg,0.97,0,0,0.551,0.025,0.000000
SN2009I,0.02615,0.0254309,1.089,0.03,17.254,0.014,-5.5,0.0272,0.0027,0.0001214,Ho,CSPI,Ia,0.969,0,0,0.651,0.017,0.000000
SN2009P,0.0250867,0.0263202,1.08,0.042,16.562,0.016,-2.7,0.0415,0.0042,0.000232,Ho,CSPI,Ia,0.982,0,0,0.406,0.021,0.000000
SN2009Y,0.0093467,0.0101034,0.993,0.005,13.87,0.009,-6.4,0.0873,0.0087,5.631e-06,Ho,CSPI,Ia,0.97,0,0,0.148,0.010,0.000000
SN2009aa,0.02729,0.0284814,0.944,0.004,16.396,0.01,-10.2,0.0295,0.0029,6.558e-06,Ho,CSPI,Ia,0.983,0,0,0.013,0.012,0.000000
SN2009ab,0.0111633,0.0108624,0.903,0.006,14.728,0.01,-10.4,0.1838,0.0184,9.141e-06,Ho,CSPI,Ia,0.959,0,0,0.035,0.011,0.000000
SN2009ad,0.02838,0.0283174,1.107,0.014,16.285,0.009,-9.7,0.0953,0.0095,8.552e-06,Ho,CSPI,Ia,0.984,0,0,0.032,0.011,0.000000
SN2009ag,0.0086333,0.0092477,0.966,0.005,14.428,0.012,-3.0,0.218,0.0218,-1.327e-06,Ho,CSPI,Ia,0.97,0,0,0.149,0.014,0.000000
SN2009al,0.02209,0.0232764,0.92,0.013,16.119,0.027,-4.7,0.0212,0.0021,4.934e-05,Ho,CSPI,Ia,0.98,0,0,0.186,0.028,0.000000
SN2009cz,0.0211233,0.0219786,1.173,0.011,15.741,0.009,-8.3,0.0221,0.0022,2.551e-05,Ho,CSPI,Ia,0.982,0,0,0.017,0.011,0.000000
SN2009ds,0.0192467,0.0204662,1.121,0.015,15.43,0.012,-10.7,0.0332,0.0033,1.492e-05,Ho,CSPI,Ia,0.982,0,0,0.107,0.013,0.000000
SN2009ig,0.0088,0.0080401,1.061,0.014,13.478,0.006,-2.5,0.0269,0.0027,2.45e-05,Ceph,,,,,,0.103,0.009,0.000000
SN2009le,0.0177733,0.017027,1.087,0.011,15.28,0.008,-12.0,0.0143,0.0014,-7.997e-06,Ho,CSPI,Ia,0.976,0,0,0.122,0.008,0.000000
SN2011by,0.002843,0.003405,0.967,0.003,12.863,0.006,-14.1,0.0119,0.0012,3.553e-06,Ceph,,,,,,-0.006,0.009,0.000000
SN2011fe,0.000803,0.0012072,0.972,0.002,10.013,0.006,-16.8,0.0077,0.0008,2.339e-06,"Ceph,TRGB",,,,,,0.010,0.008,0.000000
SN2011iv,0.00649,0.0061827,0.701,0.007,12.463,0.009,-4.8,0.0098,0.001,1.39e-05,Ho,CSPII,Ia,0.93,0,1,0.030,0.011,0.000000
SN2011iy,0.0042633,0.0053357,1.033,0.005,11.933,0.006,13.8,0.0529,0.0053,4.362e-06,Ho,CSPII,Ia,0.9,0,1,0.244,0.012,0.000000
SN2011jh,0.0077833,0.0089154,0.789,0.005,14.566,0.006,-9.7,0.0322,0.0032,7.882e-06,Ho,CSPII,Ia,0.966,0,1,0.367,0.008,0.000000
SN2011jn,0.0474433,0.0485384,0.644,0.02,17.965,0.036,3.5,0.0593,0.0059,-5.141e-05,Ho,CSPII,Ia,0.982,1,0,0.137,0.083,0.000000
SN2011jt,0.02778,0.0284695,0.955,0.027,16.54,0.025,9.2,0.0386,0.0039,-0.0001845,Ho,CSPII,Ia,0.985,0,1,0.149,0.084,0.000000
SN2012E,0.0202367,0.019439,0.846,0.008,15.692,0.007,-2.7,0.0649,0.0065,-6.31e-06,Ho,CSPII,Ia,0.982,0,1,0.011,0.009,0.000000
SN2012G,0.0258,0.0268487,1.158,0.006,16.153,0.005,-2.6,0.0205,0.0021,1.475e-05,Ho,CSPII,Ia,0.973,0,1,-0.043,0.006,0.000000
SN2012U,0.0197233,0.0193386,0.905,0.023,15.528,0.036,8.1,0.0227,0.0023,-3.242e-05,Ho,CSPII,Ia,0.975,0,1,-0.018,0.080,0.000000
SN2012ah,0.0123933,0.0123697,0.905,0.022,14.619,0.033,3.3,0.1545,0.0155,-4.436e-05,Ho,CSPII,Ia,0.974,0,1,-0.075,0.072,0.000000
SN2012aq,0.0519633,0.0525508,0.996,0.018,17.695,0.028,5.2,0.0338,0.0034,-1.459e-05,Ho,CSPII,Ia,0.972,1,0,0.004,0.063,0.000000
SN2012ar,0.02824,0.028536,0.809,0.006,16.534,0.004,-2.8,0.2024,0.0202,-1.774e-06,Ho,CSPII,Ia,0.982,1,1,0.032,0.006,0.000000
SN2012bl,0.0186933,0.0181998,1.081,0.016,15.281,0.008,-6.0,0.0297,0.003,4.389e-05,Ho,CSPII,Ia,0.977,0,1,0.044,0.008,0.000000
SN2012bo,0.0254133,0.0265314,1.16,0.007,16.241,0.005,-6.9,0.0447,0.0045,1.057e-05,Ho,CSPII,Ia,0.983,0,1,0.009,0.006,0.000000
SN2012cg,0.001458,0.0025798,1.024,0.008,11.99,0.007,-18.0,0.0179,0.0018,1.38e-05,"Ceph,TRGB",,,,,,0.075,0.009,0.000000
SN2012fr,0.0054533,0.0051291,1.108,0.004,12.061,0.004,-14.7,0.0177,0.0018,3.412e-06,"Ceph,TRGB",CSPII,Ia,0.981,0,1,0.013,0.006,0.000000
SN2012gm,0.01478,0.013553,0.987,0.004,15.155,0.004,-8.9,0.0393,0.0039,2.245e-06,Ho,CSPII,Ia,0.977,0,1,0.172,0.004,0.000000
SN2012hd,0.0119433,0.0111341,0.888,0.004,14.76,0.006,-13.5,0.0228,0.0023,5.188e-06,Ho,CSPII,Ia,0.973,0,1,0.122,0.008,0.000000
SN2012hl,0.0329772,0.0318991,0.927,0.022,17.281,0.008,-2.9,0.053,0.0053,1.721e-05,Ho,CSPII,Ia,0.939,0,0,0.343,0.011,0.000000
SN2012hr,0.0075567,0.0078716,0.973,0.001,13.722,0.003,-10.8,0.0389,0.0039,8.216e-07,Ho,CSPII,Ia,0.966,0,1,0.009,0.004,0.000000
SN2012ht,0.0035567,0.0046846,0.868,0.003,13.132,0.007,-14.5,0.0252,0.0025,6.208e-06,Ceph,CSPII,Ia,,0,1,-0.016,0.010,0.000000
SN2012id,0.0157367,0.0155401,0.824,0.033,15.247,0.038,1.7,0.4255,0.0426,-0.0001734,Ho,CSPII,Ia,0.977,0,1,0.055,0.078,0.000000
SN2012ij,0.01099,0.012107,0.536,0.008,15.322,0.011,-6.6,0.0235,0.0024,2.493e-05,Ho,CSPII,Ia,0.969,0,1,0.257,0.017,0.000000
SN2013E,0.0094067,0.0104565,1.131,0.004,13.774,0.004,-11.8,0.0843,0.0084,4.716e-06,Ho,CSPII,Ia,0.951,0,1,0.075,0.004,0.000000
SN2013H,0.0154767,0.0158792,1.048,0.005,15.441,0.004,-12.2,0.1134,0.0113,4.547e-06,Ho,CSPII,Ia,0.98,0,1,0.186,0.005,0.000000
SN2013M,0.03493,0.0357427,0.943,0.004,16.663,0.007,-8.5,0.0719,0.0072,4.048e-06,Ho,CSPII,Ia,0.934,1,1,0.023,0.010,0.000000
SN2013U,0.0344833,0.0356518,1.239,0.011,16.878,0.008,-6.9,0.0245,0.0025,2.549e-05,Ho,CSPII,Ia-91T,0.842,1,1,0.172,0.010,0.000000
SN2013aa,0.0039967,0.0046654,1.002,0.002,11.307,0.004,-6.3,0.1458,0.0146,1.238e-06,TRGB,CSPII,Ia,0.888,0,1,-0.068,0.004,0.000000
SN2013ad,0.0363748,0.0358694,0.991,0.013,16.293,0.008,-4.1,0.3692,0.0369,1.364e-06,Ho,CSPII,Ia,0.639,1,0,-0.090,0.011,0.000000
SN2013aj,0.00912,0.0100653,0.8,0.004,14.113,0.004,-6.0,0.0316,0.0032,2.58e-06,Ho,CSPII,Ia,0.969,0,1,0.052,0.006,0.000000
SN2013as,0.0684526,0.0696439,1.01,0.022,18.413,0.031,2.1,0.0336,0.0034,-4.061e-05,Ho,CSPII,Ia,0.984,1,0,0.000,0.067,0.000000
SN2013ay,0.0157167,0.0156526,0.494,0.019,15.797,0.033,4.7,0.0622,0.0062,-3.516e-05,Ho,CSPII,Ia,0.953,0,1,0.531,0.082,0.000000
SN2013az,0.0372533,0.037464,0.768,0.025,17.155,0.03,1.0,0.0271,0.0027,-4.498e-05,Ho,CSPII,Ia,0.972,1,0,0.089,0.064,0.000000
SN2013bc,0.02245,0.023528,0.481,0.023,17.345,0.03,-2.0,0.0407,0.0041,3.293e-06,Ho,CSPII,Ia,0.98,0,1,0.735,0.067,0.000000
SN2013bz,0.01915,0.0201818,1.152,0.009,15.353,0.008,-7.3,0.0377,0.0038,2.596e-05,Ho,CSPII,Ia-91T,0.855,0,1,0.152,0.009,0.000000
SN2013cg,0.0079467,0.009009,0.966,0.024,13.832,0.038,3.4,0.0749,0.0075,-9.458e-05,Ho,CSPII,Ia,0.97,0,1,0.087,0.075,0.000000
SN2013ct,0.0038,0.0027369,1.002,0.006,11.818,0.005,21.2,0.0244,0.0024,-1.125e-05,Ho,CSPII,Ia,0.944,0,1,0.064,0.012,0.000000
SN2013dy,0.003889,0.0028843,1.112,0.006,12.581,0.004,-18.3,0.132,0.0132,9.553e-06,Ceph,,,,,,0.205,0.006,0.000000
SN2013fy,0.0308467,0.0301903,1.174,0.011,16.317,0.008,-8.1,0.023,0.0023,3.601e-05,Ho,CSPII,Ia,0.985,1,1,0.010,0.008,0.000000
SN2013fz,0.0205933,0.0205517,1.015,0.004,15.482,0.004,-4.2,0.0119,0.0012,1.216e-06,Ho,CSPII,Ia,0.98,0,1,-0.002,0.004,0.000000
SN2013gv,0.0340967,0.0334585,0.845,0.008,16.87,0.009,-7.5,0.1434,0.0143,2.051e-05,Ho,CSPII,Ia,0.973,1,1,-0.025,0.012,0.000000
SN2013gy,0.0140133,0.0135587,0.911,0.003,14.765,0.005,-16.7,0.0485,0.0049,2.631e-06,Ho,CSPII,Ia,0.976,0,1,-0.008,0.006,0.000000
SN2013hh,0.01298,0.0141046,1.203,0.028,16.367,0.031,-1.7,0.0247,0.0025,8.14e-05,Ho,CSPII,Ia-91T,0.928,0,1,0.557,0.066,0.000000
SN2013hn,0.01513,0.0160268,0.821,0.026,15.043,0.031,0.2,0.0529,0.0053,-4.532e-05,Ho,CSPII,Ia,0.98,0,1,-0.069,0.067,0.000000
SN2014D,0.0081733,0.0092489,0.958,0.023,16.367,0.033,1.3,0.0257,0.0026,-5.968e-05,Ho,CSPII,Ia,0.039,0,1,0.566,0.069,0.000000
SN2014I,0.0299933,0.0302041,0.916,0.003,16.392,0.005,-8.5,0.0207,0.0021,3.262e-06,Ho,CSPII,Ia,0.98,1,1,-0.022,0.006,0.000000
SN2014Z,0.02126,0.0209246,0.98,0.029,15.639,0.028,0.5,0.0246,0.0025,-6.021e-05,Ho,CSPII,Ia,0.983,0,1,-0.019,0.060,0.000000
SN2014ao,0.0140733,0.015028,0.881,0.005,16.053,0.006,-1.9,0.0282,0.0028,-2.578e-07,Ho,CSPII,Ia,0.979,0,1,0.598,0.008,0.000000
SN2014at,0.03222,0.031543,0.948,0.004,16.515,0.005,-6.9,0.0164,0.0016,2.867e-06,Ho,CSPII,Ia,0.984,1,1,-0.042,0.008,0.000000
SN2014ba,0.0058367,0.0049902,0.338,0.021,15.042,0.05,2.0,0.0102,0.001,-0.0001282,Ho,CSPII,Ia-91bg,0.954,0,1,0.944,0.090,0.000000
SN2014dl,0.0329433,0.0331433,1.227,0.013,16.131,0.006,-10.6,0.0547,0.0055,1.209e-05,Ho,CSPII,Ia-91T,0.694,1,0,0.019,0.007,0.000000
SN2014dn,0.0221733,0.0221408,0.465,0.005,16.898,0.007,-3.2,0.0161,0.0016,6.032e-06,Ho,CSPII,Ia,0.982,0,0,0.653,0.010,0.000000
SN2014eg,0.01862,0.018331,1.183,0.01,15.265,0.009,-8.4,0.0257,0.0026,4.978e-05,Ho,CSPII,Ia-91T,0.947,0,1,0.247,0.009,0.000000
SN2015F,0.0048867,0.0052804,0.885,0.003,12.71,0.006,-15.8,0.1749,0.0175,4.911e-06,Ceph,CSPII,Ia,0.987,0,1,0.050,0.008,0.000000
SN2017cbv,0.003999,0.0046684,1.124,0.005,11.231,0.005,-19.8,0.1452,0.0145,1.135e-05,TRGB,,,,,,0.013,0.008,0.000000
SNhunt281,0.0040667,0.004706,0.692,0.003,13.671,0.005,-13.5,0.0454,0.0045,8.331e-07,Ho,CSPII,Ia,0.947,0,1,0.040,0.007,0.000000
