Name,Name(P19),sample,Sub-type,RA,DEC,Host,diff,zhel(P19),ZC,zhel,zcmb,sBV,e(sBV),sBV(temp),e(sBV) stat,e(sBV) tot,dm15(B),e(dm15(B)),dm15,e(dm15)stat,e(dm15),Tmax (MJD),e(Tmax),Bmax,e(Bmax),E(B-V) MW,E(B-V),e(E(B-V)),R_V Host,e(R_V) Host,m_B(max),M_B(max),e(M_B),"cov(E,R_V)",DMcv,eDMcv,DM,res,q,Cosmology?,Physics?,Baltay?,Comments,LC Training
ASAS14ad,ASASSN-14ad,CSPII,Ia,12:40:11,+18:03:32.80,KUG 1237+183,0,0.0264,7920,0.0264,0.027435,1.050,0.042,1.013,0.004,0.040,0.761,0.079,0.918,0.008,0.06,56692.7,0.5,16.238,0.01,0.016,0.062,0.011,3.517,0.915,15.943,-19.392,0.062,-0.00352,35.520,0.160,35.335,0.185,0.973,,Yes,,,uBVgri
ASAS14hp,ASASSN-14hp,CSPII,Ia,21:30:31,-70:38:34,2MASX J21303015-7038489,0.0001713796058,0.0389,11667.9,0.038893,0.038668,1.084,0.027,1.077,0.01,0.041,0.801,0.022,0.844,0.008,0.061,56929.53,0.06,16.496,0.004,0.03,0.022,0.01,3.759,0.991,16.401,-19.701,0.048,-0.00044,36.040,0.150,36.102,-0.062,0.984,Yes,,,,uBVgri
ASAS14hr,ASASSN-14 hr,CSPII,Ia,1:50:41,-14:31:06,2MASX J01504127-1431032,9.92E-05,0.0336,10079.1,0.033597,0.03272,0.860,0.038,0.803,0.009,0.041,1.409,0.03,1.333,0.009,0.061,56932.64,0.06,17.081,0.01,0.013,0.129,0.014,3.45,0.672,16.508,-19.222,0.067,-0.00547,35.770,0.160,35.73,0.04,0.985,Yes,,,,uBVgriYJH
ASAS14hu,ASASSN-14hu,CSPII,Ia,6:43:27,-69:38:15,ESO 058- G 012,0.0006918066667,0.0216,6475.5,0.021585,0.021892,1.051,0.032,1.05,0.007,0.041,0.903,0.014,0.884,0.007,0.06,56935.24,0.04,15.384,0.005,0.061,0.036,0.013,3.284,0.965,15.235,-19.602,0.052,-0.0048,34.870,0.160,34.837,0.033,0.983,,Yes,,,uBVgriYJH
ASAS14jc,ASASSN-14jc,CSPII,Ia,7:35:35,-62:46:13,2MASX J07353554-6246099,0.001474926254,0.0113,3395.1,0.011317,0.01178,0.869,0.027,0.914,0.005,0.040,1.182,0.018,1.213,0.007,0.06,56955.6,0.57,15.679,0.008,0.135,0.538,0.03,2.444,0.246,13.871,-19.603,0.086,-0.00539,33.250,0.170,33.474,-0.224,0.962,,Yes,,,uBVgri
ASAS14jg,ASASSN-14jg,CSPII,Ia,23:33:14,-60:34:12,2MASX J23331223-6034201,0.001126126126,0.0148,4445.1,0.014817,0.014347,,,1.3,0.017,0.043,,,1.003,0.024,0.065,56960.74,0.56,14.787,0.047,0.013,0.01,0.011,3.475,0.992,14.735,-19.173,0.069,-0.00215,34.190,0.180,33.908,0.282,0.961,,Yes,,,
ASAS14jz,ASASSN-14jz,CSPII,Ia,18:44:44,-52:48:05,GALEXASC J184443.33-524819.2,0.0006918066666,0.0158,4736.7,0.015789,0.015617,,,0.985,0.005,0.040,,,1.034,0.017,0.062,56980.68,0.03,14.622,0.004,0.047,0.061,0.012,4.033,0.933,14.343,-19.751,0.059,-0.00482,33.830,0.160,34.094,-0.264,0.952,,,,"has NIR, but z = 0.016",uBVgri
ASAS14kd,ASASSN-14kd,CSPII,Ia-91T,22:53:25,+04:47:57.30,2MASX J22532475+0447583,0,0.024,7290,0.0243,0.023068,,,1.174,0.007,0.041,0.792,0.011,0.797,0.007,0.06,56982.3,0.51,16.239,0.005,0.057,0.292,0.018,3.15,0.375,15.084,-19.872,0.080,-0.00405,34.690,0.170,34.956,-0.266,0.941,,,,"91T. has NIR, but z = 0.026",uBVgri
ASAS14kq,ASASSN-14kq,CSPII,Ia,23:45:16,-29:47:01,2MASX J23451480-2947009,0.0006944444444,0.0336,10073.1,0.033577,0.032597,1.050,0.044,1.157,0.011,0.041,0.958,0.011,0.921,0.009,0.061,56990.41,0.06,16.583,0.008,0.016,0.059,0.011,3.972,0.966,16.263,-19.459,0.066,-0.00338,35.950,0.160,35.722,0.228,0.961,Yes,,,,uBVgri
ASAS14lo,ASASSN-14lo,CSPII,Ia,11:51:53,+18:32:29.00,UGC 06837,0.000837520938,0.0199,5975.1,0.019917,0.021015,,,0.95,0.018,0.044,,,1.041,0.039,0.072,57001.7,0.6,15.997,0.049,0.028,0.183,0.027,2.287,0.524,15.382,-19.363,0.103,-0.006,34.870,0.180,34.745,0.125,0.979,,Yes,,,
ASAS14lp,ASASSN-14lp,CSPII,Ia,12:45:09,-0:27:32,NGC 4666,0.0006535947712,0.0051,1529.1,0.005097,0.006225,1.017,0.036,1.027,0.004,0.040,0.845,0.069,0.92,0.005,0.06,57015.29,0.03,12.156,0.005,0.021,0.351,0.013,2.224,0.204,11.062,-21.016,0.062,-0.00128,30.670,0.160,32.078,-1.408,0.335,,Yes,,,uBVgriYJH
ASAS14lq,ASASSN-14lq,CSPII,Ia,22:57:19,-20:58:01,2MASX J22571481-2058014,0.001017811705,0.0262,7851.9,0.026173,0.025083,,,1.005,0.024,0.047,,,1.027,0.047,0.076,56996.15,0.76,16.025,0.063,0.028,0.074,0.025,3.22,0.948,15.693,-19.448,0.109,-0.01114,35.300,0.190,35.141,0.159,0.977,,Yes,,,
ASAS14lt,ASASSN-14lt,CSPII,Ia,3:11:03,-13:06:39,IC 0299,0.0007291666667,0.032,9606.9,0.032023,0.031455,,,0.947,0.008,0.041,0.833,0.062,1.069,0.017,0.062,57006.86,0.15,16.335,0.013,0.047,0.05,0.013,3.415,0.935,16.128,-19.514,0.055,-0.0054,35.590,0.150,35.642,-0.052,0.984,Yes,,,,
ASAS14lw,ASASSN-14lw,CSPII,Ia,1:06:49,-46:59:00,GALEXASC J010647.95-465904.1,0.0006918066667,0.0209,6265.8,0.020886,0.020261,,,1.156,0.009,0.041,0.687,0.015,0.796,0.007,0.06,57013.73,0.07,15.558,0.008,0.012,0.05,0.012,3.02,0.872,15.344,-19.324,0.053,-0.00444,34.980,0.150,34.668,0.312,0.939,,Yes,,,uBVgri
ASAS14me,ASASSN-14me,CSPII,Ia,1:26:40,-57:59:49,ESO 113- G 047,0,0.0178,5340,0.0178,0.017386,1.107,0.026,1.078,0.005,0.040,0.861,0.01,0.844,0.006,0.06,57019.83,0.5,15.08,0.004,0.018,0.091,0.012,3.671,0.739,14.663,-19.667,0.065,-0.00368,34.320,0.160,34.33,-0.01,0.981,,Yes,,,uBVgri
ASAS14mf,ASASSN-14mf,CSPII,Ia,0:04:54,-32:26:15,GALEXASC J000454.54-322615.3,0.0006430868167,0.0311,9324,0.03108,0.030152,,,0.982,0.005,0.040,1.064,0.02,1.009,0.014,0.062,57012.82,0.17,16.493,0.008,0.013,0.097,0.011,4.084,0.964,16.016,-19.533,0.082,-0.00328,35.510,0.170,35.549,-0.039,0.984,Yes,,,,
ASAS14mw,ASASSN-14mw,CSPII,Ia,1:41:25,-65:37:01,AM 0139-655 NED02,0.0004866180049,0.0274,8216.1,0.027387,0.027121,1.103,0.031,1.063,0.007,0.041,0.808,0.029,0.875,0.006,0.06,57029.06,0.04,15.841,0.004,0.018,0.046,0.011,3.387,0.892,15.647,-19.665,0.051,-0.00336,35.310,0.150,35.312,-0.002,0.984,Yes,Yes,,,uBVgriYJH
ASAS14my,ASASSN-14my,CSPII,Ia,11:38:30,-8:58:36,NGC 3774,0,0.0205,6150,0.0205,0.021728,0.926,0.050,0.921,0.005,0.040,1.187,0.013,1.098,0.012,0.061,57030.75,0.05,15.565,0.008,0.032,0.084,0.013,2.77,0.728,15.266,-19.552,0.050,-0.00554,34.680,0.150,34.818,-0.138,0.975,,Yes,,,uBVgriYJH
ASAS15aj,ASASSN-15aj,CSPII,Ia,10:52:53,-32:55:35,NGC 3449,0.00122324159,0.0109,3273.9,0.010913,0.012022,0.744,0.026,0.83,0.007,0.041,1.44,0.017,1.133,0.022,0.064,57035.46,0.07,14.677,0.007,0.066,0.208,0.018,2.666,0.411,13.941,-19.576,0.065,-0.0047,33.240,0.160,33.517,-0.277,0.952,,Yes,,,uBVgri
ASAS15al,ASASSN-15al,CSPII,Ia,4:57:50,-21:35:34,GALEXASC J045749.46-213526.3,0.0006918066667,0.0338,10133.1,0.033777,0.033761,,,1.079,0.027,0.048,,,0.844,0.038,0.071,57032.98,0.22,16.888,0.047,0.029,0.124,0.022,2.482,0.539,16.42,-19.378,0.084,-0.00621,36.100,0.170,35.798,0.302,0.916,Yes,,,,
ASAS15as,ASASSN-15as,CSPII,Ia,9:39:17,+06:25:48.53,SDSS J093916.69+062551.1,0.002802277925,0.0286,8604,0.02868,0.029785,1.125,0.035,1.077,0.014,0.042,0.787,0.021,0.827,0.008,0.06,57036.52,0.26,16.202,0.006,0.04,0.082,0.016,2.359,0.694,15.931,-19.586,0.053,-0.00579,35.560,0.160,35.517,0.043,0.985,Yes,Yes,,,BVr
ASAS15ba,ASASSN-15ba,CSPII,Ia,14:04:55,+08:55:14.53,SDSS J140455.12+085514.0,0.0007215007215,0.0231,6935.1,0.023117,0.023977,1.046,0.056,0.965,0.004,0.040,1.062,0.009,1.012,0.009,0.061,57044.34,0.57,15.979,0.005,0.022,0.086,0.012,3.167,0.782,15.622,-19.415,0.059,-0.00469,35.090,0.160,35.037,0.053,0.983,,Yes,,,uBVgr
ASAS15be,ASASSN-15be,CSPII,Ia,2:52:46,-34:18:53,GALEXASC J025245.83-341850.6,0.0007610350076,0.0219,6564.9,0.021883,0.021389,1.052,0.028,1.14,0.005,0.040,0.876,0.019,0.866,0.008,0.061,57049.54,0.06,15.628,0.004,0.017,0.085,0.013,2.914,0.725,15.288,-19.499,0.055,-0.00491,34.950,0.160,34.787,0.163,0.976,,Yes,,,uBVgri
ASAS15bm,ASASSN-15bm,CSPII,Ia,15:05:52,-5:37:37,LCRS B150313.2-052600,0.0006918066667,0.0208,6235.8,0.020786,0.021439,1.126,0.043,0.989,0.005,0.040,0.976,0.013,0.995,0.01,0.061,57054.21,0.04,15.749,0.007,0.069,0.205,0.019,2.133,0.386,15.129,-19.661,0.059,-0.00453,34.660,0.160,34.79,-0.13,0.976,,Yes,,,uBVgriYJH
ASAS15cb,ASASSN-15cb,CSPII,Ia,12:39:50,+03:47:49.77,VCC 1810,0.00025,0.04,12003,0.04001,0.041136,,,1.088,0.052,0.066,,,0.871,0.057,0.083,57048.04,0.76,17.059,0.064,0.028,0.214,0.027,3.196,0.537,16.27,-19.967,0.103,-0.00932,35.840,0.190,36.237,-0.397,0.583,Yes,,,,
ASAS15cd,ASASSN-15 cd,CSPII,Ia,9:59:15,+12 59 20.53,CGCG 064-017,0.003306275777,0.0344,10285.8,0.034286,0.035389,,,1.001,0.005,0.040,0.937,0.018,0.92,0.01,0.061,57052.79,0.09,16.667,0.007,0.026,0.046,0.01,3.971,0.938,16.434,-19.467,0.055,-0.00273,36.000,0.160,35.901,0.099,0.983,Yes,,,,
ASAS15da,ASASSN-15 da,CSPII,Ia,5:23:52,-24:42:08,2MASX J05235106-2442201,0,0.055,14610,0.0487,0.04882,,,0.851,0.025,0.047,,,1.122,0.059,0.084,57065.79,0.76,17.543,0.062,0.03,0.012,0.013,3.558,1.018,17.471,-19.153,0.085,-0.00061,36.800,0.170,36.624,0.176,0.973,Yes,,,,
ASAS15db,ASASSN-15db,CSPII,Ia,15:46:59,+17:53:02.55,NGC 5996,0.0009090909091,0.011,3297,0.01099,0.011368,0.959,0.033,0.953,0.003,0.040,1.092,0.018,1.089,0.009,0.061,57075.84,0.12,14.683,0.006,0.029,0.192,0.013,2.856,0.391,13.946,-19.45,0.062,-0.00282,33.430,0.160,33.396,0.034,0.975,,,,"has NIR, but z = 0.011",uBVgri
ASAS15dd,ASASSN-15dd,CSPII,Ia,15:43:59,+19:12:40.74,CGCG 107-031,0.001775956284,0.0244,7307.1,0.024357,0.024742,0.876,0.037,0.849,0.006,0.040,1.329,0.013,1.156,0.04,0.072,57076.27,0.16,16.053,0.007,0.046,0.079,0.012,4.947,0.989,15.621,-19.486,0.068,-0.00595,34.900,0.160,35.107,-0.207,0.962,,,,"has NIR, but z = 0.024",BVgr
ASAS15eb,ASASSN-15eb,CSPII,Ia,8:06:07,-22:33:49,ESO 561- G 012,0.001818181818,0.0165,4941,0.01647,0.017308,,,0.82,0.018,0.044,,,1.112,0.067,0.09,57081.98,0.19,15.207,0.013,0.165,0.013,0.014,3.6,0.999,15.14,-19.178,0.066,-0.00021,34.440,0.160,34.318,0.122,0.978,,Yes,,,
ASAS15fr,ASASSN-15fr,CSPII,Ia-91T,9:20:20,-7:38:27,2MASX J09202045-0738229,0.0003992015968,0.0334,10023.9,0.033413,0.034508,,,0.905,0.021,0.045,,,1.136,0.042,0.074,57108.75,0.6,16.676,0.053,0.032,0.015,0.011,3.653,0.984,16.597,-19.248,0.074,-0.00069,35.990,0.160,35.845,0.145,0.978,Yes,Yes,,91T?,
ASAS15ga,ASASSN-15ga,CSPII,Ia-91bg,12:59:27,+14:10:15.79,NGC 4866,0.00404040404,0.0066,1988.1,0.006627,0.007652,,,0.5,0.031,0.051,2.132,0.041,,-1,,57115.88,0.63,15.5,0.034,0.024,0.218,0.041,2.97,0.591,14.627,-17.902,0.155,-0.00965,32.690,0.220,32.529,0.161,0.966,,Yes,,91bg?,
ASAS15go,ASASSN-15go,CSPII,Ia,6:11:31,-16:29:04,2MASX J06113048-1629085,0.0005291005291,0.0189,5673,0.01891,0.019255,1.065,0.037,1.072,0.011,0.041,0.82,0.012,0.842,0.007,0.06,57124.12,0.07,16.067,0.005,0.137,0.308,0.028,2.643,0.411,14.949,-19.605,0.074,-0.00901,34.630,0.170,34.554,0.076,0.981,,Yes,,,uBVgri
ASAS15gr,ASASSN-15gr,CSPII,Ia,6:45:21,-34:53:38,ESO 366- G 015,0.0006918066667,0.0243,7284.9,0.024283,0.024768,,,1.031,0.006,0.040,0.924,0.018,0.874,0.007,0.06,57126.42,0.14,15.826,0.005,0.082,0.077,0.016,3.738,0.909,15.479,-19.63,0.068,-0.00749,35.060,0.160,35.109,-0.049,0.983,,Yes,,,uBVgri
ASAS15hf,ASASSN-15hf,CSPII,Ia,10:29:31,-35:15:36,ESO 375- G 041,0.004301075269,0.0062,1851.9,0.006173,0.007245,0.905,0.030,0.939,0.005,0.040,1.087,0.014,1.187,0.006,0.06,57137.22,0.05,14.003,0.008,0.085,0.127,0.016,4.866,0.882,13.253,-19.156,0.083,-0.00977,32.720,0.170,32.409,0.311,0.961,,Yes,,,uBVgri
ASAS15hg,ASASSN-15hg,CSPII,Ia,9:53:49,+09:11:37.78,CGCG 063-098,0.001677852349,0.0298,8925,0.02975,0.030868,,,0.824,0.02,0.045,,,1.16,0.039,0.072,57132.59,0.61,16.882,0.049,0.041,0.12,0.024,3.5,0.919,16.348,-19.248,0.106,-0.01141,35.640,0.190,35.596,0.044,0.985,Yes,,,,
ASAS15hx,ASASSN-15hx,CSPII,Ia,13:43:17,-31:33:22,GALEXASC J134316.80-313318.2,0,0.0083,2490,0.0083,0.009205,,,1.034,0.004,0.040,0.931,0.012,0.9,0.006,0.06,57151.6,0.03,13.147,0.004,0.042,0.063,0.013,3.301,0.873,12.898,-20.035,0.056,-0.0056,32.470,0.160,32.933,-0.463,0.909,,Yes,,,uBVgriYJH
ASAS15hy,,CSPII,Ia-SC,,,,,,,,,,,,,,0.726,0.026,1.054,0.044,0.075,57151.57,0.19,,,0.13,,,,,,,,,,,,,,,,,Super-C Ashall,
CSP12G,CSS121114:090202+101800,CSPII,Ia,9:02:02,+10:18:00.10,SDSS J090202.18+101759.7,0.003385359748,0.0371,11092.2,0.036974,0.037966,,,1.158,0.029,0.049,,,0.941,0.044,0.074,56244.99,0.68,17.202,0.061,0.028,0.217,0.028,2.849,0.53,16.391,-19.667,0.101,-0.00962,36.020,0.180,36.058,-0.038,0.985,Yes,,,,
CSP12J,OGLE-2012-SN-040,CSPII,Ia,6:07:02,-69:21:17,2MASX J06070178-6921180,0.001360544218,0.0147,4404,0.01468,0.014924,,,0.484,0.025,0.047,,,1.97,0.041,0.073,56258.18,0.96,16.375,0.107,0.068,0.192,0.064,2.389,0.593,15.894,-18.099,0.192,-0.00779,33.640,0.290,33.993,-0.353,0.917,,,,no NIR and z = 0.015,
CSP12N,CSS120325:123816-150632,CSPII,Ia,12:38:16,-15:06:32,Anonymous,0.0006918066667,0.0972,29139.9,0.097133,0.098274,,,1.062,0.011,0.041,0.837,0.035,0.887,0.014,0.062,56022.33,0.05,18.591,0.006,0.043,0.003,0.004,3.511,1.004,18.579,-19.642,0.019,-0.00036,38.160,0.150,38.221,-0.061,0.985,Yes,,,,
CSP13aad,OGLE-2013-SN-109,CSPII,Ia,1:46:09,-67:28:00,2MASX J01460987-6727579,0,0.0868,26040,0.0868,0.086571,,,1.193,0.035,0.053,,,1.145,0.053,0.08,56596.29,0.41,18.695,0.059,0.021,0.112,0.027,3.549,0.953,18.248,-19.682,0.109,-0.01246,37.810,0.200,37.93,-0.12,0.979,Yes,,,,
CSP13aaf,CSS131031:095508+064831,CSPII,Ia,9:55:08,+06:48:31.40,SDSS J095510.00+064830.3,0.001463473225,0.0777,23275.8,0.077586,0.078719,,,1.131,0.015,0.043,0.922,0.045,0.892,0.018,0.063,56607,0.58,18.269,0.006,0.022,0.06,0.011,5.127,1.144,17.943,-19.765,0.075,-0.00119,37.580,0.170,37.708,-0.128,0.978,Yes,,,,
CSP13aam,OGLE-2013-SN-118,CSPII,Ia,5:14:48,-66:50:29,2MASX J05144615-6650292,0.0006918066667,0.075,22484.4,0.074948,0.075092,,,1.138,0.014,0.042,,,0.892,0.039,0.071,56623.91,0.23,17.801,0.008,0.164,0.005,0.007,3.538,0.993,17.787,-19.815,0.033,-0.00061,37.430,0.150,37.602,-0.172,0.968,Yes,,,,
CSP13aao,OGLE-2013-SN-123,CSPII,Ia,5:58:30,-63:33:38,2MASX J05583036-6333386,0.0006918066667,0.0614,18407.4,0.061358,0.061602,,,0.7,0.051,0.065,,,1.524,0.088,0.106,56622.38,0.91,18.16,0.072,0.044,0.046,0.029,3.356,1.009,18.014,-19.136,0.121,-0.00683,37.020,0.210,37.15,-0.13,0.978,Yes,,,,
CSP13aaq,OGLE-2013-SN-126,CSPII,Ia,4:19:47,-63:43:22,Anonymous,0.0009820764042,0.0597,17927.7,0.059759,0.059771,,,0.984,0.007,0.041,1.083,0.015,1.004,0.022,0.064,56631.26,0.09,17.985,0.009,0.029,0.049,0.011,4.318,0.996,17.695,-19.387,0.068,-0.00224,37.270,0.160,37.082,0.188,0.969,Yes,,,,
CSP13aay,SMT J03253351-5344190,CSPII,Ia,3:25:34,-53:44:19,Anonymous,0.00406784786,0.0592,17687.7,0.058959,0.058755,,,1.142,0.012,0.042,0.931,0.043,0.911,0.019,0.063,56637.02,0.15,18.235,0.007,0.016,0.127,0.012,4.236,0.741,17.524,-19.519,0.073,-0.00484,37.270,0.170,37.043,0.227,0.955,Yes,,,,
CSP13abl,OGLE-2013-SN-148,CSPII,Ia,6:38:07,-75:43:37,2MASX J06380745-7543288,0.0006918066667,0.0404,12111.6,0.040372,0.040629,,,0.812,0.05,0.064,,,0.709,0.064,0.088,56658.36,0.22,21.235,0.057,0.086,1.221,0.04,2.899,0.162,16.672,-19.539,0.109,-0.00552,35.780,0.190,36.211,-0.431,0.42,Yes,,,Questionable; Pesto spectrum looks like a galaxy,
CSP13abm,MASTER OT J030559.89+043238.2,CSPII,Ia,3:06:00,+04:32:38.20,SDSS J030559.63+043246.0,0.0006918066667,0.0282,8454,0.02818,0.027529,1.032,0.054,1.14,0.009,0.041,0.944,0.014,0.89,0.009,0.061,56658.31,0.08,16.349,0.006,0.149,0.069,0.027,3.462,1.001,15.889,-19.457,0.119,-0.00529,35.760,0.200,35.346,0.414,0.747,,Yes,,,uBVgri
CSP13abs,CSS140126:120307-010132,CSPII,Ia-91T,12:03:07,-1:01:32,SDSS J120306.76-010132.4,0.0006918066667,0.0772,23144.1,0.077147,0.078346,,,1.22,0.018,0.044,0.739,0.03,1.016,0.031,0.068,56669.04,0.18,18.212,0.012,0.021,0.024,0.012,3.758,1.004,18.113,-19.584,0.056,-0.00092,37.610,0.170,37.697,-0.087,0.983,Yes,,,91T?,
CSP13af,,CSPII,Ia,,,,,,,,,,,,,,,,1.068,0.111,0.126,56356.91,1.35,,,0.037,,,,,,,,,,,,,,,,,late start,
CSP13N,MASTER OT J093953.18+165516.4,CSPII,Ia-91T,9:39:53,+16:55:16.40,CGCG 092-024,0.0008368200837,0.0478,14328,0.04776,0.048797,,,1.145,0.024,0.047,,,0.877,0.041,0.072,56329.58,0.23,16.962,0.053,0.024,0.034,0.016,3.497,0.957,16.838,-19.783,0.083,-0.00464,36.480,0.170,36.621,-0.141,0.976,Yes,,,91T,
CSP13Q,OGLE-2013-SN-015,CSPII,Ia,2:02:22,-65:44:09,2MASX J02022241-6544090,0,0.089,26700,0.089,0.088766,,,0.768,0.243,0.246,,,0.679,0.211,0.219,56340.32,1.1,18.915,0.069,0.029,0.031,0.031,3.609,1.016,18.791,-19.197,0.126,-0.00072,37.960,0.220,37.988,-0.028,0.986,Yes,,,"No NIR. Very limited coverage, large uncertainty in dm15/sBV",
CSP13V,,CSPII,Ia,,,,,,17987.4,0.059958,0.061139,,,1.069,0.049,0.063,,,0.796,0.05,0.078,56324.35,2.24,17.595,0.091,0.047,0.026,0.019,3.539,1.016,17.48,-19.651,0.121,-0.00274,37.150,0.190,37.131,0.019,0.987,,,,late start,
CSP13Z,CSS130303:105206-133424,CSPII,Ia-91T,10:52:06,-13:34:25,GALEXASC J105206.27-133420.2,0.0006918066667,0.0789,23653.5,0.078845,0.080069,,,1.215,0.017,0.043,1.078,0.155,1.011,0.026,0.065,56363.82,0.11,18.167,0.009,0.048,0.02,0.012,3.473,0.993,18.095,-19.652,0.052,-0.00226,37.630,0.160,37.747,-0.117,0.98,Yes,,,91T,
CSP14aal,CSS140218:095739+123318,CSPII,Ia,9:57:39,+12:33:17.70,SDSS J095738.31+123308.5,0.001893725528,0.0773,23233.8,0.077446,0.078549,,,1.087,0.029,0.049,0.775,0.063,0.844,0.025,0.065,56713.01,0.2,18.102,0.009,0.026,0.016,0.01,3.801,1.018,18.03,-19.673,0.050,0.00053,37.690,0.160,37.703,-0.013,0.987,Yes,,,,BVri
CSP14aaq,OGLE-2014-SN-019,CSPII,Ia,6:13:48,-67:55:15,2MASX J06134795-6755146,0.0003714020427,0.0359,10773.9,0.035913,0.036175,,,0.905,0.015,0.043,1.113,0.057,1.179,0.02,0.063,56717.88,0.12,16.639,0.014,0.052,0.018,0.012,3.615,1.01,16.56,-19.392,0.057,-0.00049,35.960,0.160,35.952,0.008,0.986,Yes,,,?,
CSP14aar,OGLE-2014-SN-021,CSPII,Ia,5:48:23,-66:47:30,Anonymous,0.0006918066667,0.0422,12651.3,0.042171,0.042385,,,0.982,0.01,0.041,1.015,0.062,0.996,0.02,0.063,56714.33,0.63,17.079,0.007,0.093,0.068,0.017,3.5,0.931,16.788,-19.518,0.067,-0.00715,36.290,0.170,36.306,-0.016,0.986,Yes,,,,
CSP14abk,,CSPII,Ia,,,,,,23923.5,0.079745,0.079739,,,0.963,0.025,0.047,1.012,0.034,1.093,0.075,0.096,56788.48,0.33,18.044,0.021,0.066,0.233,0.02,3.373,0.48,17.361,-20.379,0.112,-0.00652,36.520,0.140,37.74,-1.22,0,,,,Jing working on this FSU,
CSP14abn,SN2014bz,CSPII,Ia,13:56:04,-43:35:10,2MASX J13560316-4334319,0,0.0225,6750,0.0225,0.023275,,,1.004,0.004,0.040,0.965,0.019,0.971,0.007,0.06,56790.85,0.07,15.609,0.003,0.075,0.07,0.014,3.795,0.914,15.297,-19.674,0.061,-0.00677,34.840,0.160,34.971,-0.131,0.976,,,,"has NIR, but z - 0.023",
CSP14acl,CSS140914:010107-101840,CSPII,Ia,1:01:07,-10:18:40,Anonymous,0.0006918066667,0.03,8993.7,0.029979,0.028933,,,0.959,0.008,0.041,0.998,0.021,1.086,0.017,0.062,56926.05,0.18,16.565,0.012,0.026,0.007,0.007,3.559,1.003,16.513,-18.944,0.037,-0.00063,36.050,0.140,35.457,0.593,0.081,,,,"no NIR, z = 0.03",
CSP14acx,,CSPII,Ia-02cx,,,,,,,,,,,,,,1.644,0.037,1.63,0.025,0.065,56959.29,0.61,,,0.051,,,,,,,,,,,,,,,,,Iax?  sBV from LC fits,
CSP14acy,OGLE-2014-SN-107,CSPII,Ia-91T,0:42:29,-64:45:51,APMUKS(BJ) B004021.02-650219.5,0.0003908102229,0.0664,19920,0.0664,0.066027,,,1.215,0.035,0.053,1.12,0.154,1.038,0.028,0.066,56954.35,0.71,17.811,0.057,0.017,0.13,0.029,3.548,0.939,17.411,-19.898,0.112,-0.0125,36.800,0.220,37.309,-0.509,0.027,Yes,,,91T  Poor fits,
CSP14adc,SN2014du,CSPII,Ia,2:26:23,+27:39:34.80,UGC 01899,0.001846153846,0.0325,9732,0.03244,0.031651,,,0.815,0.009,0.041,1.383,0.029,1.188,0.012,0.061,56968.63,0.1,17.159,0.009,0.095,0.232,0.022,1.713,0.281,16.522,-19.134,0.058,-0.00337,35.820,0.160,35.656,0.164,0.976,Yes,Yes,,,
CSP14ade,OGLE-2014-SN-141,CSPII,Ia-91T,5:37:19,-75:43:17,2MASX J05371898-7543157,0.0006918066667,0.0625,18737.1,0.062457,0.062636,,,1.181,0.012,0.042,0.619,0.09,0.796,0.014,0.062,56985.96,0.2,17.69,0.008,0.077,0.078,0.018,3.346,0.946,17.406,-19.782,0.070,-0.0067,37.000,0.170,37.188,-0.188,0.963,Yes,,,91T,
CSP15aae,CSS150214:140955+173155 (SN2015bo),CSPII,Ia-91bg,14:09:55,+17:31:55.60,NGC 5490,0.001028806584,0.0162,4854.9,0.016183,0.016973,0.514,0.020,0.505,0.005,0.040,1.855,0.02,1.122,0.035,0.069,57076.02,0.11,16.762,0.008,0.023,0.163,0.018,2.352,0.429,16.22,-18.055,0.068,-0.00316,34.310,0.170,34.275,0.035,0.981,,Yes,,"91bg,i",uBVgri
CSP15B,PSN J13471211-2422171,CSPII,Ia,13:47:12,-24:22:17,ESO 509- G 108,0.0006918066667,0.0199,5965.8,0.019886,0.02082,0.770,0.045,0.72,0.006,0.040,1.537,0.016,1.136,0.026,0.065,57070.43,0.13,16.114,0.009,0.064,0.178,0.018,3.044,0.52,15.435,-19.29,0.079,-0.0044,34.530,0.170,34.725,-0.195,0.966,,Yes,,,uBVgri
KISS13j,KISS13j (SN2013Y),CSPII,Ia,12:09:40,+16:12:14.30,SDSS J120939.62+161212.2,0.0008703220192,0.0766,22959.9,0.076533,0.077633,,,0.872,0.028,0.049,1.171,0.116,1.081,0.048,0.077,56333.52,0.31,18.859,0.018,0.033,0.199,0.018,2.467,0.545,18.239,-19.437,0.088,-0.00294,37.490,0.180,37.676,-0.186,0.963,Yes,,,,
KISS13l,KISS13l (SN2013al),CSPII,Ia,11:14:54,+29:35:06.00,SDSS J111454.06+293508.7,0.0006918066667,0.1321,39602.7,0.132009,0.133002,,,1.106,0.064,0.075,,,1.078,0.13,0.143,56355.18,1.77,19.518,0.074,0.014,0.054,0.027,3.556,0.963,19.29,-19.643,0.122,-0.00439,38.920,0.210,38.933,-0.013,0.987,Yes,,,,
KISS13v,KISS13v (SN2013ba),CSPII,Ia,13:52:57,+21:56:21.70,SDSS J135256.58+215621.1,0.0006918066667,0.08,28620,0.0954,0.096213,,,0.985,0.015,0.043,0.971,0.037,1.044,0.035,0.07,56396.75,0.61,19.291,0.013,0.02,0.199,0.015,2.863,0.549,18.566,-19.607,0.086,-0.00275,38.060,0.180,38.173,-0.113,0.98,Yes,,,,BVri
KISS15m,KISS15m,CSPII,Ia-91bg,12:06:01,+20:36:18.40,NGC 4098,0.0008230452675,0.0243,7296,0.02432,0.025384,0.423,0.058,0.429,0.009,0.041,1.729,0.039,,-1,,57144.15,0.1,18.302,0.027,0.028,0.101,0.025,2.134,0.516,17.962,-17.201,0.075,-0.00591,35.410,0.180,35.163,0.247,0.958,,,,"91bg? has NIR, but z = 0.024",BVgriYJH
KISS15n,SN2015M,CSPII,Ia-91T,13:00:32,+27:58:41.00,GALEXMSC J130032.33+275842.3 ?,0.0006918066667,0.0231,6925.2,0.023084,0.023978,,,1.241,0.009,0.041,0.865,0.064,1.04,0.029,0.067,57168.45,0.52,15.507,0.007,0.009,0.086,0.015,2.915,0.802,15.218,-19.819,0.060,-0.0057,34.680,0.160,35.037,-0.357,0.85,,Yes,,91T?/super-C?,uBVgri
LSQ11bk,LSQ11bk,CSPII,Ia,4:20:44,-8:35:56,Anonymous,0.0006918066667,0.0403,12081.6,0.040272,0.040025,1.035,0.033,1.071,0.015,0.043,0.822,0.021,1.018,0.017,0.062,55912.3,0.2,16.874,0.008,0.094,0.021,0.012,3.666,0.988,16.756,-19.423,0.060,-0.00141,36.380,0.160,36.179,0.201,0.967,Yes,,Yes,,BVgr
LSQ11ot,LSQ11ot,CSPII,Ia,5:15:48,+06:46:39.36,CGCG 421-013,0.0007326007326,0.0273,8196,0.02732,0.027322,,,0.982,0.003,0.040,1.008,0.022,0.998,0.008,0.061,55927.65,0.05,17.876,0.005,0.158,0.474,0.033,3.072,0.348,15.932,-19.396,0.076,-0.00988,35.490,0.170,35.328,0.162,0.976,Yes,Yes,Yes,,uBVgri
LSQ11pn,LSQ11pn (SN2011jq),CSPII,Ia,5:16:42,+06:29:29.40,2MASX J05164149+0629376,0.001427115189,0.0327,9795.9,0.032653,0.032661,0.537,0.036,0.507,0.008,0.041,2.116,0.029,1.823,0.008,0.061,55929.28,0.06,17.487,0.013,0.146,0.016,0.013,3.578,0.986,17.442,-18.282,0.058,-0.00137,35.490,0.160,35.724,-0.234,0.948,Yes,Yes,Yes,,uBVgriYJH
LSQ12agq,LSQ12agq,CSPII,Ia,10:17:42,-7:24:54,GALEXASC J101741.80-072452.2,0.0006918066667,0.0642,19246.8,0.064156,0.065358,,,1.152,0.027,0.048,,,0.889,0.043,0.074,55985.03,0.66,18.44,0.06,0.037,0.198,0.028,2.891,0.582,17.668,-19.614,0.112,-0.00745,37.330,0.200,37.282,0.048,0.986,Yes,,Yes,,
LSQ12aor,LSQ12aor,CSPII,Ia,10:55:18,-14:18:01,GALEXASC J105517.85-141757.2,0.0006918066667,0.0934,28000.5,0.093335,0.094559,,,0.827,0.021,0.045,,,1.288,0.026,0.065,55992.42,0.6,19.313,0.021,0.042,0.07,0.014,4.6,1.063,18.91,-19.221,0.088,-0.00227,38.190,0.180,38.131,0.059,0.986,Yes,,Yes,,
LSQ12bld,LSQ12bld,CSPII,Ia,13:42:44,+08:05:33.74,SDSS J134244.72+080531.7,0.004034773144,0.0837,25008.6,0.083362,0.084303,,,0.892,0.01,0.041,,,1.081,0.024,0.065,56025.42,0.06,19.069,0.013,0.023,0.184,0.014,2.112,0.387,18.503,-19.363,0.058,-0.00273,37.860,0.160,37.866,-0.006,0.987,Yes,,Yes,,BVgri
LSQ12blp,LSQ12blp,CSPII,Ia,13:36:06,-11:37:17,LCRS B133326.3-112212,0.0008972633468,0.0743,,,,,,,,,,,1.038,0.016,0.062,56024.44,0.11,,,0.048,,,,,,,,,,,,,,Yes,,Yes,B- and V- bands not observed,
LSQ12btn,LSQ12btn,CSPII,Ia,9:21:30,-9:41:30,2MASX J09213114-0941331,0.0004920049201,0.0542,16251.9,0.054173,0.055271,,,0.832,0.009,0.041,1.417,0.026,1.381,0.012,0.061,56032.08,0.19,18.233,0.008,0.033,0.17,0.014,2.703,0.44,17.61,-19.292,0.062,-0.00313,36.900,0.160,36.902,-0.002,0.986,Yes,,Yes,,
LSQ12ca,LSQ12ca,CSPII,Ia,5:31:04,-19:47:59,2MASX J05310364-1948063,0,0.0994,29820,0.0994,0.099547,,,1.195,0.041,0.057,,,0.618,0.054,0.081,55950.91,0.8,18.945,0.064,0.042,0.025,0.022,3.61,1.016,18.774,-19.479,0.112,-0.00067,38.460,0.190,38.253,0.207,0.962,,,Yes,,
LSQ12cda,LSQ12cda,CSPII,Ia,13:50:02,+09:37:47.10,SDSS J135002.40+093755.1,0.0007644308086,0.1376,41248.5,0.137495,0.138404,,,0.814,0.105,0.112,,,1.472,0.07,0.092,56042.58,1.26,20.191,0.101,0.028,0.19,0.049,2.713,0.612,19.657,-19.371,0.160,-0.00612,38.740,0.260,39.028,-0.288,0.859,Yes,,Yes,,
LSQ12cdl,LSQ12cdl,CSPII,Ia,12:53:40,-18:30:26,GALEXASC J125339.85-183025.6,0.001616236078,0.1081,32377.5,0.107925,0.109024,,,0.988,0.045,0.060,,,1.097,0.155,0.167,56045.32,0.81,19.142,0.06,0.049,0.024,0.018,3.524,1.018,19.025,-19.439,0.095,-0.00282,38.530,0.180,38.464,0.066,0.986,Yes,,Yes,,
LSQ12fuk,LSQ12fuk,CSPII,Ia,4:58:16,-16:17:58,GALEXASC J045815.88-161800.7,0.0006918066667,0.0206,6175.8,0.020586,0.020557,,,1.003,0.006,0.040,1.036,0.046,0.975,0.008,0.061,56233.53,0.56,15.674,0.008,0.071,0.1,0.016,3.932,0.863,15.187,-19.512,0.070,-0.00854,34.730,0.160,34.699,0.031,0.982,,Yes,Yes,,
LSQ12fvl,LSQ12fvl,CSPII,Ia,5:00:50,-38:39:12,MCG -06-12-002,0.00125,0.056,16779,0.05593,0.055977,,,0.61,0.008,0.041,1.72,0.035,1.633,0.015,0.062,56240.19,0.06,18.764,0.012,0.018,0.142,0.019,2.225,0.461,18.291,-18.642,0.067,-0.00331,37.060,0.160,36.933,0.127,0.981,Yes,,Yes,,BVriYJH
LSQ12fxd,LSQ12fxd,CSPII,Ia,5:22:17,-25:35:47,ESO 487- G 004,0.000641025641,0.0312,9366,0.03122,0.031334,1.156,0.023,1.161,0.006,0.040,0.948,0.008,0.94,0.006,0.06,56246.4,0.04,16.285,0.004,0.022,0.083,0.011,4.183,0.816,15.874,-19.758,0.058,-0.00471,35.530,0.160,35.632,-0.102,0.98,Yes,Yes,Yes,,uBVriYJH
LSQ12gdj,LSQ12gdj,CSPII,Ia-91T,23:54:43,-25:40:34,ESO 472- G 007,0.0001100110011,0.0303,9090,0.0303,0.029281,,,1.167,0.007,0.041,0.729,0.028,0.895,0.011,0.061,56253.62,0.07,15.85,0.005,0.02,0.029,0.011,3.459,0.947,15.734,-19.75,0.048,-0.00269,35.370,0.160,35.484,-0.114,0.969,Yes,Yes,Yes,91T (Scalzo said possibly Super-C),
LSQ12gef,LSQ12gef,CSPII,Ia,1:40:34,+18:30:36.38,2MASX J01403375+1830406,0.0006918066667,0.0642,19246.8,0.064156,0.06318,,,1.18,0.034,0.052,0.882,0.101,0.796,0.02,0.063,56243.37,0.22,18.894,0.054,0.051,0.363,0.036,2.678,0.561,17.564,-19.646,0.139,-0.00599,37.240,0.260,37.21,0.03,0.987,,,Yes,,
LSQ12gln,LSQ12gln,CSPII,Ia,5:22:59,-33:27:51,GALEXASC J052259.58-332755.3,0.0006918066667,0.1021,30608.7,0.102029,0.102161,,,1.113,0.02,0.045,,,1.045,0.033,0.068,56258.41,0.16,18.968,0.008,0.02,0.044,0.011,4.267,1.044,18.729,-19.585,0.067,-0.00072,38.380,0.170,38.314,0.066,0.986,Yes,,Yes,,BVriYJ
LSQ12gpw,LSQ12gpw,CSPII,Ia-91T,3:12:58,-11:42:40,2MASX J03125885-1142402,0.0006918066667,0.0506,,,,,,,,,0.699,0.034,0.796,0.034,0.069,56268.83,0.71,,,0.062,,,,,,,,,,,,,,,,Yes,91T? maybe super-C,
LSQ12gxj,LSQ12gxj,CSPII,Ia,2:52:57,+01:36:24.25,2MASX J02525699+0136231,0.0006918066667,0.0355,10590,0.0353,0.034596,,,1.107,0.009,0.041,0.833,0.052,0.878,0.014,0.062,56275.32,0.06,18.071,0.004,0.057,0.387,0.019,2.829,0.52,16.377,-19.477,0.121,-0.00483,36.270,0.230,35.854,0.416,0.655,,,Yes,,BVri
LSQ12gyc,LSQ12gyc,CSPII,Ia,2:45:50,-17:55:46,Anonymous,0.0006918066667,0.0932,27940.8,0.093136,0.092486,,,1.145,0.024,0.047,,,1.051,0.056,0.082,56265.87,0.21,18.759,0.008,0.021,0.048,0.014,3.692,0.982,18.509,-19.575,0.075,-0.00119,38.220,0.170,38.084,0.136,0.98,,,Yes,,
LSQ12gzm,LSQ12gzm,CSPII,Ia,2:40:44,-34:44:26,GALEXASC J024043.58-344425.0,0.00169011655,0.1001,29979.3,0.099931,0.099398,,,1.113,0.044,0.059,,,1.072,0.036,0.07,56274.21,0.19,19.506,0.008,0.021,0.164,0.015,4.415,0.99,18.593,-19.658,0.105,-0.00584,38.310,0.210,38.251,0.059,0.986,,,Yes,,
LSQ12hjm,LSQ12hjm,CSPII,Ia,3:10:29,-16:29:37,2MASX J03102844-1629333,0.0006918066667,0.0714,21405.3,0.071351,0.070798,,,0.963,0.005,0.040,1.107,0.023,1.057,0.016,0.062,56278.2,0.06,18.293,0.004,0.025,0.039,0.011,3.923,1.054,18.087,-19.381,0.067,-0.00014,37.580,0.160,37.468,0.112,0.982,,,Yes,,BVri
LSQ12hno,LSQ12hno,CSPII,Ia,3:42:43,-2:40:10,GALEXASC J034243.43-024007.7,0.0006918066667,0.0473,14180.1,0.047267,0.046808,,,0.989,0.015,0.043,,,1.042,0.027,0.066,56284.72,0.17,17.919,0.008,0.099,0.2,0.018,3.812,0.517,16.978,-19.552,0.065,-0.00682,36.450,0.160,36.53,-0.08,0.983,Yes,,Yes,,
LSQ12hnr,LSQ12hnr,CSPII,Ia,10:43:15,-8:46:41,Anonymous,0.0006918066667,0.135,37290,0.1243,0.125526,,,1.167,0.038,0.055,,,1.049,0.045,0.075,56283.48,0.82,19.404,0.054,0.032,0.067,0.024,3.771,0.997,19.133,-19.663,0.107,-0.00417,38.700,0.200,38.796,-0.096,0.982,Yes,,Yes,?,
LSQ12hvj,LSQ12hvj,CSPII,Ia,11:07:39,-29:42:41,GALEXASC J110738.65-294235.5,0.0006918066667,0.0713,21375.3,0.071251,0.072391,,,1.206,0.014,0.042,0.848,0.076,0.964,0.021,0.064,56290.97,0.13,18.409,0.007,0.046,0.12,0.018,2.522,0.678,17.985,-19.531,0.062,-0.0076,37.580,0.160,37.516,0.064,0.986,Yes,,Yes,,BVriYJH
LSQ12hxx,LSQ12hxx,CSPII,Ia,3:19:44,-27:00:26,2MASX J03194423-2700201,0.0005763688761,0.0694,20808,0.06936,0.068914,,,1.204,0.023,0.046,0.967,0.021,1.057,0.041,0.073,56289.12,0.25,18.235,0.013,0.015,0.107,0.017,2.853,0.757,17.827,-19.58,0.065,-0.00757,37.450,0.160,37.407,0.043,0.986,Yes,,Yes,,
LSQ12hzj,LSQ12hzj,CSPII,Ia,9:59:12,-9:00:08,2MASX J09591230-0900095,0,0.0334,10020,0.0334,0.034575,0.907,0.044,0.97,0.004,0.040,1.047,0.013,1.025,0.009,0.061,56301.51,0.08,16.51,0.005,0.057,0.03,0.012,3.375,0.97,16.384,-19.465,0.049,-0.00404,35.870,0.160,35.849,0.021,0.985,Yes,Yes,Yes,,BVriYJ
LSQ12hzs,LSQ12hzs,CSPII,Ia,4:01:53,-26:39:50,2MASXi J0401529-263947,0.0002773925104,0.0721,21624,0.07208,0.071817,,,1.145,0.012,0.042,0.876,0.034,0.989,0.019,0.063,56299.12,0.1,18.806,0.007,0.023,0.208,0.013,3.937,0.426,17.793,-19.707,0.063,-0.00352,37.450,0.160,37.5,-0.05,0.985,Yes,,Yes,,BVri
LSQ13abo,LSQ13abo,CSPII,Ia,14:59:21,-17:09:09,2MASX J14592124-1709138,0.0007901234568,0.0675,20234.1,0.067447,0.068133,,,0.877,0.019,0.044,1.219,0.066,1.088,0.039,0.072,56408.75,0.1,18.809,0.024,0.091,0.25,0.025,1.942,0.393,18.075,-19.303,0.077,-0.00566,37.420,0.170,37.378,0.042,0.986,Yes,,Yes,,BVri
LSQ13aiz,LSQ13aiz (SN2013cs),CSPII,Ia,13:15:15,-17:57:56,ESO 576- G 017,0,0.0092,2760,0.0092,0.010249,,,0.964,0.006,0.040,1.044,0.019,1.071,0.019,0.063,56436.83,0.05,13.71,0.007,0.079,0.193,0.02,2.535,0.543,13.114,-20.054,0.097,-0.00298,32.510,0.180,33.168,-0.658,0.716,,Yes,Yes,,
LSQ13cwp,LSQ13cwp,CSPII,Ia,4:03:51,-2:39:18,2MASX J04035024-0239275,0,0.0666,19980,0.0666,0.066247,,,0.94,0.016,0.043,1.188,0.024,1.082,0.031,0.068,56612.33,0.14,18.395,0.016,0.133,0.146,0.025,2.349,0.534,17.909,-19.407,0.071,-0.00756,37.360,0.160,37.316,0.044,0.986,Yes,,Yes,,BVriYJ
LSQ13dby,LSQ13dby,CSPII,Ia,3:26:43,-34:38:05,Anonymous,0.0006918066667,0.1,29979.3,0.099931,0.099568,,,1.14,0.014,0.042,0.825,0.132,0.908,0.027,0.066,56628.32,0.15,19.105,0.006,0.009,0.049,0.011,3.914,1.012,18.811,-19.444,0.070,-0.00197,38.560,0.160,38.255,0.305,0.865,Yes,,Yes,,BVri
LSQ13dcy,LSQ13dcy,CSPII,Ia,4:55:16,-20:00:05,LCSB S0801P,0,0.0801,24030,0.0801,0.080067,,,1.213,0.042,0.058,1.026,0.02,1.227,0.04,0.072,56624.49,0.38,19.189,0.017,0.041,0.203,0.024,2.832,0.539,18.332,-19.417,0.095,-0.00567,38.010,0.180,37.749,0.261,0.929,Yes,,Yes,,
LSQ13dhj,LSQ13dhj,CSPII,Ia,2:12:34,-37:20:23,GALEXMSC J021234.60-372019.1,0,0.0935,28050,0.0935,0.092903,,,1.16,0.019,0.044,0.777,0.025,0.998,0.031,0.067,56636.99,0.2,19.057,0.013,0.013,0.163,0.017,2.977,0.786,18.437,-19.657,0.092,-0.00611,38.040,0.190,38.094,-0.054,0.985,Yes,,Yes,,BVri
LSQ13dkp,LSQ13dkp,CSPII,Ia,3:10:10,-36:37:45,2MASX J03101094-3638017,0.0009178743961,0.069,20681.1,0.068937,0.068527,,,0.657,0.008,0.041,1.773,0.025,1.633,0.013,0.061,56642,0.08,18.771,0.01,0.015,0.024,0.013,4.057,1.08,18.613,-18.781,0.074,0.00184,37.600,0.160,37.394,0.206,0.963,Yes,,Yes,,BVriY
LSQ13dpm,LSQ13dpm,CSPII,Ia,10:29:08,-17:06:50,GALEXASC J102908.61-170654.2,0.0006918066667,0.0509,15259.5,0.050865,0.052062,1.001,0.057,1.055,0.009,0.041,0.871,0.026,0.886,0.009,0.061,56657.37,0.06,17.683,0.004,0.053,0.107,0.013,4.777,0.851,17.085,-19.682,0.063,-0.00746,36.690,0.160,36.767,-0.077,0.984,Yes,,Yes,,BVriYJH
LSQ13dqh,LSQ13dqh,CSPII,Ia,4:22:06,-2:53:24,Anonymous,0,0.1038,31140,0.1038,0.103543,,,1.197,0.02,0.045,,,1.024,0.034,0.069,56656.16,0.24,19.318,0.012,0.05,0.085,0.016,4.062,0.966,18.842,-19.504,0.085,-0.00579,38.530,0.180,38.346,0.184,0.969,Yes,,Yes,,BVri
LSQ13dsm,LSQ13dsm,CSPII,Ia,3:33:13,-26:12:24,APMUKS(BJ) B033105.19-262232.9,0.0006918066667,0.0424,12711.3,0.042371,0.041977,0.883,0.042,0.908,0.004,0.040,1.26,0.046,1.23,0.007,0.06,56670.06,0.04,17.263,0.006,0.009,0.068,0.009,4.934,0.956,16.873,-19.413,0.062,-0.00329,36.230,0.160,36.286,-0.056,0.984,Yes,,Yes,,uBVgriYJ
LSQ13lq,LSQ13lq,CSPII,Ia,13:44:11,+03:03:43.42,SDSS J134410.77+030345.3,0.00201189675,0.0757,22664.4,0.075548,0.076505,,,1.054,0.012,0.042,0.856,0.05,0.885,0.011,0.061,56370.61,0.54,18.003,0.005,0.022,0.033,0.01,4.099,1.005,17.868,-19.775,0.052,-0.0004,37.430,0.160,37.643,-0.213,0.951,Yes,,Yes,,BVri
LSQ13pf,LSQ13pf,CSPII,Ia-91T,13:48:14,-11:38:39,LCRS B134534.3-112338,0.0006918066667,0.0861,25812,0.08604,0.087004,,,0.917,0.038,0.055,,,1.054,0.071,0.093,56373.38,0.91,19.645,0.058,0.056,0.351,0.033,2.744,0.459,18.421,-19.518,0.111,-0.01041,37.740,0.200,37.939,-0.199,0.957,Yes,,Yes,91T,
LSQ13ry,LSQ13ry,CSPII,Ia,10:32:48,+04:11:51.75,SDSS J103247.83+041145.5,0.002118171683,0.0299,8951.1,0.029837,0.031032,0.941,0.059,0.88,0.006,0.040,1.245,0.034,1.296,0.007,0.06,56395.46,0.03,16.54,0.009,0.04,0.019,0.01,3.589,0.974,16.443,-19.165,0.049,-0.00155,35.800,0.150,35.608,0.192,0.971,Yes,Yes,Yes,,uBVgriYJH
LSQ13vy,LSQ13vy,CSPII,Ia,16:06:56,+03:00:15.23,2MASX J16065563+0300046,0.0006918066667,0.0418,12531.3,0.041771,0.042107,0.883,0.043,0.892,0.005,0.040,1.27,0.028,1.296,0.008,0.061,56394.23,0.51,17.65,0.006,0.068,0.175,0.017,2.88,0.514,16.968,-19.323,0.073,-0.00448,36.340,0.170,36.291,0.049,0.985,Yes,,Yes,,BVgri
LSQ14act,LSQ14act,CSPII,Ia,15:59:45,-10:26:41,2MASX J15594429-1026396,0.0008460236887,0.0591,17715,0.05905,0.059452,,,0.701,0.008,0.041,1.662,0.03,1.515,0.015,0.062,56726.81,0.09,18.372,0.008,0.227,0.047,0.023,3.526,1.013,18.119,-18.95,0.090,-0.00575,37.230,0.180,37.069,0.161,0.976,Yes,,Yes,,BVri
LSQ14age,LSQ14age,CSPII,Ia,13:24:09,-13:26:26,GALEXASC J132408.58-132629.0,0.0006918066667,0.0806,24163.2,0.080544,0.08158,,,1.115,0.014,0.042,0.789,0.047,0.997,0.02,0.063,56736.71,0.1,18.473,0.009,0.058,0.046,0.017,2.767,0.893,18.287,-19.503,0.058,-0.00713,37.950,0.160,37.79,0.16,0.976,Yes,,Yes,,BVri
LSQ14ahc,LSQ14ahc,CSPII,Ia,13:43:48,-32:54:35,2MASX J13434760-3254381,0.0006918066667,0.0509,15259.5,0.050865,0.051759,,,1.252,0.01,0.041,0.896,0.072,0.889,0.019,0.063,56734.46,0.07,17.271,0.008,0.046,0.008,0.008,3.552,0.984,17.237,-19.517,0.037,-0.00114,36.750,0.160,36.754,-0.004,0.986,Yes,,Yes,,BVriYJH
LSQ14ahm,LSQ14ahm,CSPII,Ia,11:41:22,-12:23:58,GALEXASC J114122.65-122354.9,0.0006918066667,0.0498,14929.8,0.049766,0.050987,,,1.161,0.009,0.041,0.688,0.044,0.796,0.01,0.061,56737.03,0.09,17.21,0.007,0.027,0.019,0.01,3.767,1.006,17.12,-19.599,0.049,-0.00088,36.750,0.150,36.719,0.031,0.986,Yes,,Yes,,BVri
LSQ14ajn,LSQ14ajn (SN2014ah),CSPII,Ia,11:55:31,+11:55:25.88,CGCG 068-091,0.0004761904762,0.021,6303,0.02101,0.022158,,,0.654,0.004,0.040,1.738,0.016,,,,56734.73,0.08,16.296,0.007,0.019,0.048,0.014,3.933,1.057,16.043,-18.819,0.082,-3.00E-05,35.000,0.170,34.862,0.138,0.979,,Yes,Yes,,BVri
LSQ14asu,LSQ14asu,CSPII,Ia,11:11:36,-21:28:00,2MASX J11113635-2127597,4.87E-05,0.0684,20519.1,0.068397,0.069594,,,0.775,0.012,0.042,1.426,0.026,1.177,0.014,0.062,56756.08,0.1,18.888,0.009,0.037,0.078,0.013,4.296,1.011,18.401,-19.025,0.086,-0.00313,37.690,0.170,37.426,0.264,0.927,Yes,,Yes,,BVri
LSQ14auy,LSQ14auy,CSPII,Ia,14:28:11,-4:03:18,2MASX J14281171-0403150,0.001055191464,0.0825,24723.9,0.082413,0.083226,,,1.136,0.014,0.042,0.743,0.061,0.903,0.02,0.063,56761.74,0.14,18.658,0.007,0.067,0.094,0.015,4.197,0.925,18.176,-19.661,0.073,-0.00691,37.850,0.170,37.837,0.013,0.987,Yes,,Yes,,
LSQ14azy,LSQ14azy,CSPII,Ia,11:12:35,+12:04:24.83,2MASX J11123493+1204206,0.0008005822416,0.0458,13728.9,0.045763,0.046932,,,1.136,0.027,0.048,,,0.911,0.045,0.075,56762.65,0.66,17.682,0.055,0.016,0.191,0.032,2.685,0.614,16.933,-19.6,0.128,-0.00292,36.660,0.220,36.533,0.127,0.981,,,Yes,,
LSQ14ba,LSQ14ba,CSPII,Ia,11:01:23,-15:37:10,GALEXASC J110123.17-153706.2,0.0006918066667,0.0776,23263.8,0.077546,0.078768,,,0.959,0.006,0.040,1.145,0.092,1.032,0.015,0.062,56673.36,0.1,18.794,0.01,0.049,0.129,0.015,2.824,0.532,18.299,-19.41,0.061,-0.00385,37.760,0.160,37.709,0.051,0.986,Yes,,Yes,,BVriYJ
LSQ14bbv,LSQ14bbv,CSPII,Ia,19:59:33,-56:59:28,2MASS J19593264-5659334,0.0006918066667,0.0588,17627.7,0.058759,0.058439,,,1.039,0.011,0.041,0.865,0.023,0.928,0.016,0.062,56772.16,0.14,17.747,0.005,0.046,0.072,0.015,3.241,0.938,17.443,-19.588,0.073,-0.00392,37.070,0.170,37.031,0.039,0.986,,,Yes,,
LSQ14bjj,LSQ14bjj,CSPII,Ia,14:20:49,-5:15:02,APMUKS(BJ) B141811.91-050120.8,0.0006918066667,0.0812,24343.2,0.081144,0.081988,,,0.996,0.008,0.041,0.973,0.02,0.98,0.015,0.062,56788.89,0.1,18.465,0.007,0.041,0.043,0.011,4.053,1.018,18.262,-19.54,0.058,-0.00203,37.760,0.160,37.802,-0.042,0.986,Yes,,Yes,,BVriYJ
LSQ14dsu,,CSPII,Ia,,,,,,,,,,,,,,,,1.225,0.016,0.062,56859.59,0.07,,,0.049,,,,,,,,,,,,,,,,,late start. has 1 NIR spec.,
LSQ14fmg,,CSPII,Ia-pec,,,,,,,,,,,,,,1.039,0.044,0.796,,0.031,56938.53,0.34,,,0.046,,,,,,,,,,,,,,,,,Oddball. Poor fits.,
LSQ14fms,LSQ14fms,CSPII,Ia,0:15:00,-51:12:40,2MASX J00145929-5112380,0.0006918066667,0.078,23383.8,0.077946,0.077323,,,0.849,0.015,0.043,1.277,0.028,1.274,0.051,0.028,56931.22,0.61,19.009,0.012,0.014,0.25,0.015,1.782,0.311,18.331,-19.339,0.068,-0.00168,37.620,0.170,37.67,-0.05,0.986,Yes,,Yes,,
LSQ14foj,LSQ14foj,CSPII,Ia,0:26:35,-32:48:33,GALEXASC J002634.59-324825.5,0.000723065799,0.0461,13820.1,0.046067,0.045171,,,1.015,0.01,0.041,0.889,0.037,1.005,0.02,0.063,56941.33,0.1,17.342,0.008,0.012,0.153,0.013,2.093,0.395,16.877,-19.574,0.054,-0.00226,36.420,0.160,36.451,-0.031,0.986,Yes,,Yes,,BVriYJH
LSQ14fom,LSQ14fom,CSPII,Ia,21:59:50,-30:16:16,2MASX J21594968-3016187,0.0007104795737,0.0563,16878,0.05626,0.055328,,,0.947,0.009,0.041,1.185,0.03,1.134,0.021,0.064,56937.5,0.05,17.794,0.008,0.018,0.119,0.012,2.874,0.506,17.355,-19.553,0.054,-0.00255,36.780,0.160,36.908,-0.128,0.978,Yes,,Yes,,BVriYJH
LSQ14gfb,LSQ14gfb,CSPII,Ia,5:10:06,-36:18:44,2MASX J05100559-3618388,0.0001265022138,0.0527,15812.1,0.052707,0.052787,,,0.605,0.035,0.053,,,1.632,0.144,0.044,56987.78,0.75,19.568,0.055,0.016,0.443,0.043,2.219,0.394,18.134,-18.666,0.120,-0.01094,36.880,0.210,36.8,0.08,0.985,Yes,,Yes,91bg?,
LSQ14gfn,LSQ14gfn,CSPII,Ia,3:28:32,-4:12:14,2MASX J03283205-0412113,0.0006918066666,0.1217,36484.8,0.121616,0.121093,,,0.991,0.023,0.046,0.961,0.084,1.069,0.039,0.072,56998.68,0.34,19.366,0.017,0.033,0.097,0.015,2.685,0.579,19.045,-19.669,0.061,-0.00244,38.540,0.160,38.714,-0.174,0.967,Yes,,Yes,,
LSQ14ghv,LSQ14ghv,CSPII,Ia,3:23:44,-31:35:03,2MASX J03234449-3135101,0.0006918066667,0.0667,19996.2,0.066654,0.066257,,,0.949,0.009,0.041,1.143,0.025,1.09,0.023,0.064,57003.04,0.12,18.37,0.009,0.009,0.073,0.01,4.339,0.896,17.966,-19.351,0.063,-0.00392,37.440,0.160,37.317,0.123,0.981,Yes,,Yes,,BVri
LSQ14gov,LSQ14gov,CSPII,Ia,4:06:01,-16:01:41,GALEXMSC J040601.67-160139.7,0.0006918066667,0.0896,26861.4,0.089538,0.089244,,,1.141,0.008,0.041,1.042,0.113,0.979,0.013,0.061,57027.76,0.08,18.467,0.006,0.036,0.008,0.007,3.731,1.018,18.427,-19.573,0.036,0.00036,38.080,0.150,38,0.08,0.985,Yes,,Yes,,BVriY
LSQ14ie,LSQ14ie,CSPII,Ia,12:55:33,-32:56:40,Anonymous,0.0006918066667,0.0896,26861.4,0.089538,0.090547,,,1.155,0.01,0.041,0.722,0.046,0.901,0.024,0.065,56688.67,0.13,18.742,0.007,0.072,0.05,0.016,3.669,0.991,18.492,-19.539,0.076,-0.00332,38.140,0.170,38.031,0.109,0.983,Yes,,Yes,,BVriY
LSQ14ip,LSQ14ip,CSPII,Ia,9:44:20,+04:35:52.56,2MASX J09442084+0435319,5.44E-05,0.0613,18389.1,0.061297,0.06242,,,0.522,0.009,0.041,,,1.798,0.01,0.061,56688.41,0.1,19.493,0.016,0.037,0.133,0.02,2.824,0.563,18.994,-18.184,0.078,-0.00355,37.170,0.180,37.178,-0.008,0.987,Yes,,Yes,,BVri
LSQ14jp,LSQ14jp,CSPII,Ia,12:57:22,-15:47:33,2MASX J12572166-1547411,0.0002202643172,0.0454,13617,0.04539,0.04649,0.617,0.051,0.677,0.007,0.041,1.743,0.08,1.155,0.022,0.064,56693.05,0.52,18.138,0.007,0.053,0.138,0.018,3.698,0.746,17.503,-19.009,0.079,-0.00756,36.500,0.170,36.512,-0.012,0.986,Yes,,Yes,,BVri
LSQ14mc,LSQ14mc,CSPII,Ia,9:02:13,+17:03:37.01,SDSS J090213.35+170335.4,0.001410934744,0.0567,16986,0.05662,0.057566,0.951,,0.964,0.004,0.040,1.103,0.025,1.058,0.012,0.061,56696.98,0.05,17.818,0.005,0.021,0.062,0.011,3.803,1.004,17.528,-19.466,0.066,-0.0024,36.990,0.160,36.994,-0.004,0.986,Yes,,Yes,,BVri
LSQ14q,LSQ14q,CSPII,Ia,8:53:58,+17:19:38.19,SDSS J085357.19+171942.6,0.003752857871,0.0667,20085,0.06695,0.067871,,,0.958,0.004,0.040,1.146,0.043,1.185,0.006,0.06,56673.2,0.05,18.178,0.006,0.02,0.05,0.01,4.079,1.007,17.928,-19.441,0.060,-0.00194,37.380,0.160,37.369,0.011,0.987,Yes,,Yes,,BVri
LSQ14wp,LSQ14wp,CSPII,Ia-91T,10:14:06,+06:40:30.54,SDSS J101405.83+064032.5,0.0006918066667,0.0695,20835.6,0.069452,0.070615,1.138,0.063,1.138,0.011,0.041,0.805,0.04,0.844,0.014,0.062,56717.22,0.06,17.874,0.007,0.021,0.023,0.01,3.904,1.016,17.773,-19.686,0.051,0.0001,37.380,0.160,37.459,-0.079,0.984,Yes,,Yes,91T?,uBVgriYJ
LSQ14xi,LSQ14xi,CSPII,Ia,12:30:41,-13:46:22,2MASX J12304088-1346236,0.001124577931,0.0508,15222.9,0.050743,0.051901,1.021,0.086,1.142,0.011,0.041,0.911,0.052,0.904,0.016,0.062,56720.29,0.08,18.256,0.007,0.037,0.324,0.016,2.797,0.293,17.042,-19.718,0.066,-0.00307,36.720,0.160,36.76,-0.04,0.986,Yes,,Yes,,BVriYJ
LSQ15aae,LSQ15aae,CSPII,Ia-91T,16:30:16,+05:55:58.73,2MASX J16301506+0555514,0.0006918066667,0.0516,15469.2,0.051564,0.05177,,,1.226,0.008,0.041,0.895,0.054,0.793,0.012,0.061,57116.02,0.08,17.835,0.006,0.062,0.138,0.019,3.111,0.803,17.251,-19.505,0.080,-0.00891,36.870,0.180,36.756,0.114,0.982,Yes,,Yes,91T?,uBVgriY
LSQ15adm,,CSPII,Ia-CSM,,,,,,,,,,,,,,0.419,0.106,,,,57128,1.81,,,0.039,,,,,,,,,,,,,,,,,Oddball. Extremely shallow LCs. Ia-CSM,
LSQ15agh,LSQ15agh,CSPII,Ia,10:52:55,+23:27:41.65,2MASX J10525434+2335518,0.005663489221,0.0603,17987.4,0.059958,0.061019,,,1.14,0.008,0.041,1.002,0.036,0.879,0.012,0.061,57139.85,0.09,17.733,0.005,0.022,0.055,0.012,3.628,0.938,17.482,-19.644,0.061,-0.00295,37.150,0.160,37.126,0.024,0.987,Yes,,Yes,,BVriY
LSQ15aja,LSQ15aja,CSPII,Ia,17:03:09,+12:27:41.65,SDSS J170308.90+122741.5,0.0006918066667,0.07,20985.6,0.069952,0.069966,,,1.027,0.01,0.041,0.924,0.023,0.921,0.011,0.061,57147.77,0.05,18.03,0.007,0.055,0.044,0.012,4.02,0.978,17.83,-19.61,0.061,-0.00211,37.360,0.160,37.44,-0.08,0.984,Yes,,Yes,,BVriYJ
LSQ15alq,LSQ15alq,CSPII,Ia,13:09:19,-25:52:20,ESO 508- G 016,0.0007077140835,0.0471,14120.1,0.047067,0.048095,,,0.92,0.005,0.040,1.243,0.019,1.191,0.004,0.06,57154.54,0.06,17.319,0.005,0.067,0.072,0.015,3.321,0.878,17.04,-19.548,0.055,-0.00759,36.420,0.160,36.588,-0.168,0.97,Yes,,Yes,,BVriY
LSQ15bv,LSQ15bv,CSPII,Ia,10:59:47,-16:49:11,2MASX J10594717-1649070,0,0.0689,20670,0.0689,0.070117,,,0.955,0.01,0.041,,,1.164,0.012,0.061,57043.32,0.82,18.185,0.009,0.044,0.065,0.014,3.322,0.906,17.924,-19.519,0.060,-0.00519,37.380,0.160,37.443,-0.063,0.985,Yes,,Yes,,
PS1-13eao,PS1-13eao,CSPII,Ia,3:29:56,-28:46:18,ESO 418- G 007,0.001234567901,0.0378,11325.9,0.037753,0.037362,,,0.893,0.047,0.062,,,1.03,0.04,0.072,56624.41,0.36,21.827,0.098,0.011,1.677,0.054,2.752,0.148,15.98,-20.045,0.149,-0.00705,35.040,0.210,36.025,-0.985,0,Yes,,,High extinction,
PS1-14ra,PS1-14ra,CSPII,Ia,14:41:28,+09:25:58.70,IC 1044,0.0005931198102,0.0281,8424.9,0.028083,0.028798,,,0.778,0.006,0.040,,,1.161,0.041,0.072,56724.54,0.08,16.623,0.005,0.023,0.112,0.013,2.931,0.627,16.192,-19.251,0.056,-0.00466,35.410,0.160,35.443,-0.033,0.984,Yes,Yes,,,
PS1-14rx,PS1-14rx,CSPII,Ia,12:46:53,+14:47:50.10,SDSS J124653.32+144748.4,0.005310044344,0.0666,20086.2,0.066954,0.068002,,,0.848,0.018,0.044,,,1.153,0.02,0.063,56736.58,0.1,18.547,0.021,0.027,0.071,0.015,3.837,0.964,18.182,-19.191,0.078,-0.00513,37.500,0.170,37.373,0.127,0.981,Yes,,,,BVri
PS1-14xw,PS1-14xw,CSPII,Ia,16:52:58,+02:23:36.50,NGC 6240,0,0.0245,7350,0.0245,0.024596,,,1.036,0.01,0.041,0.878,0.039,0.908,0.01,0.061,56785.47,0.08,15.798,0.005,0.066,0.115,0.017,3.31,0.75,15.33,-19.765,0.061,-0.00874,34.950,0.160,35.095,-0.145,0.975,,,,"has NIR, but z = 0.025",
PS15sv,PS15sv,CSPII,Ia-91T,16:13:12,+01:35:31.10,GALEXASC J161311.68+013532.2,0.0006918066667,0.0333,9983.1,0.033277,0.033584,,,1.113,0.014,0.042,1.033,0.02,0.984,0.012,0.061,57113.54,0.09,16.44,0.009,0.078,0.107,0.018,3.221,0.787,16.023,-19.763,0.065,-0.00888,35.650,0.160,35.786,-0.136,0.977,Yes,Yes,,91T?,BVgriYJ
PTF11pbp,PTF11pbp (SN2011hb),CSPII,Ia,23:27:56,+08:46:45.00,NGC 7674,0.0001153402537,0.0289,8670.9,0.028903,0.02767,1.090,0.117,1.157,0.007,0.041,0.94,0.029,0.978,0.007,0.06,55871.75,0.04,16.353,0.005,0.051,0.152,0.016,3.516,0.622,15.676,-19.683,0.063,-0.00713,35.360,0.160,35.359,0.001,0.984,Yes,Yes,,,uBVgriYJH
PTF11ppn,PTF11ppn,CSPII,Ia-91bg,21:35:22,+26:56:04.70,2MASX J21352164+2656051,0.0006918066667,0.0673,20175.9,0.067253,0.066187,,,0.66,0.038,0.055,,,1.631,0.051,0.079,55860.49,1.32,18.77,0.137,0.132,0.235,0.052,2.754,0.611,18.117,-19.199,0.188,-0.01248,36.850,0.280,37.316,-0.466,0.154,Yes,,,"91bg,i; has NIR, but z = 0.017",
PTF11pra,PTF11pra (SN2011hk),CSPII,Ia,2:18:46,-6:38:31,NGC 881,0.00321969697,0.0176,5262.9,0.017543,0.016724,,,0.442,0.017,0.043,,,,-1,,55864.58,0.55,18.098,0.049,0.024,0.436,0.039,2.167,0.315,16.734,-17.512,0.110,-0.00813,34.280,0.200,34.246,0.034,0.981,,,,,
PTF11qnr,PTF11qnr (SN2011im),CSPII,Ia,22:44:25,-0:10:02,NGC 7364,0.001028806584,0.0162,4865.1,0.016217,0.014999,,,0.807,0.008,0.041,1.478,0.013,1.346,0.009,0.061,55903.58,0.04,15.763,0.007,0.056,0.294,0.018,2.41,0.286,14.767,-19.24,0.064,-0.00321,34.040,0.160,34.007,0.033,0.979,,Yes,,,uBVgriYJH
PTF13anh,iPTF13anh,CSPII,Ia,13:06:50,+15:34:32.36,SDSS J130650.44+153432.7,0.0009357311075,0.0614,18437.1,0.061457,0.062454,,,0.944,0.007,0.041,1.167,0.083,1.04,0.016,0.062,56413.95,0.1,17.93,0.012,0.022,0.003,0.004,3.616,1.021,17.915,-19.264,0.022,-2.00E-05,37.320,0.150,37.179,0.141,0.979,Yes,,,,BVri
PTF13duj,iPTF13duj,CSPII,Ia,21:13:45,+13:34:33.10,NGC 7042,0.003529411765,0.017,5082,0.01694,0.015867,,,1.158,0.013,0.042,0.918,0.009,0.782,0.022,0.064,56601.3,0.16,15.051,0.008,0.067,0.099,0.019,2.826,0.801,14.66,-19.471,0.071,-0.00876,34.380,0.160,34.131,0.249,0.965,,Yes,,,uBVgri
PTF13dwl,iPTF13dwl,CSPII,Ia,21:16:49,+12:00:50.80,GALEXASC J211648.97+120052.8,0.0006918066667,0.0875,26231.7,0.087439,0.086356,,,1.114,0.023,0.046,0.849,0.019,0.907,0.029,0.067,56606.16,0.63,18.513,0.008,0.061,0.051,0.017,3.403,0.972,18.296,-19.63,0.071,-0.00387,37.940,0.170,37.926,0.014,0.987,Yes,,,,
PTF13dym,iPTF13dym,CSPII,Ia-91bg,23:24:30,+14:39:04.00,SDSS J232430.20+143903.6,0.001658767773,0.0422,12639,0.04213,0.040906,,,0.517,0.024,0.047,1.662,0.025,1.977,0.013,0.061,56609.83,0.65,17.574,0.035,0.038,0.055,0.024,4.457,1.104,17.586,-18.643,0.112,0.00311,35.390,0.210,36.229,-0.839,0,Yes,,,"91bg,i.  Strange NIR behavior",BVri
PTF13dyt,,CSPII,Ia-pec,,,,,,,,,,,,,,,,1.497,0.091,0.109,56610.45,0.5,,,0.046,,,,,,,,,,,,,,,,,Peculiar Y LC?,
PTF13ebh,iPTF13ebh,CSPII,Ia,2:22:00,+33:16:13.70,NGC 0890,0.003007518797,0.0133,3978,0.01326,0.012484,0.642,0.025,0.632,0.004,0.040,1.763,0.016,1.635,0.006,0.06,56623.29,0.03,15.042,0.007,0.067,0.084,0.017,3.623,0.867,14.671,-18.933,0.070,-0.00791,33.530,0.160,33.604,-0.074,0.975,,Yes,,,uBVgriYJH
PTF13efe,iPTF13efe,CSPII,Ia,8:43:39,+16:10:37.30,SDSS J084339.26+161037.5,0.002022443409,0.0751,22484.4,0.074948,0.075847,,,1.159,0.011,0.041,0.707,0.074,0.811,0.011,0.061,56641.56,0.12,18.209,0.008,0.021,0.058,0.013,3.249,0.884,17.968,-19.655,0.055,-0.00524,37.650,0.160,37.623,0.027,0.987,Yes,,,,BVriYJ
PTF13ez,iPTF13ez,CSPII,Ia,12:09:51,+19:47:15.70,SDSS J120951.25+194716.5,0.002983797936,0.0436,13041,0.04347,0.044537,,0.000,0.896,0.012,0.042,1.22,0.03,1.35,0.013,0.061,56347.16,0.24,17.389,0.026,0.043,0.121,0.017,2.61,0.546,16.975,-19.44,0.066,-0.00439,36.320,0.160,36.415,-0.095,0.982,Yes,,,,
PTF14aaf,,CSPII,Ia,,,,,,17645.1,0.058817,0.059565,,,1.169,0.01,0.041,0.917,0.073,0.997,0.016,0.062,56741.26,0.08,18.038,0.008,0.029,0.149,0.015,3.492,0.904,17.386,-19.686,0.096,-0.00552,37.050,0.190,37.072,-0.022,0.986,,,,1 NIR spec,BVri
PTF14aje,iPTF14aje,CSPII,Ia,15:25:12,-1:48:52,SDSS J152512.43-014840.1,0.002566807007,0.0276,8301.3,0.027671,0.028227,0.639,0.051,0.685,0.006,0.040,,,1.589,0.009,0.061,56758.7,0.08,18.511,0.011,0.152,0.654,0.034,2.508,0.218,16.27,-19.129,0.080,-0.00581,35.280,0.170,35.399,-0.119,0.978,Yes,,,Need to be refit to get accurate DM(cv) and q values.,BVgriYJH
PTF14ans,,CSPII,Ia-02cx,,,,,,,,,,0.000,,,,1.335,0.063,1.096,0.057,0.082,56783.16,0.24,,,0.044,,,,,,,,,,,,,,,,,"Iax, sBV determined from LC",
PTF14fpg,iPTF14fpg (SN2014dk),CSPII,Ia,0:28:12,+07:09:43.50,SDSS J002812.09+070940.0,0,0.034,10200,0.034,0.03283,1.018,0.031,1.079,0.012,0.042,0.796,0.012,0.844,0.011,0.061,56931.15,0.07,16.758,0.006,0.026,0.086,0.014,2.998,0.92,16.339,-19.399,0.082,-0.00397,36.120,0.170,35.738,0.382,0.784,Yes,Yes,,hostless and maybe strange 0.5 mag subluminous,uBVgri
PTF14gnl,iPTF14gnl,CSPII,Ia,0:23:48,-3:51:28,LCSB S0066P,0.0001862197393,0.0537,16107,0.05369,0.052535,,,1.02,0.006,0.040,0.915,0.085,0.912,0.009,0.061,56956.78,0.13,17.426,0.007,0.027,0.055,0.01,4.342,0.964,17.148,-19.644,0.055,-0.00336,36.720,0.160,36.792,-0.072,0.984,Yes,,,,BVriYJH
PTF14uo,iPTF14uo,CSPII,Ia,13:18:58,+09:42:40.30,GALEXASC J131857.37+094244.0,0.0006918066667,0.0913,27371.1,0.091237,0.092241,,,1.123,0.016,0.043,,,1.052,0.033,0.068,56720.46,0.09,18.732,0.006,0.016,0.061,0.012,3.88,1.014,18.438,-19.636,0.070,-0.00187,38.090,0.170,38.074,0.016,0.987,Yes,,,,BVri
PTF14w,iPTF14w,CSPII,Ia,12:03:31,+02:02:34.00,UGC 07034,0.0003527336861,0.0189,5667.9,0.018893,0.020084,0.685,0.025,0.743,0.004,0.040,1.529,0.025,1.509,0.006,0.06,56669.93,0.03,16.086,0.004,0.021,0.093,0.013,3.5,0.712,15.656,-18.989,0.065,-0.00436,34.820,0.160,34.645,0.175,0.975,,Yes,,,uBVgriYJH
PTF14yw,iPTF14yw (SN2014aa),CSPII,Ia,11:45:04,+19:58:25.40,NGC 3861,0.001764705882,0.017,5091,0.01697,0.01806,0.854,0.035,0.854,0.008,0.041,1.299,0.014,1.168,0.01,0.061,56729.46,0.08,15.728,0.008,0.026,0.011,0.009,3.409,0.983,15.661,-18.75,0.043,-0.00175,35.010,0.150,34.411,0.599,0.411,,Yes,,,uBVgri
PTF14yy,iPTF14yy,CSPII,Ia,12:26:09,+09:58:44.20,SDSS J122608.78+095847.1,0.003010387162,0.0431,12891,0.04297,0.04409,,,0.837,0.01,0.041,1.368,0.054,1.329,0.007,0.06,56733.3,0.06,18.484,0.011,0.02,0.356,0.015,2.898,0.254,17.108,-19.285,0.067,-0.0023,36.380,0.160,36.393,-0.013,0.986,Yes,,,,BVriYJ
SN2004dt,,CSPI,Ia-pec,2.036880556,-0.097638889,NGC 799,,,,,,,,,,,,,,,,,,,,,,,,,,,,,,,,,,,,,caught late and very poor LC fits,
SN2004ef,,CSPI,Ia,22.70278333,19.99455556,UGC 12158,,,9290.1,0.030967,0.02977,0.852,0.019,0.84,0.003,0.040,1.353,0.014,1.331,0.004,0.06,53264.4,0.5,16.87,0.004,0.046,0.175,0.015,2.131,0.402,16.315,-19.206,0.057,-0.00309,35.640,0.160,35.521,0.119,0.981,,,,,BVugri
SN2004eo,,CSPI,Ia,20.54838611,9.928527778,NGC 6928,,,4707,0.01569,0.014737,0.836,0.021,0.867,0.005,0.040,1.389,0.014,1.314,0.007,0.06,53278.6,0,15.126,0.007,0.093,0.124,0.022,2.582,0.714,14.689,-19.279,0.065,-0.01105,34.050,0.160,33.968,0.082,0.979,,,,,BVugriYJH
SN2004ey,,CSPI,Ia,21.81883611,0.444222222,UGC 11816,,,4733.1,0.015777,0.014627,1.100,0.025,1.008,0.003,0.040,0.954,0.04,0.967,0.004,0.06,53304.2,0,14.777,0.003,0.12,0.052,0.016,3.476,0.95,14.539,-19.413,0.065,-0.00731,34.140,0.160,33.952,0.188,0.973,,,,,BVugriJ
SN2004gc,,CSPI,Ia,5.363875,6.676027778,ARP 327,,,9623.4,0.032078,0.030713,,,0.91,0.022,0.046,,,1.079,0.046,0.076,53324.8,0.8,16.851,0.056,0.178,0.22,0.046,2.618,0.594,16.136,-19.454,0.141,-0.00448,35.480,0.250,35.59,-0.11,0.98,,,,,
SN2004gs,,CSPI,Ia,8.639772222,17.62772222,MCG +03-22-020,,,7988.1,0.026627,0.028277,0.711,0.023,0.707,0.003,0.040,1.626,0.028,1.557,0.007,0.06,53356.4,0.5,17.184,0.004,0.026,0.231,0.015,2.394,0.349,16.39,-19.011,0.070,-0.00206,35.500,0.160,35.401,0.099,0.982,,,,,uBVgri
SN2004gu,,CSPI,Ia-06gz,12.77353333,11.94891667,FGC 175A,,,13748.1,0.045827,0.046897,,,1.153,0.011,0.041,0.853,0.091,0.823,0.01,0.061,53361.7,0.3,17.422,0.011,0.022,0.197,0.015,1.857,0.313,16.867,-19.664,0.056,-0.00187,36.530,0.160,36.531,-0.001,0.986,,,,,
SN2005A,,CSPI,Ia,2.512013889,-2.938833333,NGC 958,,,5738.1,0.019127,0.01834,,,0.963,0.007,0.041,1.115,0.111,1.057,0.021,0.064,53379.7,0.6,18.115,0.012,0.026,1.096,0.016,2.065,0.091,14.832,-19.617,0.079,-0.00082,34.330,0.170,34.449,-0.119,0.976,,,,,
SN2005ag,,CSPI,Ia,14.94545833,9.328472222,,,,23811,0.07937,0.08008,1.088,0.074,1.145,0.009,0.041,0.98,0.06,0.916,0.007,0.06,53413.4,0.6,18.412,0.006,0.033,0.054,0.013,3.4,0.961,18.163,-19.585,0.063,-0.00364,37.860,0.160,37.748,0.112,0.982,,,,,BVgri
SN2005al,,CSPI,Ia,13.833425,-30.57616667,NGC 5304,,,3717.9,0.012393,0.013287,0.912,0.015,0.868,0.004,0.040,1.193,0.036,1.34,0.005,0.06,53430.4,0.5,14.885,0.006,0.048,0.014,0.009,3.549,0.986,14.812,-18.925,0.043,-0.00124,34.180,0.150,33.737,0.443,0.909,,,,,uBVgri
SN2005am,,CSPI,Ia,9.270297222,-16.30444444,NGC 2811,,,2367.9,0.007893,0.008967,0.813,0.014,0.765,0.004,0.040,1.524,0.029,1.49,0.007,0.06,53437.2,0.1,13.699,0.006,0.043,0.118,0.016,2.716,0.641,13.284,-19.591,0.061,-0.00618,32.490,0.160,32.875,-0.385,0.934,,,,,uBVbri
SN2005be,,CSPI,Ia,14.99242222,16.66988889,,,,10500,0.035,0.035577,,,0.768,0.022,0.046,,,1.455,0.042,0.073,53461.2,0.6,16.987,0.057,0.029,0.066,0.028,3.597,1.016,16.707,-19.207,0.122,-0.00221,35.890,0.210,35.914,-0.024,0.985,,,,,
SN2005bg,,CSPI,Ia,12.28810556,16.37155556,MCG +03-31-93,,,6921,0.02307,0.024157,,,1.064,0.039,0.056,,,1.023,0.051,0.079,53469.6,0.7,15.846,0.052,0.026,0.11,0.029,2.643,0.63,15.444,-19.609,0.116,-0.00178,35.110,0.200,35.053,0.057,0.983,,,,,
SN2005bl,,CSPI,Ia-91bg,12.07007222,20.40688889,NGC 4059,,,7212.9,0.024043,0.025113,,,0.429,0.011,0.041,,,1.906,0.009,0.061,53482.6,0.1,18.48,0.028,0.025,0.191,0.029,2.442,0.531,17.796,-17.343,0.117,-0.00207,35.260,0.210,35.139,0.121,0.98,,,,,
SN2005bo,,CSPI,Ia,12.82806389,-11.09647222,NGC 4708,,,4166.1,0.013887,0.015013,,,0.883,0.009,0.041,,,1.293,0.018,0.063,53478.9,0.1,15.671,0.005,0.04,0.349,0.015,2.638,0.461,14.481,-19.523,0.127,-0.00282,33.780,0.210,34.004,-0.224,0.962,,,,,
SN2005el,,CSPI,Ia,5.196866667,5.194277778,NGC 1819,,,4470,0.0149,0.014883,0.886,0.028,0.864,0.003,0.040,1.341,0.074,1.352,0.006,0.06,53646.7,0.5,14.895,0.009,0.098,0.016,0.011,3.57,0.998,14.818,-19.17,0.052,-0.00177,34.180,0.150,33.988,0.192,0.973,,,,,uBVgriYJH
SN2005eq,,CSPI,Ia-91T,3.147030556,-7.03325,MCG -01-09-006,,,8687.1,0.028957,0.02835,1.152,0.029,1.136,0.009,0.041,0.835,0.06,0.813,0.007,0.06,53654.5,0.1,16.294,0.007,0.063,0.135,0.016,2.809,0.49,15.78,-19.631,0.059,-0.00419,35.470,0.160,35.411,0.059,0.984,,,,,uBVgriYJ
SN2005gj,,CSPI,Ia,3.019986111,-0.553861111,,,,,,,,,,,,,,,,,,,,,,,,,,,,,,,,,,,,,,caught late and very poor LC fits,
SN2005hc,,CSPI,Ia,1.94665,-0.213722222,MCG +00-06-003,,,13772.1,0.045907,0.044497,1.113,0.040,1.141,0.007,0.041,0.884,0.034,0.875,0.01,0.061,53667.2,0.1,17.31,0.005,0.028,0.092,0.012,3.866,0.773,16.849,-19.57,0.061,-0.00506,36.550,0.160,36.419,0.131,0.98,,,,,uBVgriYJ
SN2005hj,,CSPI,Ia,1.446741667,-1.238,APMUKS(BJ) B012415.21-012950.3,,,17390.1,0.057967,0.05695,,,1.151,0.019,0.044,0.827,0.097,0.796,0.014,0.062,53673.7,0.2,17.761,0.011,0.033,0.141,0.015,2.659,0.498,17.263,-19.711,0.063,-0.00319,36.900,0.160,36.974,-0.074,0.984,,,,,
SN2005hk,,CSPI,Ia-pec,0.464130556,-1.197916667,UGC 272,,,,,,,,,,,,,,,,,,,,,,,,,,,,,,,,,,,,,"Iax, sBV from LC splines",
SN2005iq,,CSPI,Ia,23.97569444,-18.70916667,MCG -03-01-008,,,10206,0.03402,0.03293,0.924,0.054,0.882,0.006,0.040,1.244,0.012,1.278,0.011,0.061,53687.6,0,16.796,0.008,0.019,0.041,0.01,3.894,0.935,16.579,-19.166,0.056,-0.00252,35.960,0.160,35.745,0.215,0.965,,,,,uBVgri
SN2005ir,,CSPI,Ia,1.278852778,0.793694444,,,,22892.1,0.076307,0.075233,,,1.003,0.014,0.042,0.883,0.068,0.884,0.024,0.065,53684.6,0.1,18.396,0.012,0.027,0.105,0.014,2.718,0.598,18.024,-19.585,0.067,-0.00113,37.540,0.170,37.609,-0.069,0.984,,,,,
SN2005kc,,CSPI,Ia,22.56870556,5.568416667,NGC 7311,,,4533,0.01511,0.01389,,,0.933,0.005,0.040,1.222,0.027,1.176,0.009,0.061,53697.8,0,15.59,0.008,0.114,0.33,0.025,2.564,0.345,14.422,-19.417,0.069,-0.00677,33.890,0.160,33.839,0.051,0.978,,,,,
SN2005ke,,CSPI,Ia-91bg,3.584541667,-24.94411111,NGC 1371,,,1463.1,0.004877,0.004483,0.405,0.026,0.436,0.003,0.040,1.755,0.012,1.691,0.008,0.061,53699,0.1,14.789,0.009,0.02,0.175,0.02,1.617,0.222,14.333,-17.032,0.055,-0.00137,31.840,0.160,31.365,0.475,0.953,,,,,uBVgriYJH
SN2005ki,,CSPI,Ia,10.67450556,9.202333333,NGC 3332,,,5757.9,0.019193,0.02037,0.865,0.026,0.836,0.004,0.040,1.246,0.019,1.359,0.004,0.06,53705.3,0.1,15.584,0.005,0.027,0.037,0.011,3.225,0.92,15.431,-19.245,0.048,-0.00389,34.740,0.150,34.676,0.064,0.982,,,,,uBVgriYJH
SN2005ku,,CSPI,Ia,22.99516944,-0.013694444,2MASX J22594265-0000478,,,13622.1,0.045407,0.044183,,,0.973,0.035,0.053,,,1.027,0.066,0.089,53699.1,0.9,17.539,0.062,0.046,0.175,0.034,2.53,0.589,16.924,-19.478,0.123,-0.0051,36.430,0.210,36.402,0.028,0.986,,,,,
SN2005lu,,CSPI,Ia,2.601030556,-17.26388889,ESO 545-G038,,,9596.1,0.031987,0.031293,,,1.063,0.03,0.050,,,0.844,0.043,0.074,53711.5,0.7,17.245,0.057,0.022,0.335,0.031,2.302,0.424,16.093,-19.538,0.119,-0.00649,35.800,0.200,35.631,0.169,0.975,,,,,
SN2005M,,CSPI,Ia-91T,9.625655556,23.20075,NGC 2930,,,6599.1,0.021997,0.02558,1.147,0.033,1.205,0.004,0.040,0.871,0.021,0.796,0.005,0.06,53405.7,0,15.919,0.003,0.027,0.077,0.012,3.235,0.772,15.598,-19.576,0.053,-0.00492,35.200,0.160,35.174,0.026,0.984,,,,,uBVgriYJH
SN2005mc,,CSPI,Ia,8.451766667,21.646,UGC 4414,,,7560.9,0.025203,0.026007,,,0.666,0.02,0.045,,,1.613,0.039,0.072,53734.4,0.6,17.222,0.054,0.038,0.298,0.034,2.585,0.586,16.208,-19.009,0.140,-0.00439,35.150,0.250,35.217,-0.067,0.982,,,,,
SN2005na,,CSPI,Ia,7.026838889,14.13325,UGC3634,,,7890.9,0.026303,0.026813,1.014,0.031,0.97,0.005,0.040,0.98,0.065,1.03,0.008,0.061,53740.3,0.2,16.008,0.007,0.068,0.079,0.014,3.837,0.854,15.652,-19.633,0.059,-0.00653,35.150,0.160,35.285,-0.135,0.976,,,,,uBVgri
SN2005W,,CSPI,Ia,1.846047222,21.75983333,NGC 691,,,2664.9,0.008883,0.00795,,,0.938,0.006,0.040,1.121,0.034,1.111,0.016,0.062,53412.1,0,14.209,0.006,0.062,0.25,0.018,2.62,0.53,13.296,-19.32,0.121,-0.00337,32.770,0.190,32.616,0.154,0.967,,,,,
SN2006ax,,CSPI,Ia,11.40096111,-12.29144444,NGC 3663,,,5018.1,0.016727,0.017957,1.019,0.033,1.003,0.004,0.040,1.038,0.036,0.985,0.007,0.06,53827.1,0.5,15.033,0.006,0.041,0.046,0.011,3.827,0.956,14.817,-19.581,0.056,-0.00356,34.400,0.160,34.398,0.002,0.981,,,,,uBVgriYJH
SN2006bd,,CSPI,Ia-91bg,11.64123889,20.52622222,UGC 6609,,,7712.1,0.025707,0.026797,,,0.395,0.01,0.041,,,1.913,0.006,0.06,53824.5,0.1,18.763,0.037,0.023,0.143,0.029,2.295,0.495,18.281,-17.002,0.095,-0.00573,35.400,0.190,35.283,0.117,0.981,,,,,
SN2006bh,,CSPI,Ia,22.67113889,-66.48508333,NGC 7329,,,3252,0.01084,0.010493,0.856,0.021,0.827,0.003,0.040,1.418,0.017,1.391,0.006,0.06,53833.5,0.5,14.369,0.004,0.023,0.06,0.012,3.051,0.81,14.126,-19.096,0.052,-0.00435,33.430,0.150,33.222,0.208,0.969,,,,,uBVgriYJH
SN2006br,,CSPI,Ia,13.5005,13.41577778,NGC5185,,,7371.9,0.024573,0.025523,,,0.954,0.032,0.051,,,1.107,0.07,0.092,53850.6,0.8,18.934,0.08,0.02,0.967,0.046,2.491,0.21,15.633,-19.542,0.131,-0.00774,35.100,0.200,35.175,-0.075,0.982,,,,,
SN2006bt,,CSPI,Ia-06bt,15.94181389,20.046,,,,,,,,,,,,,,,,,,,,,,,,,,,,,,,,,,,,,,06bt-like :-P,
SN2006D,,CSPI,Ia,12.87609444,-9.775222222,MCG -01-33-34,,,2556,0.00852,0.00964,0.831,0.019,0.839,0.003,0.040,1.414,0.025,1.375,0.005,0.06,53757.5,0.1,14.194,0.005,0.039,0.15,0.015,1.82,0.325,13.775,-19.258,0.049,-0.00206,33.080,0.150,33.033,0.047,0.972,,,,,uBVgri
SN2006ef,,CSPI,Ia,2.072086111,-8.728388889,NGC809,,,5361,0.01787,0.017027,,,0.858,0.02,0.045,,,1.355,0.038,0.071,53969.2,0.7,15.44,0.067,0.02,0.037,0.024,3.586,0.998,15.21,-19.075,0.129,-0.00204,34.610,0.200,34.285,0.325,0.943,,,,,
SN2006ej,,CSPI,Ia,0.649936111,-9.015722222,NGC 191A,,,6131.1,0.020437,0.019337,,,0.845,0.018,0.044,,,1.368,0.036,0.07,53976,0.2,15.748,0.049,0.03,0.071,0.018,3.399,0.932,15.425,-19.141,0.085,-0.00907,34.770,0.170,34.566,0.204,0.971,,,,,
SN2006eq,,CSPI,Ia,21.47698056,1.228111111,,,,14840.1,0.049467,0.048367,,,0.656,0.022,0.046,,,1.612,0.038,0.071,53979.2,0.3,18.567,0.061,0.042,0.269,0.03,2.937,0.494,17.57,-19.035,0.109,-0.00943,36.450,0.190,36.605,-0.155,0.973,,,,,
SN2006et,,CSPI,Ia,0.712727778,-23.55844444,NGC 232,,,6647.1,0.022157,0.021647,1.182,0.041,1.181,0.006,0.040,0.886,0.018,0.887,0.008,0.061,53993.8,0.1,15.973,0.005,0.017,0.23,0.013,2.584,0.317,15.154,-19.66,0.060,-0.00214,34.820,0.160,34.814,0.006,0.983,,,,,uBVgriYJH
SN2006ev,,CSPI,Ia,21.51646111,13.98922222,UGC 11758,,,8613.9,0.028713,0.0276,,,0.84,0.021,0.045,,,1.334,0.037,0.07,53989.7,0.2,17.162,0.056,0.076,0.225,0.03,2.686,0.524,16.289,-19.064,0.100,-0.01128,35.660,0.180,35.353,0.307,0.924,,,,,
SN2006fw,,CSPI,Ia,1.786205556,-0.147,anonymous,,,24882.9,0.082943,0.081987,,,0.901,0.051,0.065,,,1.093,0.107,0.123,54003.6,0.7,19.089,0.048,0.028,0.32,0.034,3.058,0.583,18.203,-19.603,0.126,-0.00347,37.160,0.260,37.806,-0.646,0.001,,,,,
SN2006gj,,CSPI,Ia,3.293277778,-1.691722222,UGC 2650,,,8499.9,0.028333,0.026967,0.811,0.092,0.709,0.007,0.041,1.683,0.101,1.56,0.011,0.061,54000.4,0.1,17.669,0.009,0.071,0.348,0.022,2.987,0.329,16.274,-19.028,0.079,-0.00473,35.390,0.170,35.302,0.088,0.983,,,,,uBVgriYJ
SN2006gt,,CSPI,Ia-91bg,0.938138889,-1.629444444,2MASX J00561810-013732,,,13422,0.04474,0.043643,0.653,0.067,0.565,0.009,0.041,1.884,0.081,1.645,0.01,0.061,54003.6,0.5,18.224,0.012,0.032,0.054,0.017,3.262,0.925,17.986,-18.388,0.069,-0.00607,36.490,0.170,36.374,0.116,0.982,,,,,BVgriYJ
SN2006hb,,CSPI,Ia-86G,5.033688889,-21.13197222,MCG -04-12-34,,,4599.9,0.015333,0.015337,,,0.682,0.018,0.044,,,1.584,0.035,0.069,54003,0.6,15.587,0.052,0.024,0.152,0.025,2.612,0.538,15.047,-19.007,0.096,-0.00691,34.080,0.180,34.054,0.026,0.98,,,,,
SN2006hx,,CSPI,Ia,1.232586111,0.371666667,2MASX J01135716+0022171,,,13638.9,0.045463,0.044403,,,0.98,0.012,0.042,1.187,0.071,1.028,0.024,0.065,54021.8,0.1,17.534,0.026,0.026,0.203,0.02,2.711,0.451,16.809,-19.604,0.071,-0.00573,36.310,0.160,36.413,-0.103,0.981,,,,,
SN2006is,,CSPI,Ia,5.292880556,-23.78172222,APMUKS(BJ) B051529.79-235009.8,,,9399.9,0.031333,0.03142,,,1.093,0.036,0.054,,,0.796,0.04,0.072,54005.3,0.8,16.176,0.053,0.029,0.068,0.021,2.448,0.573,15.958,-19.68,0.082,-0.00421,35.570,0.170,35.638,-0.068,0.983,,,,,
SN2006kf,,CSPI,Ia,3.697355556,8.156944444,UGC 2829,,,6386.1,0.021287,0.0208,0.772,0.045,0.771,0.005,0.040,1.581,0.029,1.503,0.009,0.061,54041.3,0,15.973,0.007,0.21,0.083,0.021,3.68,0.958,15.584,-19.142,0.082,-0.01085,34.820,0.170,34.726,0.094,0.981,,,,,uBVgriYJH
SN2006lu,,CSPI,Ia,9.254897222,-25.60008333,anonymous,,,16010.1,0.053367,0.054397,,,1.003,0.019,0.044,,,0.933,0.037,0.07,54034.4,0.2,17.548,0.053,0.099,0.034,0.021,3.475,0.988,17.381,-19.485,0.098,-0.0037,36.960,0.180,36.866,0.094,0.984,,,,,
SN2006mr,,CSPI,Ia-91bg,3.378622222,-37.20813889,NGC1316,,,1760.1,0.005867,0.00551,0.331,0.035,0.333,0.004,0.040,1.817,0.022,1.904,0.004,0.06,54050.8,0.1,15.315,0.021,0.018,0.031,0.023,2.817,0.628,15.204,-16.245,0.093,0.00201,31.680,0.200,31.449,0.231,0.947,,,,,uBVgriYJH
SN2006ob,,CSPI,Ia,1.863363889,0.263416667,UGC 1333,,,17759.1,0.059197,0.058257,,,0.739,0.009,0.041,1.558,0.031,1.512,0.014,0.062,54063.5,0.6,18.288,0.012,0.029,0.118,0.014,2.896,0.509,17.84,-19.185,0.062,-0.00231,36.990,0.160,37.025,-0.035,0.986,,,,,
SN2006os,,CSPI,Ia,2.916972222,16.00966667,UGC 2384,,,9836.1,0.032787,0.03208,,,0.941,0.02,0.045,,,1.048,0.048,0.077,54064.4,0.7,17.615,0.052,0.125,0.431,0.037,2.465,0.36,16.163,-19.523,0.099,-0.01054,35.600,0.180,35.686,-0.086,0.982,,,,,
SN2006ot,,CSPI,Ia-06bt,2.251344444,-20.76616667,ESO 544-G31,,,,,,,,,,,,,,,,,,,,,,,,,,,,,,,,,,,,,06bt-like :-P,
SN2006py,,CSPI,Ia,22.69501389,-0.136916667,SDSS J224142.04-000812.9,,,17358,0.05786,0.056643,,,0.966,0.018,0.044,,,1.059,0.048,0.077,54070.9,0.3,17.917,0.016,0.052,0.159,0.018,2.77,0.586,17.379,-19.583,0.085,-0.00198,36.790,0.180,36.962,-0.172,0.968,,,,,
SN2006X,,CSPI,Ia,12.38166389,15.80919444,NGC 4321,,,1571.1,0.005237,0.00632,,,0.97,0.004,0.040,,,1.057,0.015,0.062,53786.3,0.1,15.243,0.009,0.023,1.349,0.015,1.906,0.059,11.44,-20.671,0.069,-0.00047,30.920,0.160,32.111,-1.191,0.557,,,,,
SN2007A,,CSPI,Ia,0.421294444,12.88680556,NGC 105,,,5289.9,0.017633,0.016463,,,1.05,0.02,0.045,0.973,0.085,0.954,0.019,0.063,54113,0.1,15.719,0.008,0.063,0.301,0.019,2.791,0.319,14.585,-19.627,0.066,-0.00421,34.240,0.160,34.212,0.028,0.98,,,,,
SN2007af,,CSPI,Ia,14.37250833,-0.393777778,NGC 5584,,,1638,0.00546,0.00629,0.944,0.018,0.949,0.002,0.040,1.183,0.037,1.084,0.008,0.061,54174.4,0,13.184,0.005,0.034,0.18,0.013,2.696,0.385,12.525,-19.229,0.056,-0.00297,32.010,0.150,31.754,0.256,0.927,,,,,uBVgriYJH
SN2007ai,,CSPI,Ia-91T,16.21492778,-21.63019444,MCG -04-38-004,,,9492,0.03164,0.031987,,,1.223,0.013,0.042,,,0.844,0.017,0.062,54172.9,0.2,17.023,0.01,0.286,0.243,0.035,2.937,0.536,16.088,-19.589,0.093,-0.01274,35.670,0.180,35.677,-0.007,0.985,,,,,
SN2007al,,CSPI,Ia-91bg,9.988466667,-19.47383333,2MASX J09591870-1928233,,,3633.9,0.012113,0.013263,0.388,0.043,0.383,0.006,0.040,,,1.874,0.005,0.06,54170.2,0.6,17.32,0.021,0.036,0.091,0.022,3.007,0.58,16.938,-16.794,0.096,-0.00186,33.940,0.190,33.732,0.208,0.971,,,,,uBVgriYJH
SN2007as,,CSPI,Ia,9.460002778,-80.17755556,ESO 18-G18,,,5268,0.01756,0.017897,0.906,0.032,0.889,0.004,0.040,1.217,0.01,1.179,0.006,0.06,54181.6,0.2,15.489,0.007,0.123,0.118,0.021,2.342,0.533,15.098,-19.295,0.061,-0.00636,34.480,0.160,34.393,0.087,0.98,,,,,uBVgriYJH
SN2007ax,,CSPI,Ia-91bg,8.378683333,22.55469444,NGC 2577,,,2057.1,0.006857,0.007637,0.389,0.049,0.353,0.01,0.041,1.868,0.055,1.932,0.007,0.06,54187.9,0.2,16.189,0.023,0.045,0.2,0.027,2.892,0.533,15.457,-17.068,0.105,-0.00704,32.070,0.210,32.525,-0.455,0.924,,,,,uBVgriYH
SN2007ba,,CSPI,Ia-91bg,15.27850833,7.396611111,UGC 9798,,,11546.1,0.038487,0.039053,0.597,0.050,0.568,0.008,0.041,1.82,0.03,1.685,0.014,0.062,54197.6,0.1,17.763,0.015,0.032,0.175,0.021,1.799,0.332,17.324,-18.798,0.058,-0.00291,35.780,0.160,36.122,-0.342,0.796,,,,,uBVgriYJH
SN2007bc,,CSPI,Ia,11.32071389,20.80902778,UGC 6332,,,6227.1,0.020757,0.02185,,,0.907,0.005,0.040,1.35,0.117,1.293,0.011,0.061,54200.2,0.1,15.858,0.007,0.019,0.12,0.012,2.552,0.464,15.436,-19.395,0.052,-0.00239,34.840,0.160,34.831,0.009,0.983,,,,,
SN2007bd,,CSPI,Ia,8.525911111,-1.199444444,UGC 4455,,,9299.1,0.030997,0.031827,0.968,0.062,0.917,0.006,0.040,1.166,0.026,1.274,0.014,0.062,54206.8,0.1,16.567,0.012,0.029,0.073,0.014,2.691,0.791,16.302,-19.363,0.051,-0.00643,35.720,0.150,35.665,0.055,0.984,,,,,uBVgriYJH
SN2007bm,,CSPI,Ia,11.41730556,-9.798277778,NGC 3672,,,1862.1,0.006207,0.00744,0.898,0.031,0.906,0.005,0.040,,,1.194,0.012,0.061,54224.6,0.2,14.425,0.007,0.035,0.534,0.018,1.968,0.159,12.864,-19.603,0.064,-0.00185,32.270,0.160,32.467,-0.197,0.958,,,,,uBVgriYJH
SN2007ca,,CSPI,Ia,13.51828056,-15.10183333,MCG -02-34-61,,,4217.1,0.014057,0.01507,,,1.078,0.012,0.042,0.882,0.025,0.872,0.012,0.061,54227.4,0.1,15.89,0.007,0.057,0.383,0.019,3.022,0.266,14.359,-19.654,0.069,-0.00357,34.030,0.160,34.013,0.017,0.979,,,,,
SN2007cg,,CSPI,Ia,13.42599444,-24.65225,ESO 508-G75,,,9951.9,0.033173,0.034168,,,1.07,0.049,0.063,,,0.811,0.052,0.079,54227.4,0.5,18.202,0.074,0.069,0.778,0.042,2.248,0.267,15.924,-19.899,0.144,-0.0067,35.370,0.230,35.823,-0.453,0.39,,,,,
SN2007hj,,CSPI,Ia,23.02996944,15.5865,NGC 7461,,,4230.9,0.014103,0.012882,0.670,0.018,0.633,0.005,0.040,1.766,0.015,1.615,0.011,0.061,54349.8,0.1,15.632,0.008,0.075,0.16,0.021,2.405,0.473,15.072,-18.601,0.076,-0.00466,33.960,0.170,33.673,0.287,0.961,,,,,uBVgriYJH
SN2007hx,,CSPI,Ia,2.107522222,-0.899527778,SDSS J020627.93-005353.0,,,23928,0.07976,0.078873,,,1.006,0.028,0.049,,,0.905,0.057,0.083,54353.6,0.9,19.261,0.06,0.03,0.297,0.03,2.946,0.523,18.128,-19.589,0.121,-0.00777,37.660,0.210,37.717,-0.057,0.985,,,,,
SN2007if,,CSPI,Ia-SC,1.180936111,15.46108333,,,,,,,,,,,,,,,,,,,,,,,,,,,,,,,,,,,,,,"Super-C, faint host",
SN2007jd,,CSPI,Ia,2.998158333,1.160722222,SDSS J025953.65+010936.1,,,21774.9,0.072583,0.071911,,,0.891,0.036,0.054,,,1.304,0.024,0.065,54361.9,1,18.848,0.064,0.066,0.131,0.031,2.507,0.587,18.317,-19.187,0.116,-0.00626,37.750,0.190,37.504,0.246,0.942,,,,,
SN2007jg,,CSPI,Ia,3.49745,0.056833333,SDSS J032950.83+000316.0,,,11132.1,0.037107,0.036577,0.935,0.051,0.939,0.006,0.040,1.214,0.039,1.212,0.008,0.061,54366.5,0.1,17.26,0.008,0.09,0.128,0.016,3.14,0.555,16.714,-19.264,0.064,-0.00486,36.150,0.160,35.978,0.172,0.974,,,,,uBVgriYJ
SN2007jh,,CSPI,Ia-86G,3.600427778,1.103388889,CGCG 391-014,,,12230.1,0.040767,0.040267,,,0.599,0.015,0.043,1.723,0.175,1.811,0.016,0.062,54366.3,0.2,18.305,0.02,0.09,0.183,0.028,2.806,0.603,17.57,-18.623,0.110,-0.00356,36.320,0.200,36.193,0.127,0.981,,,,,
SN2007le,,CSPI,Ia,23.64678056,-6.522583333,NGC 7721,,,2015.1,0.006717,0.005523,1.022,0.017,1.02,0.004,0.040,0.953,0.038,0.961,0.009,0.061,54399.1,0.1,13.891,0.005,0.029,0.4,0.014,2.159,0.185,12.632,-19.19,0.064,-0.00134,32.250,0.160,31.822,0.428,0.955,,,,,uBVgriYJH
SN2007mm,,CSPI,Ia-86G,1.096297222,-0.758833333,SHK 035,,,19906.2,0.066354,0.068873,,,0.516,0.014,0.042,1.993,0.098,1.909,0.014,0.062,54392.3,0.2,19.684,0.026,0.031,0.147,0.027,2.6,0.596,19.198,-18.201,0.096,-0.00238,37.310,0.200,37.399,-0.089,0.983,,,,,
SN2007N,,CSPI,Ia-91bg,12.81701389,-9.452833333,MCG -01-33-012,,,3861,0.01287,0.014,0.340,0.043,0.376,0.006,0.040,1.751,0.066,1.888,0.004,0.06,54123.5,0.6,18.051,0.019,0.034,0.331,0.029,1.987,0.28,17.059,-16.792,0.092,-0.00362,33.990,0.190,33.851,0.139,0.976,,,,,BVgriYJH
SN2007nq,,CSPI,Ia,0.959325,-1.388611111,UGC 595,,,13500,0.045,0.043903,0.845,0.045,0.769,0.006,0.040,1.478,0.089,1.491,0.008,0.061,54398.9,0.2,17.431,0.009,0.031,0.093,0.013,4.163,0.835,16.999,-19.389,0.067,-0.00516,36.170,0.160,36.388,-0.218,0.952,,,,,uBVgriYJ
SN2007ol,,CSPI,Ia,1.62325,-0.312,2MASX J01372378-0018422,,,16761,0.05587,0.054882,,,0.701,0.032,0.051,,,1.576,0.031,0.068,54412.9,0.2,18.063,0.018,0.022,0.012,0.012,3.615,0.991,17.988,-18.902,0.060,0.00025,37.070,0.160,36.89,0.18,0.972,,,,,
SN2007on,,CSPI,Ia,3.647472222,-35.575,NGC 1404,,,1947,0.00649,0.006183,0.576,0.065,0.589,0.003,0.040,1.989,0.036,1.673,0.008,0.061,54419.8,0.5,13.032,0.009,0.01,0.014,0.011,3.797,1.021,12.974,-18.442,0.056,0.00103,31.630,0.160,31.416,0.214,0.957,,,,,uBVgriYJH
SN2007S,,CSPI,Ia-91T,10.00868333,4.407277778,UGC 5378,,,4161,0.01387,0.015023,1.173,0.052,1.186,0.007,0.041,0.833,0.089,0.796,0.008,0.061,54144.4,0.1,15.794,0.009,0.022,0.468,0.015,2.395,0.169,14.23,-19.776,0.065,-0.0014,33.870,0.160,34.006,-0.136,0.973,,,,,uBVgriYJH
SN2007so,,CSPI,Ia,2.795313889,13.25411111,NGC 1109,,,8900.1,0.029667,0.028929,,,0.925,0.009,0.041,,,1.196,0.029,0.067,54428,0.5,16.343,0.066,0.116,0.159,0.024,4.505,0.88,,,,-0.01552,,,,,,,,,caught too late,
SN2007sr,,CSPI,Ia,12.03133333,-18.97269444,NGC 4038,,,1641.9,0.005473,0.006656,,,0.987,0.017,0.043,,,0.981,0.036,0.07,54448.5,0.5,12.797,0.047,0.04,0.202,0.025,2.096,0.426,12.198,-19.079,0.085,-0.00663,31.730,0.170,31.277,0.453,0.198,,,,,
SN2007st,,CSPI,Ia,1.811797222,-48.64938889,NGC 692,,,6350.1,0.021167,0.020651,,,0.863,0.022,0.046,,,1.428,0.054,0.081,54454.4,0.7,15.839,0.066,0.014,0.206,0.029,2.581,0.509,15.157,-19.553,0.104,-0.00931,34.460,0.180,34.71,-0.25,0.951,,,,,
SN2007ux,,CSPI,Ia-86G,10.15555,14.99244444,2MASX J10091969+1459268,,,9267.9,0.030893,0.031996,,,0.628,0.006,0.040,,,1.634,0.01,0.061,54466.9,0.1,17.407,0.008,0.039,0.131,0.018,2.477,0.489,16.943,-18.733,0.065,-0.00356,35.790,0.160,35.676,0.114,0.981,,,,,
SN2008ae,,CSPI,Ia-02cx,9.934222222,10.49966667,IC 577,,,,,,,,,,,,,,,,,,,,,,,,,,,,,,,,,,,,,2002cx-like,
SN2008ar,,CSPI,Ia,12.41053333,10.83816667,IC 3284,,,7839,0.02613,0.027247,,,0.976,0.004,0.040,,,1.006,0.008,0.061,54534.6,0.1,16.232,0.009,0.031,0.11,0.014,2.872,0.661,15.813,-19.506,0.056,-0.0059,35.330,0.160,35.319,0.011,0.984,,,,,
SN2008bc,,CSPI,Ia,9.642008333,-63.97377778,KK 1524,,,4523.1,0.015077,0.015707,1.063,0.022,1.057,0.005,0.040,0.843,0.019,0.894,0.006,0.06,54549.6,0,14.748,0.004,0.225,0.048,0.02,3.515,0.987,14.53,-19.575,0.082,-0.00729,34.190,0.170,34.105,0.085,0.979,,,,,uBVgriYJH
SN2008bd,,CSPI,Ia-91bg,10.30647778,-13.10311111,MCG -02-26-42,,,9024.9,0.030083,0.03128,,,0.66,0.038,0.055,,,1.785,0.039,0.072,54531.2,0.5,17.675,0.052,0.075,0.273,0.033,2.933,0.528,,,,-0.01134,,,,,,,,,caught too late,
SN2008bf,,CSPI,Ia,12.06747222,20.24516667,NGC4055/4057,,,7045.2,0.023484,0.024554,1.072,0.037,1.019,0.004,0.040,0.954,0.026,0.927,0.006,0.06,54554.6,0,15.711,0.005,0.03,0.041,0.012,2.948,0.885,15.551,-19.538,0.046,-0.00452,35.170,0.150,35.089,0.081,0.982,,,,,uBVgriYJH
SN2008bi,,CSPI,Ia-91bg,8.598163889,0.706416667,NGC 2618,,,4031.1,0.013437,0.014388,,,0.512,0.022,0.046,,,1.977,0.042,0.073,54543.3,0.9,17.044,0.103,0.037,0.309,0.044,2.519,0.513,15.935,-17.976,0.162,-0.01444,34.110,0.220,33.911,0.199,0.972,,,,,
SN2008bq,,CSPI,Ia,6.684030556,-38.03861111,ESO 308-G25,,,10193.1,0.033977,0.034443,1.071,0.054,1.153,0.009,0.041,,,0.919,0.01,0.061,54562.5,0.5,16.711,0.007,0.077,0.145,0.019,3.376,0.749,16.102,-19.74,0.072,-0.00985,35.770,0.170,35.842,-0.072,0.983,,,,,uBVgri
SN2008bt,,CSPI,Ia-91bg,10.83802222,-12.10888889,NGC 3404,,,4605.9,0.015353,0.01658,0.509,0.037,0.498,0.008,0.041,1.878,0.026,1.815,0.009,0.061,54572.3,0.1,16.757,0.01,0.045,0.175,0.022,1.728,0.313,16.279,-17.944,0.063,-0.00258,34.320,0.160,34.223,0.097,0.979,,,,,uBVgri
SN2008bz,,CSPI,Ia,12.64937222,11.1295,2MASX J12385810+1107502,,,18071.1,0.060237,0.061326,,,0.948,0.023,0.046,,,1.093,0.052,0.079,54578.9,0.3,17.952,0.051,0.023,0.012,0.011,3.463,0.997,17.883,-19.255,0.071,-0.00208,37.360,0.160,37.138,0.222,0.957,,,,,
SN2008C,,CSPI,Ia,6.953202778,20.43713889,UGC 3611,,,4983,0.01661,0.017067,,,0.967,0.024,0.047,,,1.06,0.05,0.078,54465.9,0.4,15.668,0.06,0.072,0.259,0.031,2.413,0.464,14.797,-19.491,0.102,-0.01018,34.310,0.180,34.288,0.022,0.981,,,,,
SN2008cc,,CSPI,Ia,21.05822778,-67.18363889,ESO 107-G4,,,3116.1,0.010387,0.010122,,,0.813,0.018,0.044,,,1.402,0.035,0.069,54573,0.2,14.334,0.053,0.036,0.187,0.024,2.604,0.501,13.685,-19.458,0.089,-0.0081,32.960,0.170,33.143,-0.183,0.965,,,,,
SN2008cd,,CSPI,Ia,13.25048611,-15.95188889,NGC 5038,,,2222.1,0.007407,0.008462,,,1.08,0.144,0.149,,,1.071,0.158,0.169,54578.9,1.1,18.809,0.115,0.059,1.922,0.073,2.38,0.329,12.889,-19.86,0.325,-0.01423,32.170,0.550,32.749,-0.579,0.87,,,,,
SN2008cf,,CSPI,Ia,14.12571111,-26.55183333,,,,13790.4,0.045968,0.046827,,,1.092,0.035,0.053,,,0.804,0.041,0.073,54594.7,0.7,17.061,0.05,0.058,0.03,0.016,3.407,0.974,16.928,-19.601,0.081,-0.00404,36.580,0.170,36.529,0.051,0.986,,,,,
SN2008ff,,CSPI,Ia,20.23332222,-44.35216667,PGC 64319,,,5757.9,0.019193,0.018673,,,1.083,0.009,0.041,,,0.88,0.011,0.061,54704.2,0.2,15.401,0.015,0.044,0.214,0.017,1.615,0.213,14.845,-19.643,0.050,-0.00145,34.540,0.160,34.488,0.052,0.981,,,,,
SN2008fl,,CSPI,Ia,19.61245556,-37.55125,NGC 6805,,,5970,0.0199,0.019417,,,0.883,0.017,0.043,,,1.329,0.035,0.069,54720.8,0.6,15.682,0.048,0.157,0.134,0.026,2.606,0.569,15.209,-19.365,0.092,-0.00783,34.580,0.180,34.574,0.006,0.982,,,,,
SN2008fp,,CSPI,Ia,7.275722222,-29.32549722,ESO 428-G14,,,1698,0.00566,0.006287,1.078,0.030,1.108,0.008,0.041,0.811,0.035,0.807,0.007,0.06,54730.2,0,13.936,0.005,0.169,0.558,0.034,2.39,0.248,12.079,-20.022,0.085,-0.00667,31.770,0.170,32.101,-0.331,0.944,,,,,uBVgriYJH
SN2008fr,,CSPI,Ia,1.196983333,14.64083333,anonymous,,,11691.9,0.038973,0.037906,,,1.035,0.023,0.046,,,0.911,0.038,0.071,54732.7,0.2,16.826,0.055,0.04,0.05,0.019,3.45,0.966,16.59,-19.469,0.093,-0.00692,36.180,0.180,36.059,0.121,0.981,,,,,
SN2008fu,,CSPI,Ia,3.04125,-24.45597222,ESO 480-IG 021,,,15711,0.05237,0.051834,,,0.822,0.024,0.047,,,1.402,0.044,0.074,54732.6,0.4,17.742,0.072,0.018,0.051,0.018,3.721,0.968,17.507,-19.253,0.105,-0.00506,36.780,0.190,36.76,0.02,0.986,,,,,
SN2008fw,,CSPI,Ia-91T,10.48221389,-44.66527778,NGC3261,,,2562.9,0.008543,0.009507,,,1.117,0.023,0.046,,,0.844,0.036,0.07,54731.8,0.2,13.992,0.052,0.112,0.148,0.024,2.769,0.551,13.436,-19.567,0.095,-0.00769,33.150,0.180,33.003,0.147,0.971,,,,,
SN2008gg,,CSPI,Ia,1.423055556,-18.17244444,NGC 539,,,9597.9,0.031993,0.031066,,,1.054,0.025,0.047,,,0.876,0.04,0.072,54749.2,0.6,16.574,0.05,0.02,0.193,0.025,1.849,0.384,16.026,-19.589,0.080,-0.0057,35.690,0.170,35.615,0.075,0.984,,,,,
SN2008gl,,CSPI,Ia,1.348561111,4.805305556,UGC 881,,,10197.9,0.033993,0.032946,0.843,0.028,0.867,0.005,0.040,1.302,0.035,1.326,0.007,0.06,54768.1,0.1,16.818,0.006,0.024,0.092,0.013,1.933,0.498,16.543,-19.203,0.043,-0.00309,35.900,0.150,35.746,0.154,0.977,,,,,uBVgriiYJ
SN2008go,,CSPI,Ia,22.17911944,-20.78811111,2MASX J22104396-2047256,,,18710.1,0.062367,0.061313,,,0.939,0.018,0.044,,,1.093,0.066,0.089,54766.1,0.2,18.041,0.008,0.032,0.123,0.014,1.968,0.435,17.684,-19.458,0.054,-0.00187,37.130,0.160,37.142,-0.012,0.986,,,,,
SN2008gp,,CSPI,Ia,3.383536111,1.361888889,MCG +00-9-74,,,10017,0.03339,0.032823,0.999,0.056,0.979,0.004,0.040,1.024,0.031,1.02,0.007,0.06,54779,0,16.431,0.008,0.104,0.044,0.015,3.471,0.961,16.239,-19.498,0.061,-0.00581,35.770,0.160,35.737,0.033,0.985,,,,,uBVgriYJH
SN2008ha,,CSPI,Ia-02cx,23.58130278,18.2265,UGC 12682,,,,,,,,,,,,,,,,,,,,,,,,,,,,,,,,,,,,,2002cx-like,
SN2008hj,,CSPI,Ia,0.067197222,-11.16875,MCG -02-01-014,,,11360.1,0.037867,0.036722,,,1.008,0.005,0.040,0.869,0.025,0.964,0.009,0.061,54801.5,0.5,16.783,0.005,0.03,0.081,0.014,2.327,0.669,16.511,-19.477,0.049,-0.00498,36.090,0.150,35.988,0.102,0.983,,,,,
SN2008hu,,CSPI,Ia,8.1541,-18.65363889,ESO 561-G18,,,14899.8,0.049666,0.050526,,,0.827,0.023,0.046,,,1.445,0.016,0.062,54806.5,0.2,17.848,0.056,0.092,0.079,0.02,3.63,0.938,17.478,-19.222,0.096,-0.00977,36.780,0.180,36.7,0.08,0.985,,,,,
SN2008hv,,CSPI,Ia,9.126127778,3.39225,NGC 2765,,,3762,0.01254,0.01358,0.880,0.030,0.867,0.004,0.040,1.247,0.034,1.329,0.006,0.06,54817.1,0.1,14.74,0.009,0.028,0.027,0.01,3.432,0.956,14.62,-19.164,0.046,-0.00295,33.970,0.150,33.784,0.186,0.973,,,,,uBVgriYJH
SN2008ia,,CSPI,Ia,8.843097222,-61.27794444,ESO 125-6,,,6594.9,0.021983,0.02254,0.897,0.040,0.834,0.006,0.040,,,1.341,0.007,0.06,54813,0.1,15.88,0.011,0.195,0.059,0.019,3.71,0.969,15.612,-19.289,0.079,-0.00764,34.910,0.170,34.901,0.009,0.983,,,,,uBVgriYJH
SN2008J,,CSPI,Ia-pec,2.573388889,-10.84402778,MCG -02-07-033,,,,,,,,,,,,,,,,,,,,,,,,,,,,,,,,,,,,,Ia/II/In. Peculiar,
SN2008O,,CSPI,Ia,6.959572222,-45.81230556,ESO 256-G11,,,11649,0.03883,0.039318,0.600,0.060,0.688,0.01,0.041,1.647,0.047,1.617,0.012,0.061,54491.8,0.6,18.149,0.013,0.076,0.355,0.024,1.97,0.288,17.103,-19.034,0.072,-0.00435,36.160,0.170,36.137,0.023,0.986,,,,,BVgrIY
SN2008R,,CSPI,Ia,3.064916667,-11.99427778,NGC 1200,,,4047.9,0.013493,0.012887,0.648,0.037,0.632,0.006,0.040,1.822,0.02,1.63,0.012,0.061,54494.6,0.5,15.27,0.008,0.062,0.079,0.017,3.598,0.862,14.907,-18.766,0.077,-0.00636,33.790,0.170,33.673,0.117,0.976,,,,,uBVgrIYJH
SN2009aa,,CSPI,Ia,11.39507778,-22.27069444,ESO 570-G20,,,8187,0.02729,0.028481,0.971,0.041,0.944,0.004,0.040,1.206,0.073,1.197,0.006,0.06,54878.2,0,16.333,0.009,0.03,0.098,0.013,3.561,0.726,15.901,-19.517,0.058,-0.00559,35.350,0.160,35.418,-0.068,0.983,,,,,uBVgriYJH
SN2009ab,,CSPI,Ia,4.276775,2.764166667,UGC 2998,,,3348.9,0.011163,0.010862,-0.033,-0.033,0.903,0.006,0.040,1.237,0.03,1.272,0.011,0.061,54883.3,0,14.713,0.008,0.184,0.133,0.023,2.797,0.569,14.195,-19.103,0.077,-0.00722,33.620,0.170,33.298,0.322,0.959,,,,,uBVgrIYJH
SN2009ad,,CSPI,Ia,5.059272222,6.659916667,UGC 3236,,,8514,0.02838,0.028317,,,1.107,0.014,0.042,0.913,0.026,0.959,0.008,0.061,54886.3,0,16.203,0.008,0.095,0.115,0.019,3.487,0.806,15.702,-19.705,0.066,-0.01064,35.390,0.160,35.407,-0.017,0.984,,,,,
SN2009ag,,CSPI,Ia,7.194669444,-26.68508333,ESO 492-2,,,2589.9,0.008633,0.009248,0.978,0.021,0.966,0.005,0.040,1.093,0.109,1.049,0.015,0.062,54889.5,0.1,14.609,0.011,0.218,0.286,0.034,2.631,0.489,13.577,-19.367,0.087,-0.01313,33.100,0.170,32.944,0.156,0.97,,,,,uBVgriYJH
SN2009al,,CSPI,Ia,10.85613056,8.578527778,NGC3388,,,6627,0.02209,0.023276,,,0.92,0.013,0.042,,,0.674,0.018,0.063,54893.4,0.8,16.246,0.022,0.021,0.248,0.019,2.212,0.352,15.468,-19.503,0.067,-0.00436,34.880,0.160,34.971,-0.091,0.98,,,,,
SN2009cz,,CSPI,Ia,9.250005556,29.73530556,NGC 2789,,,6336.9,0.021123,0.021979,,,1.173,0.011,0.041,0.825,0.025,0.893,0.017,0.062,54943.1,0.1,15.7,0.008,0.022,0.106,0.013,3.342,0.717,15.24,-19.605,0.059,-0.00586,34.920,0.160,34.845,0.075,0.982,,,,,
SN2009D,,CSPI,Ia,3.906341667,-19.18172222,ESO 549-G031,,,7497,0.02499,0.024654,,,1.159,0.007,0.041,0.959,0.034,0.897,0.007,0.06,54840.8,0.5,15.752,0.004,0.044,0.075,0.013,3.467,0.84,15.426,-19.675,0.057,-0.00586,35.100,0.160,35.101,-0.001,0.984,,,,,
SN2009dc,,CSPI,Ia-SC,15.85336667,25.70777778,UGC 10064,,,,,,,,,,,,,,,,,,,,,,,,,,,,,,,,,,,,,Super-C,
SN2009ds,,CSPI,Ia,11.81780833,-9.729138889,NGC 3905,,,5774.1,0.019247,0.020466,,,1.121,0.015,0.043,0.72,0.023,0.795,0.019,0.063,54961,0.5,15.482,0.009,0.033,0.19,0.016,1.835,0.308,14.954,-19.732,0.057,-0.002,34.650,0.160,34.686,-0.036,0.982,,,,,
SN2009F,,CSPI,Ia-91bg,4.989877778,-11.13058333,NGC 1725,,,3884.1,0.012947,0.01291,0.435,0.033,0.386,0.007,0.041,1.933,0.02,1.882,0.003,0.06,54842,0.5,16.91,0.019,0.09,0.014,0.015,2.632,0.595,16.852,-16.824,0.057,-0.00037,33.890,0.170,33.676,0.214,0.97,,,,,uBVgriYJH
SN2009I,,CSPI,Ia,2.752888889,-4.713722222,NGC 1080,,,7845,0.02615,0.025431,,,1.089,0.03,0.050,,,0.81,0.024,0.065,54851.9,0.1,18.181,0.013,0.027,0.802,0.017,2.627,0.114,15.331,-19.839,0.067,-0.00122,34.990,0.160,35.17,-0.18,0.969,,,,,
SN2009J,,CSPI,Ia-02cx,5.922536111,-76.92244444,IC 2160,,,,,,,,,,,,,,,,,,,,,,,,,,,,,,,,,,,,,02ic-like,
SN2009le,,CSPI,Ia,2.154761111,-23.41244444,ESO 478-6,,,5331.9,0.017773,0.017027,,,1.087,0.011,0.041,,,1.023,0.036,0.07,55165.9,0.1,15.346,0.006,0.014,0.214,0.013,1.833,0.327,14.73,-19.555,0.067,-0.00117,34.440,0.160,34.285,0.155,0.976,,,,,
SN2009P,,CSPI,Ia,11.34410556,-3.546194444,PGC 34730,,,7526.1,0.025087,0.02632,,,1.08,0.042,0.058,,,0.796,0.019,0.063,54868.4,0.3,17.023,0.017,0.042,0.485,0.02,1.841,0.233,15.641,-19.601,0.091,-0.00205,35.330,0.180,35.242,0.088,0.982,,,,,
SN2009Y,,CSPI,Ia,14.70681944,-17.24619444,NGC 5728,,,2804.1,0.009347,0.010103,0.933,0.026,0.993,0.005,0.040,0.98,0.027,1.026,0.017,0.062,54876.1,0.1,13.966,0.007,0.087,0.182,0.02,1.838,0.343,13.461,-19.676,0.054,-0.00401,33.030,0.150,33.137,-0.107,0.97,,,,,uBVgriYJH
SN2010ae,,CSPI,Ia-02cx,7.265180556,-57.34358056,ESO 162-17,,,,,,,,,,,,,,,,,,,,,,,,,,,,,,,,,,,,,"Iax, sBV from LC splines",
SN2011iv,SN 2011iv,CSPII,Ia,3:38:51,-35:35:32,NGC 1404,0.001538461538,0.0065,1947,0.00649,0.006183,,,0.701,0.007,0.041,1.744,0.014,1.549,0.01,0.061,55906.08,0.05,12.463,0.008,0.01,0.073,0.012,4.307,0.867,12.104,-19.312,0.071,-0.00378,31.180,0.160,31.416,-0.236,0.93,,Yes,,,
SN2011iy,SN2011iy,CSPII,Ia,13:08:58,-15:31:04,NGC 4984,0.008527131783,0.0043,1278.9,0.004263,0.005336,,,1.033,0.005,0.040,,,1.007,0.013,0.061,55893.24,0.23,12.158,0.01,0.053,0.304,0.017,1.533,0.143,11.403,-20.339,0.049,-0.00089,31.040,0.160,31.742,-0.702,0.9,,Yes,,,
SN2011jh,SN2011jh,CSPII,Ia,12:47:14,-10:03:47,NGC 4682,0.002136752137,0.0078,2334.9,0.007783,0.008915,0.789,0.023,0.789,0.005,0.040,1.462,0.013,,-1,,55931.06,0.02,15.089,0.006,0.032,0.456,0.015,2.55,0.181,13.489,-19.373,0.068,-0.00153,32.730,0.160,32.862,-0.132,0.966,,Yes,,,uBVgriYJH
SN2011jn,SSS111226:125715-172401 (SN2011jn),CSPII,Ia,12:57:15,-17:24:01,2MASX J12571157-1724344,0.001192982456,0.0475,14232.9,0.047443,0.048538,,,0.644,0.02,0.045,,,1.572,0.043,0.074,55923.9,0.7,17.953,0.069,0.059,0.071,0.025,3.826,1.007,17.656,-18.953,0.121,-0.0053,36.520,0.210,36.609,-0.089,0.982,Yes,,,,
SN2011jt,CSS111231:145323+025743 (SN2011jt),CSPII,Ia,14:53:23,+02:57:43.10,CGCG 048-051,0.0007194244604,0.0278,8334,0.02778,0.028469,,,0.955,0.027,0.048,,,1.048,0.055,0.082,55928.66,0.86,16.646,0.068,0.039,0.198,0.037,2.607,0.595,15.946,-19.472,0.139,-0.00293,35.420,0.230,35.418,0.002,0.985,,Yes,,,
SN2012ah,SN2012ah,CSPII,Ia,23:26:00,-81:54:33,NGC 7637,0.0005376344086,0.0124,3717.9,0.012393,0.01237,,,0.905,0.022,0.046,,,1.096,0.046,0.076,55975.16,0.71,14.446,0.058,0.155,0.029,0.024,3.592,1,14.297,-19.285,0.122,-0.00129,33.740,0.190,33.582,0.158,0.974,,Yes,,,
SN2012aq,CSS120224:145405+220541 (SN2012aq),CSPII,Ia,14:54:05,+22:05:40.60,SDSS J145405.13+220540.7,0.0007051282051,0.052,15588.9,0.051963,0.052551,,,0.996,0.018,0.044,,,1.196,0.039,0.072,55981.86,0.2,17.572,0.051,0.034,0.094,0.02,3.787,0.927,17.169,-19.62,0.091,-0.01065,36.630,0.180,36.789,-0.159,0.972,Yes,,,,
SN2012ar,CSS120301:162036-102738 (SN2012ar),CSPII,Ia,16:20:36,-10:27:38,2MASX J16203650-1028061,0.002120141343,0.0283,8472,0.02824,0.028536,0.754,0.030,0.809,0.006,0.040,1.392,0.029,1.439,0.007,0.06,55991.31,0.53,16.498,0.005,0.202,0.091,0.022,3.813,0.935,16.094,-19.33,0.082,-0.011,35.340,0.180,35.424,-0.084,0.982,Yes,Yes,,,uBVgri
SN2012bl,SN2012bl,CSPII,Ia,20:23:55,-48:21:17,ESO 234-019,0.0003565062389,0.0187,5607.9,0.018693,0.0182,1.053,0.033,1.081,0.016,0.043,0.779,0.019,0.843,0.009,0.061,56018.76,0.55,15.211,0.006,0.03,0.108,0.015,1.927,0.407,14.891,-19.54,0.049,-0.00209,34.580,0.150,34.431,0.149,0.977,,Yes,,,uBVgriYJH
SN2012bo,SN2012bo,CSPII,Ia,12:50:45,-14:16:09,NGC 4726,0.0005249343832,0.0254,7623.9,0.025413,0.026531,,,1.16,0.007,0.041,0.935,0.01,0.931,0.008,0.061,56021.04,0.5,16.176,0.004,0.045,0.104,0.013,4.015,0.781,15.652,-19.608,0.065,-0.00601,35.340,0.160,35.26,0.08,0.983,,Yes,,,uBVgriYJH
SN2012E,SN2012E,CSPII,Ia,2:33:23,+09:35:05.60,NGC 975,0.003119868637,0.0203,6071.1,0.020237,0.019439,,,0.846,0.008,0.041,1.41,0.005,1.143,0.025,0.065,55949.91,0.08,15.668,0.007,0.065,0.088,0.017,3.659,0.972,15.268,-19.309,0.092,-0.00366,34.580,0.180,34.577,0.003,0.982,,Yes,,,
SN2012fr,SN 2012fr,CSPII,Ia,3:33:36,-36:07:34,NGC 1365,0.008484848485,0.0055,1635.9,0.005453,0.005129,1.009,0.020,1.107,0.004,0.040,0.802,0.053,0.844,0.005,0.06,56243.32,0.02,11.935,0.005,0.018,0.074,0.014,2.329,0.673,11.698,-19.595,0.050,-0.0045,31.420,0.160,31.293,0.127,0.981,,Yes,,,uBVgriYJH
SN2012G,ROTSE3 J123935.1+163512 (SN2012G),CSPII,Ia,12:39:35,+16:35:11.90,IC 0803 NED01,0,0.0258,7740,0.0258,0.026849,,,1.158,0.006,0.040,0.909,0.012,0.887,0.007,0.06,55948.85,0.05,15.977,0.005,0.021,0.038,0.012,3.699,1.02,15.78,-19.507,0.066,-0.00112,35.470,0.160,35.287,0.183,0.973,,Yes,,,
SN2012gm,SN2012gm,CSPII,Ia,23:17:37,+14:00:08.90,NGC 7580,0.001351351351,0.0148,4434,0.01478,0.013553,,,0.987,0.004,0.040,,,1.037,0.01,0.061,56261.65,0.02,15.347,0.003,0.039,0.287,0.014,3.048,0.292,14.196,-19.589,0.062,-0.00268,33.740,0.160,33.785,-0.045,0.977,,Yes,,,uBVgriYJH
SN2012hd,SN2012hd,CSPII,Ia,1:14:07,-32:39:08,IC 1657,0.004722222222,0.012,3582.9,0.011943,0.011134,0.848,0.042,0.888,0.004,0.040,1.291,0.019,1.267,0.009,0.061,56265.53,0.04,14.899,0.006,0.023,0.218,0.013,2.55,0.33,14.124,-19.229,0.061,-0.00224,33.510,0.160,33.353,0.157,0.973,,Yes,,,uBVgriYJH
SN2012hl,SNhunt161 (SN2012hl),CSPII,Ia,0:50:18,+24:31:52.20,CSS J005017.69+243154.4,0.006711735542,0.0332,9893.1,0.032977,0.031899,,,0.927,0.022,0.046,,,1.09,0.066,0.089,56272,0.24,17.731,0.009,0.053,0.419,0.02,1.802,0.327,16.47,-19.204,0.102,-0.00242,35.950,0.200,35.674,0.276,0.939,,,,"no NIR, z = 0.033",
SN2012hr,SN2012hr,CSPII,Ia,6:21:38,-59:42:51,ESO 121- G 026,0.005701754386,0.0076,2267.1,0.007557,0.007872,1.021,0.014,0.973,0.001,0.040,1.075,0.009,1.036,0.004,0.06,56288.91,0.02,13.623,0.003,0.039,0.085,0.013,3.344,0.788,13.256,-19.336,0.058,-0.00599,32.790,0.160,32.592,0.198,0.966,,Yes,,,uBVgriYJH
SN2012ht,SN 2012ht,CSPII,Ia,10:53:23,+16:46:34.90,NGC 3447,0,0.0036,1080,0.0036,0.004728,0.919,0.037,0.869,0.003,0.040,1.271,0.051,1.194,0.005,0.06,56295.75,0.03,13.003,0.007,0.025,0.042,0.01,3.768,0.963,,,,-0.00344,,,,,,,Yes,,,uBVgriYJH
SN2012id,SN2012id,CSPII,Ia,4:42:41,+18:34:59.70,2MASX J04424248+1835003,0.002335456476,0.0157,4721.1,0.015737,0.01554,,,0.824,0.033,0.052,,,1.446,0.058,0.083,56287.03,0.94,15.264,0.064,0.426,0.098,0.068,2.62,0.609,14.861,-19.222,0.184,-0.0015,34.210,0.300,34.083,0.127,0.977,,Yes,,,
SN2012ij,SN2012ij,CSPII,Ia,11:40:16,+17:27:22.20,CGCG 097-050,0.0009090909091,0.011,3297,0.01099,0.012107,0.550,0.042,0.536,0.008,0.041,1.938,0.017,1.111,0.056,0.082,56302.54,0.05,15.52,0.012,0.024,0.016,0.013,3.575,1.009,15.439,-18.093,0.063,-0.00062,33.760,0.160,33.532,0.228,0.969,,Yes,,,uBVgri
SN2012U,SN2012U,CSPII,Ia,2:06:04,-55:11:38,ESO 153- G 020,0.001184433164,0.0197,5916.9,0.019723,0.019339,,,0.905,0.023,0.046,,,1.1,0.03,0.067,55944.72,1.01,15.499,0.065,0.023,0.101,0.031,3.701,1.008,15.093,-19.472,0.142,-0.00336,34.430,0.230,34.565,-0.135,0.975,,Yes,,,
SN2012Z,,CSPII,Ia-02cx,,,,,,,,,,,,,,1.393,0.015,1.092,0.032,0.068,55968.89,0.26,,,0.034,,,,,,,,,,,,,,,,,"Iax, sBV determined from LC",
SN2013aa,SN2013aa,CSPII,Ia,14:32:34,-44:13:28,NGC 5643,0.0008333333333,0.004,1199.1,0.003997,0.004665,1.097,0.017,1.002,0.002,0.040,0.924,0.028,0.999,0.006,0.06,56343.42,0.04,11.098,0.004,0.146,0.035,0.015,3.618,0.987,10.956,-20.494,0.067,-0.00411,30.520,0.160,31.45,-0.93,0.888,,Yes,,,uBVgriYJH
SN2013ad,CSS130215:033841+101827 (SN2013ad),CSPII,Ia,3:38:41,+10:18:27.22,Anonymous,0.002061108466,0.0363,10912.5,0.036375,0.035869,,,0.991,0.013,0.042,1.015,0.022,1.032,0.024,0.065,56348.05,0.13,16.041,0.009,0.369,0.012,0.013,3.485,1.014,16.032,-19.902,0.060,-0.00278,35.540,0.150,35.934,-0.394,0.639,Yes,,,,
SN2013aj,SN2013aj,CSPII,Ia,13:54:01,-7:55:44,NGC 5339,0.002197802198,0.0091,2736,0.00912,0.010065,0.773,0.037,0.8,0.004,0.040,1.466,0.011,1.437,0.006,0.06,56361.37,0.04,14.092,0.005,0.032,0.092,0.014,2.756,0.702,13.758,-19.37,0.056,-0.00545,33.010,0.150,33.128,-0.118,0.969,,Yes,,,uBVgriYJH
SN2013ao,,CSPII,Ia-SC,,,,,,,,,,,,,,1,0.019,1.053,0.024,0.065,56360.67,0.39,,,0.034,,,,,,,,,,,,,,,,,super-C? Hsiao,
SN2013as,CSS130315:115252-185920 (SN2013as),CSPII,Ia,11:52:52,-18:59:20,Anonymous,0.0006918066667,0.0685,20535.9,0.068453,0.069644,,,1.01,0.022,0.046,,,0.968,0.044,0.074,56365.8,0.67,18.323,0.054,0.034,0.079,0.022,3.467,0.962,17.96,-19.467,0.100,-0.00974,37.520,0.180,37.427,0.093,0.984,Yes,,,,
SN2013ay,SN2013ay,CSPII,Ia,18:42:38,-64:56:14,IC 4745,0.001061571125,0.0157,4715.1,0.015717,0.015653,,,0.494,0.019,0.044,,,1.799,0.036,0.07,56375.41,0.64,16.296,0.068,0.062,0.13,0.033,2.478,0.568,15.901,-18.198,0.118,-0.00761,33.840,0.200,34.099,-0.259,0.953,,Yes,,"91bg,i",
SN2013az,SNhunt177 (SN2013az),CSPII,Ia,5:39:52,-40:30:28,ESO 306-016,0.001251117069,0.0373,11175.9,0.037253,0.037464,,,0.768,0.025,0.047,,,1.46,0.046,0.076,56380.92,0.62,17.237,0.052,0.027,0.159,0.024,2.725,0.552,16.69,-19.34,0.090,-0.00743,35.870,0.180,36.03,-0.16,0.972,Yes,,,,
SN2013bc,SNhunt178 (SN2013bc),CSPII,Ia,13:10:21,-7:10:24,IC 4209,0.002222222222,0.0225,6735,0.02245,0.023528,,,0.481,0.023,0.046,,,1.647,0.033,0.068,56384.42,0.58,18.19,0.054,0.041,0.344,0.039,2.415,0.427,17.063,-17.932,0.120,-0.00979,34.900,0.200,34.995,-0.095,0.98,,Yes,,"91bg,i",
SN2013bz,SNhunt188 (SN2013bz),CSPII,Ia-91T,13:26:51,-10:01:32,2MASX J13265081-1001263,0.002604166667,0.0192,5745,0.01915,0.020182,,,1.152,0.009,0.041,0.757,0.024,0.812,0.008,0.061,56409.65,0.07,15.445,0.007,0.038,0.225,0.015,2.769,0.353,14.642,-20.014,0.061,-0.00308,34.280,0.160,34.656,-0.376,0.855,,Yes,,91T,
SN2013cg,SN2013cg,CSPII,Ia,9:26:57,-24:47:00,NGC 2891,0.006666666667,0.008,2384.1,0.007947,0.009009,,,0.966,0.024,0.047,,,1.028,0.047,0.076,56416.65,0.75,13.847,0.062,0.075,0.145,0.036,2.63,0.605,13.34,-19.545,0.149,-0.00258,32.840,0.220,32.885,-0.045,0.97,,Yes,,,
SN2013ct,SN2013ct,CSPII,Ia,1:12:55,+00:58:45.70,NGC 428,0,0.0038,1140,0.0038,0.002737,,,1.002,0.006,0.040,,,0.796,0.022,0.064,56411.31,0.38,11.843,0.01,0.024,0.171,0.013,2.482,0.544,11.248,-19.044,0.094,-0.00192,30.830,0.180,30.292,0.538,0.944,,Yes,,Work on SNooPy fit (DONE),
SN2013E,SN2013E,CSPII,Ia,10:00:06,-34:14:01,IC 2532,0.0007092198582,0.0094,2822.1,0.009407,0.010456,1.035,0.019,1.131,0.004,0.040,0.872,0.019,0.888,0.006,0.06,56308.22,0.49,13.768,0.003,0.084,0.151,0.019,2.644,0.496,13.242,-19.969,0.064,-0.00546,32.920,0.160,33.211,-0.291,0.951,,Yes,,,uBVgri
SN2013fy,SN2013fy,CSPII,Ia,21:37:27,-47:01:55,ESO 287- G 040,0.001725997842,0.0309,9254.1,0.030847,0.03019,1.020,0.035,1.174,0.011,0.041,0.904,0.008,0.93,0.014,0.062,56600.03,0.54,16.263,0.006,0.023,0.089,0.013,3.55,0.835,15.868,-19.683,0.066,-0.00502,35.530,0.160,35.551,-0.021,0.985,Yes,Yes,,,uBVgri
SN2013fz,SN2013fz,CSPII,Ia,4:23:46,-51:35:46,NGC 1578,0.0003236245955,0.0206,6177.9,0.020593,0.020552,1.019,0.055,1.015,0.004,0.040,0.927,0.016,0.926,0.005,0.06,56601.67,0.52,15.414,0.003,0.012,0.099,0.012,3.058,0.684,15.026,-19.672,0.059,-0.00382,34.620,0.160,34.698,-0.078,0.98,,Yes,,,uBVgri
SN2013gr,,CSPII,Ia-02cx,,,,,,,,,,,,,,,,,-1,,56616.85,0.44,,,0.019,,,,,,,,,,,,,,,,,Iax,
SN2013gv,SN2013gv,CSPII,Ia,3:09:57,+19:12:49.20,IC 1890,9.78E-05,0.0341,10229.1,0.034097,0.033458,-0.033,-0.033,0.845,0.008,0.041,1.331,0.02,1.361,0.008,0.061,56639.56,0.06,16.76,0.009,0.143,0.029,0.015,3.396,0.982,16.615,-19.164,0.063,-0.00447,35.960,0.160,35.779,0.181,0.973,Yes,Yes,,,uBVgriYJ
SN2013gy,SN2013gy,CSPII,Ia,3:42:17,-4:43:18,NGC 1418,0.0009523809524,0.014,4203.9,0.014013,0.013559,0.872,0.021,0.911,0.003,0.040,1.234,0.006,1.216,0.004,0.06,56648.75,0.04,14.697,0.005,0.049,0.084,0.014,3.562,0.84,14.328,-19.456,0.060,-0.00696,33.710,0.160,33.784,-0.074,0.976,,Yes,,,uBVgriYJH
SN2013H,SN2013H,CSPII,Ia,9:06:31,-75:49:02,ESO 036- G 019,0.001505376344,0.0155,4643.1,0.015477,0.015879,1.085,0.031,1.048,0.005,0.040,0.909,0.021,0.899,0.006,0.06,56309.92,0.49,15.638,0.004,0.113,0.299,0.025,2.924,0.402,14.477,-19.652,0.076,-0.00756,34.130,0.160,34.129,0.001,0.98,,Yes,,,uBVgri
SN2013hh,SN2013hh,CSPII,Ia-91T,11:29:04,+17:14:09.50,UGC 06483,0.001538461538,0.013,3894,0.01298,0.014105,,,1.203,0.028,0.049,,,1.036,0.02,0.063,56638.82,0.58,17.186,0.052,0.025,0.706,0.034,2.658,0.37,14.426,-19.441,0.186,-0.00366,34.260,0.310,33.867,0.393,0.928,,Yes,,91T?,
SN2013hn,SN2013hn,CSPII,Ia,13:48:59,-30:17:27,IC 4329,0.001986754967,0.0151,4539,0.01513,0.016027,,,0.821,0.026,0.048,,,1.426,0.044,0.074,56642.94,0.69,14.884,0.054,0.053,0.009,0.009,3.508,0.985,14.846,-19.303,0.068,-0.0013,34.140,0.160,34.149,-0.009,0.98,,Yes,,,
SN2013M,SN2013M,CSPII,Ia,13:59:57,-37:51:49,ESO 325- G 043,0.002,0.035,10479,0.03493,0.035743,0.919,0.059,0.943,0.004,0.040,1.124,0.055,1.078,0.012,0.061,56323.63,0.07,16.617,0.008,0.072,0.11,0.016,2.769,0.541,16.24,-19.684,0.056,-0.00439,35.670,0.160,35.924,-0.254,0.934,Yes,Yes,,,uBVgriYJH
SN2013U,SN2013U,CSPII,Ia-91T,10:01:12,+00:19:42.30,CGCG 008-023,0.0004830917874,0.0345,10344.9,0.034483,0.035652,,,1.239,0.011,0.041,1.02,0.132,0.796,0.011,0.061,56335.05,0.59,17.003,0.008,0.025,0.204,0.015,3.716,0.455,16.107,-19.81,0.072,-0.00373,35.590,0.170,35.917,-0.327,0.842,Yes,Yes,,91T,
SN2014ao,SN2014ao,CSPII,Ia,8:34:33,-2:32:36,NGC 2615,0.001891252955,0.0141,4221.9,0.014073,0.015028,0.844,0.033,0.881,0.005,0.040,1.252,0.012,1.177,0.004,0.06,56767.84,0.08,16.914,0.006,0.028,0.715,0.014,2.129,0.254,14.682,-19.325,0.136,-0.00157,34.070,0.220,34.007,0.063,0.979,,Yes,,wrong dm15? Nope,uBVgri
SN2014at,SN2014at,CSPII,Ia,21:46:15,-46:31:21,NGC7119,0.0006211180124,0.0322,9666,0.03222,0.031543,0.950,0.032,0.948,0.004,0.040,1.112,0.027,1.07,0.011,0.061,56774.05,0.05,16.386,0.006,0.016,0.052,0.011,3.891,1.033,16.145,-19.503,0.065,-0.0013,35.610,0.160,35.648,-0.038,0.984,Yes,Yes,,,uBVgri
SN2014ba,SN2014ba,CSPII,Ia-91bg,22:55:02,-39:39:35,NGC 7410,0.00632183908,0.0058,1751.1,0.005837,0.00499,,,0.338,0.021,0.045,,,,-1,,56777.69,0.67,16.134,0.071,0.01,0.236,0.042,2.854,0.548,15.228,-16.372,0.173,-0.0092,31.780,0.250,31.6,0.18,0.954,,Yes,,"91bg,i",
SN2014D,SNhunt229 (SN2014D),CSPII,Ia,12:10:37,+18:49:35.40,UGC 07170,0.00325203252,0.0082,2451.9,0.008173,0.009249,,,0.958,0.023,0.046,,,,-1,,56665.27,0.7,17.251,0.056,0.026,0.759,0.034,2.322,0.348,14.275,-18.668,0.214,-0.00428,34.230,0.290,32.943,1.287,0.039,,Yes,,,
SN2014dl,CSS140925:162946+083831 (SN2014dl),CSPII,Ia-91T,16:29:46,+08:38:30.60,UGC 10414,0.001717171717,0.033,9882.9,0.032943,0.033143,-0.033,-0.033,1.227,0.013,0.042,,,1.052,0.028,0.066,56935.02,0.06,16.028,0.005,0.055,0.047,0.014,3.634,0.968,15.864,-19.893,0.058,-0.00512,35.370,0.160,35.757,-0.387,0.694,Yes,,,91T,BVriY
SN2014dn,SN2014dn,CSPII,Ia,4:17:54,-56:36:45,IC 2060,0.001201201201,0.0222,6651.9,0.022173,0.022141,,,0.465,0.005,0.040,,,1.716,0.038,0.071,56925.34,0.53,17.66,0.008,0.016,0.228,0.019,1.585,0.191,17.081,-17.782,0.055,-0.00097,34.810,0.160,34.863,-0.053,0.982,,,,"91bg,i  has NIR, but z = 0.022",
SN2014eg,SN2014eg,CSPII,Ia-91T,2:45:09,-55:44:17,ESO 154- G 010,0.001075268817,0.0186,5586,0.01862,0.018331,,,1.183,0.01,0.041,0.92,0.007,0.937,0.011,0.061,56991.23,0.07,15.511,0.007,0.026,0.316,0.014,2.2,0.276,14.539,-19.908,0.071,-0.00193,34.180,0.170,34.447,-0.267,0.947,,Yes,,91T,
SN2014I,SN2014I,CSPII,Ia,5:42:20,-25:32:40,ESO 487-G36,0.0002222222222,0.03,8997.9,0.029993,0.030204,0.960,0.032,0.916,0.003,0.040,1.203,0.008,1.21,0.004,0.06,56683.56,0.04,16.294,0.005,0.021,0.059,0.011,3.402,0.835,16.05,-19.5,0.049,-0.00417,35.450,0.150,35.55,-0.1,0.98,Yes,Yes,,,uBVgriYJH
SN2014Z,SN2014Z,CSPII,Ia,1:44:08,-61:07:07,ESO 114- G 004,0.001877934272,0.0213,6378,0.02126,0.020925,,,0.98,0.029,0.049,,,1.084,0.084,0.103,56721.92,0.7,15.538,0.048,0.025,0.07,0.02,3.384,0.962,15.238,-19.501,0.090,-0.00936,34.780,0.170,34.739,0.041,0.983,,Yes,,,
SN2015F,SN 2015F,CSPII,Ia,7:36:16,-69:30:23,NGC 2442,0.002721088435,0.0049,1466.1,0.004887,0.00528,0.887,0.028,0.884,0.003,0.040,1.254,0.049,1.303,0.006,0.06,57106.85,0.03,12.751,0.006,0.175,0.165,0.024,2.878,0.569,12.129,-19.426,0.080,-0.00864,31.520,0.170,31.555,-0.035,0.987,,Yes,,,uBVgriYJH
SN2015H,,CSPII,Ia-02cx,,,,,,,,,,,,,,,,1.532,0.028,0.066,57054,0.46,,,0.047,,,,,,,,,,,,,,,,,Iax,
SNhunt281,SNhunt281 (SN2015bp),CSPII,Ia,15:05:30,+01:38:02.40,NGC 5839,0.008130081301,0.0041,1220.1,0.004067,0.004706,0.686,0.017,0.692,0.003,0.040,1.563,0.032,1.604,0.005,0.06,57112.67,0.04,13.694,0.005,0.045,0.073,0.014,3.986,0.884,13.323,-18.146,0.076,-0.00524,32.410,0.160,31.469,0.941,0.947,,Yes,,91bg?,uBVgriYJH