sn,zhel,zcmb,st,est,Mmax,eMmax,t0,EBVmw,eEBVmw,covMs,Ho,eHo,meth,BV,eBV,covBV_M,host,dist,edist,kmag,ekmag,dsbf,ed,m,ml,mu,sample,subtype,quality,caltype
ASAS14ad,0.0264,0.0274352,1.013,0.004,16.195,0.005,-7.5,0.0159,0.0016,6.925e-06,,,,-0.03,0.011,0.0,N/A,-1.0,-1.0,,,,,8.61,8.23,8.78,CSPII,Ia,0.973,none
ASAS14hp,0.0388933,0.0386676,1.077,0.01,16.488,0.004,-4.5,0.0295,0.0029,8.368e-06,,,,-0.055,0.005,0.0,N/A,-1.0,-1.0,,,,,9.09,8.98,9.15,CSPII,Ia,0.984,none
ASAS14hr,0.0335967,0.0327196,0.803,0.009,17.05,0.009,-6.3,0.0131,0.0013,3.025e-05,,,,0.053,0.013,0.0,N/A,-1.0,-1.0,,,,,10.34,10.18,10.45,CSPII,Ia,0.985,none
ASAS14hu,0.0215851,0.0218919,1.05,0.007,15.383,0.004,-7.1,0.0612,0.0061,1.185e-05,,,,-0.052,0.006,0.0,N/A,-1.0,-1.0,,,,,9.93,9.8,10.24,CSPII,Ia,0.983,none
ASAS14jc,0.0113167,0.0117796,0.914,0.005,15.532,0.008,-5.5,0.1346,0.0135,1.03e-05,,,,0.426,0.01,0.0,N/A,-1.0,-1.0,,,,,9.46,9.32,9.77,CSPII,Ia,0.962,none
ASAS14jg,0.0148167,0.014347,1.3,0.017,14.723,0.027,2.9,0.0128,0.0013,-1.133e-05,,,,0.068,0.059,0.0,N/A,-1.0,-1.0,,,,,8.76,8.57,8.88,CSPII,Ia,0.961,none
ASAS14jz,0.0157891,0.0156168,0.985,0.005,14.614,0.004,-8.8,0.0472,0.0047,3.156e-06,,,,-0.045,0.006,0.0,N/A,-1.0,-1.0,,,,,8.23,8.11,8.35,CSPII,Ia,0.952,none
ASAS14kd,0.0243,0.0230683,1.174,0.007,16.123,0.005,-7.1,0.0574,0.0057,3.223e-06,,,,0.221,0.007,0.0,N/A,-1.0,-1.0,,,,,10.14,10.03,10.23,CSPII,Ia-91T,0.941,none
ASAS14kq,0.0335767,0.0325972,1.157,0.011,16.578,0.007,-5.4,0.0155,0.0016,3.903e-07,,,,-0.038,0.011,0.0,N/A,-1.0,-1.0,,,,,8.91,8.78,9.11,CSPII,Ia,0.961,none
ASAS14lo,0.0199167,0.0210151,0.95,0.018,15.921,0.027,2.0,0.0282,0.0028,-6.66e-06,,,,0.116,0.061,0.0,N/A,-1.0,-1.0,,,,,9.69,9.47,9.79,CSPII,Ia,0.979,none
ASAS14lp,0.0050967,0.0062254,1.027,0.004,12.012,0.005,-14.1,0.0213,0.0021,6.979e-06,,,,0.237,0.006,0.0,N/A,-1.0,-1.0,,,,,10.74,10.6,10.91,CSPII,Ia,0.335,none
ASAS14lq,0.0261733,0.0250833,1.005,0.024,16.004,0.04,5.4,0.0275,0.0028,-4.932e-05,,,,0.013,0.078,0.0,N/A,-1.0,-1.0,,,,,10.65,10.46,10.73,CSPII,Ia,0.977,none
ASAS14lt,0.0320233,0.0314552,0.947,0.008,16.323,0.012,-4.8,0.0474,0.0047,1.491e-05,,,,-0.034,0.016,0.0,N/A,-1.0,-1.0,,,,,10.64,10.56,10.7,CSPII,Ia,0.984,none
ASAS14lw,0.0208855,0.0202609,1.156,0.009,15.528,0.007,-9.4,0.0117,0.0012,3.972e-06,,,,-0.01,0.011,0.0,N/A,-1.0,-1.0,,,,,6.35,6.08,6.72,CSPII,Ia,0.939,none
ASAS14me,0.0178,0.017386,1.078,0.005,15.064,0.004,-11.7,0.0175,0.0018,5.119e-06,,,,0.001,0.006,0.0,N/A,-1.0,-1.0,,,,,9.05,8.91,9.15,CSPII,Ia,0.981,none
ASAS14mf,0.03108,0.0301521,0.982,0.005,16.456,0.007,-4.9,0.0125,0.0013,1.224e-05,,,,-0.022,0.011,0.0,N/A,-1.0,-1.0,,,,,8.93,8.66,9.03,CSPII,Ia,0.984,none
ASAS14mw,0.0273867,0.0271207,1.063,0.007,15.831,0.003,-6.9,0.0179,0.0018,7.403e-06,,,,-0.042,0.005,0.0,N/A,-1.0,-1.0,,,,,10.68,10.59,10.75,CSPII,Ia,0.984,none
ASAS14my,0.0205,0.0217279,0.921,0.005,15.542,0.007,-8.5,0.0316,0.0032,1.529e-05,,,,0.007,0.01,0.0,N/A,-1.0,-1.0,,,,,10.31,10.11,10.74,CSPII,Ia,0.975,none
ASAS15aj,0.0109133,0.0120218,0.83,0.007,14.593,0.006,-2.8,0.0656,0.0066,2.619e-06,,,,0.095,0.009,0.0,N/A,-1.0,-1.0,,,,,11.2,11.05,11.35,CSPII,Ia,0.952,none
ASAS15al,0.0337766,0.0337612,1.079,0.027,16.841,0.025,0.1,0.0293,0.0029,-2.106e-05,,,,0.043,0.059,0.0,N/A,-1.0,-1.0,,,,,8.07,8.03,8.23,CSPII,Ia,0.916,none
ASAS15as,0.0286801,0.0297845,1.077,0.014,16.159,0.005,-1.5,0.0398,0.004,-1.475e-06,,,,0.018,0.008,0.0,N/A,-1.0,-1.0,,,,,7.66,7.47,8.01,CSPII,Ia,0.985,none
ASAS15ba,0.0231167,0.0239771,0.965,0.004,15.946,0.004,-2.3,0.0223,0.0022,9.583e-07,,,,0.0,0.006,0.0,N/A,-1.0,-1.0,,,,,7.99,7.83,8.19,CSPII,Ia,0.983,none
ASAS15be,0.0218833,0.0213892,1.14,0.005,15.604,0.004,-7.5,0.0167,0.0017,4.445e-07,,,,0.008,0.006,0.0,N/A,-1.0,-1.0,,,,,7.8,7.66,8.16,CSPII,Ia,0.976,none
ASAS15bm,0.0207856,0.0214395,0.989,0.005,15.69,0.006,-7.9,0.069,0.0069,7.983e-06,,,,0.119,0.01,0.0,N/A,-1.0,-1.0,,,,,10.02,9.89,10.15,CSPII,Ia,0.976,none
ASAS15cd,0.0342863,0.0353887,1.001,0.005,16.627,0.007,-3.8,0.0261,0.0026,5.805e-06,,,,-0.03,0.009,0.0,N/A,-1.0,-1.0,,,,,9.95,9.85,10.02,CSPII,Ia,0.983,none
ASAS15da,0.0487,0.0488203,0.851,0.025,17.578,0.038,2.2,0.0303,0.003,-8.953e-05,,,,-0.133,0.076,0.0,N/A,-1.0,-1.0,,,,,10.4,10.23,10.48,CSPII,Ia,0.973,none
ASAS15db,0.01099,0.0113676,0.953,0.003,14.616,0.005,-6.4,0.029,0.0029,4.457e-06,,,,0.078,0.007,0.0,N/A,-1.0,-1.0,,,,,10.11,9.98,10.19,CSPII,Ia,0.975,none
ASAS15dd,0.0243567,0.0247417,0.849,0.006,16.029,0.006,-1.0,0.0461,0.0046,-1.408e-06,,,,-0.017,0.009,0.0,N/A,-1.0,-1.0,,,,,10.41,10.31,10.52,CSPII,Ia,0.962,none
ASAS15eb,0.01647,0.0173082,0.82,0.018,15.223,0.011,-1.1,0.1652,0.0165,-2.341e-05,,,,-0.136,0.016,0.0,N/A,-1.0,-1.0,,,,,10.96,10.79,11.4,CSPII,Ia,0.978,none
ASAS15fr,0.0334133,0.0345082,0.905,0.021,16.687,0.031,1.2,0.0321,0.0032,-9.17e-06,,,,-0.147,0.066,0.0,N/A,-1.0,-1.0,,,,,9.98,9.89,10.06,CSPII,Ia-91T,0.978,none
ASAS15ga,0.0066267,0.0076517,0.5,0.031,15.321,0.037,-3.9,0.0236,0.0024,0.0004709,,,,0.421,0.051,0.0,N/A,-1.0,-1.0,,,,,10.38,10.18,10.48,CSPII,Ia-91bg,0.966,none
ASAS15go,0.01891,0.0192546,1.072,0.011,15.958,0.004,-4.3,0.1369,0.0137,1.066e-05,,,,0.214,0.006,0.0,N/A,-1.0,-1.0,,,,,10.18,10.04,10.27,CSPII,Ia,0.981,none
ASAS15gr,0.0242832,0.0247678,1.031,0.006,15.819,0.004,-3.6,0.0823,0.0082,4.558e-06,,,,-0.046,0.006,0.0,N/A,-1.0,-1.0,,,,,8.94,8.82,9.02,CSPII,Ia,0.983,none
ASAS15hf,0.0061733,0.0072452,0.939,0.005,13.956,0.007,-8.0,0.0854,0.0085,1.357e-05,,,,0.004,0.01,0.0,N/A,-1.0,-1.0,,,,,9.56,9.39,9.97,CSPII,Ia,0.961,none
ASAS15hg,0.02975,0.0308678,0.824,0.02,16.834,0.028,1.6,0.041,0.0041,-1.833e-05,,,,0.048,0.061,0.0,N/A,-1.0,-1.0,,,,,10.42,10.3,10.51,CSPII,Ia,0.985,none
ASAS15hx,0.0083,0.0092051,1.034,0.004,13.126,0.004,-11.4,0.0415,0.0042,6.294e-06,,,,-0.035,0.005,0.0,N/A,-1.0,-1.0,,,,,7.45,7.06,7.89,CSPII,Ia,0.909,none
CSP12J,0.01468,0.0149235,0.484,0.025,16.112,0.078,7.0,0.0678,0.0068,-0.000278,,,,0.555,0.128,0.0,N/A,-1.0,-1.0,,,,,10.09,9.97,10.2,CSPII,Ia,0.917,none
CSP12N,0.0971328,0.0982741,1.062,0.011,18.601,0.005,-9.2,0.0429,0.0043,2.045e-05,,,,-0.11,0.008,0.0,N/A,-1.0,-1.0,,,,,7.51,7.32,7.66,CSPII,Ia,0.985,none
CSP13aad,0.0868,0.0865709,1.193,0.035,18.62,0.038,3.0,0.0206,0.0021,-6.535e-05,,,,0.029,0.073,0.0,N/A,-1.0,-1.0,,,,,9.65,9.59,9.8,CSPII,Ia,0.979,none
CSP13abm,0.0281805,0.027529,1.14,0.009,16.334,0.006,-4.2,0.1485,0.0149,-1.409e-06,,,,-0.018,0.008,0.0,N/A,-1.0,-1.0,,,,,11.5,11.5,11.5,CSPII,Ia,0.747,none
CSP14aaq,0.0359133,0.0361755,0.905,0.015,16.644,0.014,-6.9,0.0524,0.0052,7.173e-05,,,,-0.085,0.021,0.0,N/A,-1.0,-1.0,,,,,11.08,11.01,11.48,CSPII,Ia,0.986,none
CSP14abn,0.0225,0.0232746,1.004,0.004,15.591,0.003,-1.7,0.0747,0.0075,-3.984e-07,,,,-0.036,0.004,0.0,N/A,-1.0,-1.0,,,,,9.75,9.59,10.24,CSPII,Ia,0.976,none
CSP14acl,0.0299792,0.0289327,0.959,0.008,16.543,0.011,-0.4,0.0264,0.0026,-1.66e-05,,,,-0.081,0.015,0.0,N/A,-1.0,-1.0,,,,,11.5,11.5,11.5,CSPII,Ia,0.081,none
CSP14adc,0.03244,0.031651,0.815,0.009,17.061,0.008,-3.3,0.0949,0.0095,1.247e-05,,,,0.219,0.011,0.0,N/A,-1.0,-1.0,,,,,10.81,10.67,11.14,CSPII,Ia,0.976,none
CSP15B,0.0198862,0.0208198,0.72,0.006,16.052,0.007,-3.9,0.0641,0.0064,1.473e-05,,,,0.132,0.011,0.0,N/A,-1.0,-1.0,,,,,10.95,10.78,11.42,CSPII,Ia,0.966,none
CSP15aae,0.0161833,0.0169733,0.505,0.005,16.544,0.008,-6.8,0.0226,0.0023,7.113e-06,,,,0.455,0.011,0.0,NGC5490,34.267,0.08,9.028,0.023,0.0,0.0,11.14,11.06,11.22,N/A,N/A,0.0,s
KISS15m,0.02432,0.0253844,0.429,0.009,18.003,0.021,-4.2,0.0277,0.0028,3.867e-05,,,,0.62,0.031,0.0,N/A,-1.0,-1.0,,,,,9.78,9.67,9.94,CSPII,Ia-91bg,0.958,none
KISS15n,0.023084,0.0239783,1.241,0.009,15.453,0.007,-13.2,0.0088,0.0009,2.646e-05,,,,0.102,0.009,0.0,N/A,-1.0,-1.0,,,,,8.0,7.8,8.17,CSPII,Ia-91T,0.85,none
LSQ11bk,0.0402721,0.0400251,1.071,0.015,16.881,0.007,-1.0,0.0936,0.0094,-2.804e-06,,,,-0.079,0.011,0.0,N/A,-1.0,-1.0,,,,,6.53,6.5,6.59,CSPII,Ia,0.967,none
LSQ11ot,0.02732,0.0273222,0.982,0.003,17.71,0.004,-5.5,0.1581,0.0158,4.937e-06,,,,0.318,0.006,0.0,N/A,-1.0,-1.0,,,,,10.17,10.0,10.22,CSPII,Ia,0.976,none
LSQ11pn,0.0326533,0.0326611,0.507,0.008,17.307,0.011,-5.2,0.1457,0.0146,2.988e-05,,,,0.285,0.018,0.0,N/A,-1.0,-1.0,,,,,10.7,10.52,10.8,CSPII,Ia,0.948,none
LSQ12agq,0.0641556,0.0653581,1.152,0.027,18.361,0.036,4.8,0.0371,0.0037,-4.98e-05,,,,0.084,0.074,0.0,N/A,-1.0,-1.0,,,,,9.3,9.29,9.43,CSPII,Ia,0.986,none
LSQ12aor,0.0933354,0.0945588,0.827,0.021,19.35,0.014,-5.4,0.0415,0.0042,0.0001261,,,,-0.088,0.026,0.0,N/A,-1.0,-1.0,,,,,9.85,9.67,10.15,CSPII,Ia,0.986,none
LSQ12bld,0.0833623,0.084303,0.892,0.01,18.966,0.009,-8.1,0.0233,0.0023,4.829e-05,,,,0.101,0.016,0.0,N/A,-1.0,-1.0,,,,,10.55,10.42,10.64,CSPII,Ia,0.987,none
LSQ12btn,0.0541733,0.0552706,0.832,0.009,18.127,0.007,-1.9,0.0333,0.0033,-1.154e-06,,,,0.098,0.011,0.0,N/A,-1.0,-1.0,,,,,10.9,10.84,10.94,CSPII,Ia,0.986,none
LSQ12ca,0.0994,0.0995466,1.195,0.041,18.97,0.039,4.4,0.0417,0.0042,-6.784e-05,,,,-0.084,0.081,0.0,N/A,-1.0,-1.0,,,,,10.44,10.34,10.64,CSPII,Ia,0.962,none
LSQ12cda,0.1374948,0.1384035,0.814,0.105,20.124,0.063,4.1,0.0284,0.0028,-0.002657,,,,0.087,0.119,0.0,N/A,-1.0,-1.0,,,,,9.82,9.69,9.98,CSPII,Ia,0.859,none
LSQ12cdl,0.1079253,0.1090245,0.988,0.045,19.16,0.032,0.1,0.0492,0.0049,-1.583e-05,,,,-0.143,0.075,0.0,N/A,-1.0,-1.0,,,,,8.81,8.79,8.93,CSPII,Ia,0.986,none
LSQ13aiz,0.0092,0.0102493,0.964,0.006,13.651,0.006,-8.7,0.0788,0.0079,1.193e-05,,,,0.08,0.009,0.0,N/A,-1.0,-1.0,,,,,8.24,8.12,8.34,CSPII,Ia,0.716,none
LSQ13dsm,0.0423707,0.0419767,0.908,0.004,17.253,0.005,-12.0,0.0088,0.0009,9.065e-06,,,,-0.024,0.008,0.0,N/A,-1.0,-1.0,,,,,9.01,8.85,9.14,CSPII,Ia,0.984,none
LSQ13ry,0.0298367,0.031032,0.88,0.006,16.517,0.01,-12.4,0.0403,0.004,2.49e-05,,,,-0.05,0.011,0.0,N/A,-1.0,-1.0,,,,,9.64,9.54,9.7,CSPII,Ia,0.971,none
LSQ13vy,0.0417711,0.0421068,0.892,0.005,17.531,0.007,-5.0,0.0676,0.0068,1.487e-05,,,,0.075,0.008,0.0,N/A,-1.0,-1.0,,,,,10.17,10.15,10.33,CSPII,Ia,0.985,none
LSQ14ajn,0.02101,0.0221584,0.654,0.004,16.22,0.006,-0.4,0.0193,0.0019,4.585e-07,,,,0.066,0.009,0.0,N/A,-1.0,-1.0,,,,,10.11,9.95,10.3,CSPII,Ia,0.979,none
LSQ14gov,0.089538,0.0892443,1.141,0.008,18.466,0.03,2.5,0.0357,0.0036,-2.372e-06,,,,-0.105,0.009,0.0,N/A,-1.0,-1.0,,,,,9.02,8.85,9.19,CSPII,Ia,0.985,none
LSQ14wp,0.0694519,0.0706148,1.138,0.011,17.871,0.006,-8.0,0.0207,0.0021,7.385e-07,,,,-0.05,0.01,0.0,N/A,-1.0,-1.0,,,,,7.48,7.23,7.59,CSPII,Ia-91T,0.984,none
LSQ15aae,0.0515643,0.0517701,1.226,0.008,17.774,0.005,-5.6,0.0616,0.0062,1.338e-05,,,,0.079,0.008,0.0,N/A,-1.0,-1.0,,,,,10.27,10.1,10.46,CSPII,Ia-91T,0.982,none
PS1-14ra,0.0280833,0.0287982,0.778,0.006,16.572,0.004,-0.2,0.023,0.0023,-8.278e-07,,,,0.052,0.006,0.0,N/A,-1.0,-1.0,,,,,10.65,10.35,10.72,CSPII,Ia,0.984,none
PS1-14xw,0.0245,0.0245957,1.036,0.01,15.774,0.005,-3.4,0.0656,0.0066,1.01e-05,,,,0.018,0.006,0.0,N/A,-1.0,-1.0,,,,,11.24,11.11,11.71,CSPII,Ia,0.975,none
PS15sv,0.033277,0.0335844,1.113,0.014,16.412,0.007,-3.3,0.0782,0.0078,-2.27e-06,,,,0.013,0.013,0.0,N/A,-1.0,-1.0,,,,,8.31,8.2,8.56,CSPII,Ia-91T,0.977,none
PTF11pbp,0.0289033,0.0276702,1.157,0.007,16.292,0.005,-6.7,0.0507,0.0051,1.224e-06,,,,0.051,0.007,0.0,N/A,-1.0,-1.0,,,,,10.88,10.73,10.97,CSPII,Ia,0.984,none
PTF11ppn,0.0672534,0.0661869,0.66,0.038,18.6,0.096,7.1,0.132,0.0132,0.0006209,,,,0.245,0.164,0.0,N/A,-1.0,-1.0,,,,,11.02,10.96,11.06,CSPII,Ia-91bg,0.154,none
PTF11pra,0.0175433,0.0167242,0.442,0.017,17.618,0.027,0.9,0.0243,0.0024,-3.142e-06,,,,0.935,0.061,0.0,N/A,-1.0,-1.0,,,,,10.68,10.57,10.75,CSPII,Ia,0.981,none
PTF11qnr,0.0162167,0.0149985,0.807,0.008,15.583,0.006,-9.5,0.0556,0.0056,1.488e-05,,,,0.255,0.009,0.0,N/A,-1.0,-1.0,,,,,10.65,10.38,10.7,CSPII,Ia,0.979,none
PTF13duj,0.01694,0.015867,1.158,0.013,15.03,0.008,-7.2,0.0665,0.0067,5.401e-06,,,,0.052,0.011,0.0,N/A,-1.0,-1.0,,,,,10.73,10.61,10.82,CSPII,Ia,0.965,none
PTF13dwl,0.0874395,0.0863561,1.114,0.023,18.474,0.02,-5.2,0.0613,0.0061,7.132e-05,,,,0.017,0.011,0.0,N/A,-1.0,-1.0,,,,,8.74,8.42,8.98,CSPII,Ia,0.987,none
PTF13ebh,0.01326,0.012484,0.632,0.004,14.977,0.007,-13.2,0.0668,0.0067,7.886e-06,,,,0.117,0.009,0.0,NGC0890,33.296,0.081,0.0,0.0,0.0,0.0,10.86,10.809999999999999,10.91,N/A,N/A,0.0,s
PTF14aje,0.0276708,0.0282271,0.685,0.006,18.219,0.008,-3.5,0.1524,0.0152,1.68e-05,,,,0.582,0.014,0.0,N/A,-1.0,-1.0,,,,,10.78,10.64,10.84,CSPII,Ia,0.978,none
PTF14fpg,0.034,0.03283,1.079,0.012,16.716,0.006,-9.2,0.0258,0.0026,2.189e-05,,,,0.003,0.008,0.0,N/A,-1.0,-1.0,,,,,11.5,11.5,11.5,CSPII,Ia,0.784,none
PTF14w,0.0188933,0.0200839,0.743,0.004,16.034,0.004,-6.4,0.0205,0.0021,4.122e-06,,,,0.05,0.005,0.0,N/A,-1.0,-1.0,,,,,9.14,8.96,9.3,CSPII,Ia,0.975,none
PTF14yw,0.01697,0.0180604,0.854,0.008,15.717,0.007,-4.4,0.0255,0.0026,1.595e-05,,,,-0.043,0.011,0.0,N/A,-1.0,-1.0,,,,,10.24,10.16,10.59,CSPII,Ia,0.411,none
SN2004ef,0.0309667,0.02977,0.84,0.003,16.79,0.004,-9.2,0.0458,0.0046,4.487e-06,,,,0.119,0.006,0.0,N/A,-1.0,-1.0,,,,,10.74,10.63,10.8,CSPI,Ia,0.981,none
SN2004eo,0.01569,0.0147367,0.867,0.005,15.056,0.008,-12.6,0.093,0.0093,1.244e-05,,,,0.023,0.009,0.0,N/A,-1.0,-1.0,,,,,11.16,11.03,11.35,CSPI,Ia,0.979,none
SN2004ey,0.0157767,0.0146267,1.008,0.003,14.755,0.003,-9.2,0.1197,0.012,2.099e-06,,,,-0.054,0.004,0.0,N/A,-1.0,-1.0,,,,,10.06,9.76,10.41,CSPI,Ia,0.973,none
SN2004gs,0.0266267,0.0282767,0.707,0.003,17.053,0.004,-4.0,0.0257,0.0026,2.973e-06,,,,0.205,0.006,0.0,N/A,-1.0,-1.0,,,,,10.63,10.57,10.7,CSPI,Ia,0.982,none
SN2004gu,0.0458267,0.0468967,1.153,0.011,17.333,0.008,-5.1,0.0223,0.0022,-6.907e-06,,,,0.149,0.014,0.0,N/A,-1.0,-1.0,,,,,10.02,9.74,10.19,CSPI,Ia-06gz,0.986,none
SN2005A,0.0191267,0.01834,0.963,0.007,17.68,0.011,-3.8,0.0259,0.0026,1.316e-05,,,,0.978,0.016,0.0,N/A,-1.0,-1.0,,,,,11.19,11.07,11.26,CSPI,Ia,0.976,none
SN2005M,0.0219967,0.02558,1.205,0.004,15.859,0.003,-9.4,0.0273,0.0027,2.876e-06,,,,0.018,0.004,0.0,N/A,-1.0,-1.0,,,,,8.8,8.38,8.92,CSPI,Ia-91T,0.984,none
SN2005W,0.0088833,0.00795,0.938,0.006,14.105,0.005,-8.1,0.0615,0.0062,1.035e-05,,,,0.165,0.008,0.0,N/A,-1.0,-1.0,,,,,9.9,9.75,10.0,CSPI,Ia,0.967,none
SN2005ag,0.07937,0.08008,1.145,0.009,18.403,0.005,-1.2,0.0331,0.0033,-1.344e-05,,,,-0.036,0.008,0.0,N/A,-1.0,-1.0,,,,,10.9,10.84,10.95,CSPI,Ia,0.982,none
SN2005al,0.0123933,0.0132867,0.868,0.004,14.858,0.005,-1.2,0.0483,0.0048,-3.153e-07,,,,-0.058,0.008,0.0,N/A,-1.0,-1.0,,,,,10.49,10.4,10.63,CSPI,Ia,0.909,none
SN2005am,0.0078933,0.0089667,0.765,0.004,13.627,0.006,-0.6,0.0433,0.0043,1.898e-06,,,,0.065,0.008,0.0,N/A,-1.0,-1.0,,,,,10.83,10.68,11.26,CSPI,Ia,0.934,none
SN2005be,0.035,0.0355767,0.768,0.022,16.9,0.034,6.2,0.0294,0.0029,-3.405e-05,,,,0.055,0.071,0.0,N/A,-1.0,-1.0,,,,,10.4,10.25,10.5,CSPI,Ia,0.985,none
SN2005bg,0.02307,0.0241567,1.064,0.039,15.817,0.03,3.4,0.0264,0.0026,-0.0001169,,,,0.036,0.066,0.0,N/A,-1.0,-1.0,,,,,9.91,9.72,10.02,CSPI,Ia,0.983,none
SN2005bl,0.0240433,0.0251133,0.429,0.011,18.146,0.024,-6.6,0.025,0.0025,0.0001085,,,,0.676,0.034,0.0,N/A,-1.0,-1.0,,,,,11.01,10.89,11.2,CSPI,Ia-91bg,0.98,none
SN2005bo,0.0138867,0.0150133,0.883,0.009,15.506,0.005,-0.5,0.0396,0.004,-6.648e-06,,,,0.237,0.006,0.0,N/A,-1.0,-1.0,,,,,10.5,10.34,10.65,CSPI,Ia,0.962,none
SN2005el,0.0149,0.0148833,0.864,0.003,14.847,0.01,-5.4,0.0976,0.0098,6.877e-06,,,,-0.08,0.012,0.0,N/A,-1.0,-1.0,,,,,10.84,10.7,11.24,CSPI,Ia,0.973,none
SN2005eq,0.0289567,0.02835,1.136,0.009,16.225,0.006,-4.2,0.0629,0.0063,-3.089e-06,,,,0.055,0.01,0.0,N/A,-1.0,-1.0,,,,,10.56,10.44,10.65,CSPI,Ia-91T,0.984,none
SN2005hc,0.0459067,0.0444967,1.141,0.007,17.26,0.004,-5.0,0.028,0.0028,-6.238e-07,,,,0.013,0.007,0.0,N/A,-1.0,-1.0,,,,,10.6,10.52,10.65,CSPI,Ia,0.98,none
SN2005hj,0.0579667,0.05695,1.151,0.019,17.654,0.01,-3.2,0.0329,0.0033,-1.049e-05,,,,0.08,0.016,0.0,N/A,-1.0,-1.0,,,,,9.32,9.22,9.38,CSPI,Ia,0.984,none
SN2005iq,0.03402,0.03293,0.882,0.006,16.744,0.008,-5.7,0.0185,0.0019,1.43e-05,,,,-0.031,0.011,0.0,N/A,-1.0,-1.0,,,,,10.54,10.47,10.6,CSPI,Ia,0.965,none
SN2005ir,0.0763067,0.0752333,1.003,0.014,18.361,0.01,-3.1,0.0265,0.0027,4.355e-05,,,,0.053,0.016,0.0,N/A,-1.0,-1.0,,,,,9.23,9.12,9.37,CSPI,Ia,0.984,none
SN2005kc,0.01511,0.01389,0.933,0.005,15.475,0.007,-10.8,0.1137,0.0114,1.201e-05,,,,0.234,0.011,0.0,N/A,-1.0,-1.0,,,,,11.06,10.6,11.5,CSPI,Ia,0.978,none
SN2005ke,0.0048767,0.0044833,0.436,0.003,14.435,0.009,-9.9,0.02,0.002,4.86e-06,,,,0.662,0.012,0.0,N/A,-1.0,-1.0,,,,,10.43,10.29,10.61,CSPI,Ia-91bg,0.953,none
SN2005ki,0.0191933,0.02037,0.836,0.004,15.534,0.005,-10.2,0.0267,0.0027,2.802e-06,,,,-0.019,0.007,0.0,N/A,-1.0,-1.0,,,,,10.8,10.62,10.86,CSPI,Ia,0.982,none
SN2005ku,0.0454067,0.0441833,0.973,0.035,17.521,0.04,0.2,0.0461,0.0046,-5.984e-05,,,,0.1,0.078,0.0,N/A,-1.0,-1.0,,,,,10.04,9.96,10.1,CSPI,Ia,0.986,none
SN2005lu,0.0319867,0.0312933,1.063,0.03,17.077,0.034,9.0,0.0218,0.0022,-2.048e-05,,,,0.25,0.072,0.0,N/A,-1.0,-1.0,,,,,9.86,9.68,10.03,CSPI,Ia,0.975,none
SN2005mc,0.0252033,0.0260067,0.666,0.02,17.045,0.031,2.3,0.0379,0.0038,-2.861e-05,,,,0.311,0.066,0.0,N/A,-1.0,-1.0,,,,,10.95,10.85,11.1,CSPI,Ia,0.982,none
SN2005na,0.0263033,0.0268133,0.97,0.005,15.961,0.006,-2.2,0.0681,0.0068,2.339e-06,,,,-0.015,0.009,0.0,N/A,-1.0,-1.0,,,,,10.97,10.9,11.05,CSPI,Ia,0.976,none
SN2006D,0.00852,0.00964,0.839,0.003,14.091,0.006,-5.2,0.0394,0.0039,3.452e-06,,,,0.099,0.006,0.0,N/A,-1.0,-1.0,,,,,9.76,9.54,9.85,CSPI,Ia,0.972,none
SN2006X,0.0052367,0.00632,0.97,0.004,14.68,0.008,-11.1,0.0228,0.0023,8.037e-06,,,,1.213,0.012,0.0,N/A,-1.0,-1.0,,,,,9.33,9.06,9.43,CSPI,Ia,0.557,none
SN2006ax,0.0167267,0.0179567,1.003,0.004,15.011,0.007,-12.1,0.041,0.0041,7.481e-06,,,,-0.073,0.008,0.0,N/A,-1.0,-1.0,,,,,10.92,10.79,11.04,CSPI,Ia,0.981,none
SN2006bd,0.0257067,0.0267967,0.395,0.01,18.427,0.028,-1.5,0.0231,0.0023,7.274e-05,,,,0.733,0.044,0.0,N/A,-1.0,-1.0,,,,,10.77,10.6,10.8,CSPI,Ia-91bg,0.981,none
SN2006bh,0.01084,0.0104933,0.827,0.003,14.314,0.005,-5.1,0.0228,0.0023,2.879e-06,,,,-0.01,0.006,0.0,N/A,-1.0,-1.0,,,,,10.43,10.31,10.49,CSPI,Ia,0.969,none
SN2006br,0.0245733,0.0255233,0.954,0.032,18.506,0.036,10.0,0.0197,0.002,7.711e-06,,,,0.837,0.097,0.0,N/A,-1.0,-1.0,,,,,10.97,10.87,11.36,CSPI,Ia,0.982,none
SN2006dd,0.005867,0.0055089,0.951,0.003,12.205,0.083,59.7,0.0179,0.0018,1.063e-05,31.815,0.394,Ho,-0.065,0.007,0.0,NGC1316,31.59,0.05,,,,,11.514,11.482,11.546,N/A,N/A,0.0,s
SN2006ef,0.01787,0.0170267,0.858,0.02,15.383,0.041,9.8,0.0201,0.002,-2.921e-05,,,,-0.024,0.081,0.0,NGC0809,34.376,0.109,0.0,0.0,0.0,0.0,10.35,10.17,10.53,N/A,N/A,0.0,s
SN2006ej,0.0204367,0.0193367,0.845,0.018,15.686,0.026,3.1,0.0296,0.003,-5.127e-06,,,,0.028,0.06,0.0,N/A,-1.0,-1.0,,,,,10.63,10.48,10.7,CSPI,Ia,0.971,none
SN2006eq,0.0494667,0.0483667,0.656,0.022,18.389,0.037,2.3,0.0416,0.0042,-2.577e-05,,,,0.302,0.075,0.0,N/A,-1.0,-1.0,,,,,10.19,9.79,10.65,CSPI,Ia,0.973,none
SN2006et,0.0221567,0.0216467,1.181,0.006,15.885,0.006,-10.7,0.0165,0.0017,3.073e-06,,,,0.142,0.007,0.0,N/A,-1.0,-1.0,,,,,10.8,10.7,10.88,CSPI,Ia,0.983,none
SN2006ev,0.0287133,0.0276,0.84,0.021,17.047,0.034,3.4,0.0759,0.0076,-1.376e-05,,,,0.179,0.069,0.0,N/A,-1.0,-1.0,,,,,10.75,10.65,10.91,CSPI,Ia,0.924,none
SN2006fw,0.0829433,0.0819867,0.901,0.051,18.837,0.05,-2.6,0.028,0.0028,0.0007559,,,,0.109,0.065,0.0,N/A,-1.0,-1.0,,,,,9.42,9.32,9.62,CSPI,Ia,0.001,none
SN2006gj,0.0283333,0.0269667,0.709,0.007,17.497,0.008,-1.9,0.0705,0.007,4.401e-06,,,,0.297,0.012,0.0,N/A,-1.0,-1.0,,,,,10.53,10.36,10.6,CSPI,Ia,0.983,none
SN2006gt,0.04474,0.0436433,0.565,0.009,18.049,0.011,-2.5,0.0323,0.0032,1.718e-05,,,,0.257,0.016,0.0,N/A,-1.0,-1.0,,,,,9.93,9.87,9.94,CSPI,Ia-91bg,0.982,none
SN2006hb,0.0153333,0.0153367,0.682,0.018,15.425,0.03,4.2,0.0236,0.0024,-1.113e-05,,,,0.186,0.064,0.0,N/A,-1.0,-1.0,,,,,10.22,10.05,10.39,CSPI,Ia-86G,0.98,none
SN2006hx,0.0454633,0.0444033,0.98,0.012,17.477,0.028,-9.4,0.0256,0.0026,0.0001399,,,,0.113,0.035,0.0,N/A,-1.0,-1.0,,,,,10.31,10.12,10.44,CSPI,Ia,0.981,none
SN2006is,0.0313333,0.03142,1.093,0.036,16.114,0.034,5.1,0.029,0.0029,-5.192e-05,,,,0.038,0.066,0.0,N/A,-1.0,-1.0,,,,,7.1,6.68,7.41,CSPI,Ia,0.983,none
SN2006kf,0.0212867,0.0208,0.771,0.005,15.92,0.006,-4.9,0.2097,0.021,5.467e-06,,,,0.024,0.009,0.0,N/A,-1.0,-1.0,,,,,10.82,10.59,10.9,CSPI,Ia,0.981,none
SN2006lu,0.0533667,0.0543967,1.003,0.019,17.505,0.031,4.7,0.0986,0.0099,-1.486e-05,,,,-0.019,0.066,0.0,N/A,-1.0,-1.0,,,,,10.29,10.22,10.37,CSPI,Ia,0.984,none
SN2006mr,0.0058667,0.00551,0.333,0.004,14.963,0.019,-4.6,0.0179,0.0018,1.435e-05,,,,0.728,0.028,0.0,N/A,-1.0,-1.0,,,,,11.19,10.79,11.38,CSPI,Ia-91bg,0.947,none
SN2006ob,0.0591967,0.0582567,0.739,0.009,18.175,0.01,-3.2,0.0285,0.0029,2.392e-05,,,,0.124,0.016,0.0,N/A,-1.0,-1.0,,,,,11.26,11.08,11.33,CSPI,Ia,0.986,none
SN2006os,0.0327867,0.03208,0.941,0.02,17.452,0.03,0.6,0.1254,0.0125,-9.552e-06,,,,0.318,0.065,0.0,N/A,-1.0,-1.0,,,,,10.81,10.66,10.87,CSPI,Ia,0.982,none
SN2006py,0.05786,0.0566433,0.966,0.018,17.825,0.012,-1.8,0.0518,0.0052,1.924e-05,,,,0.086,0.021,0.0,N/A,-1.0,-1.0,,,,,9.1,8.94,9.24,CSPI,Ia,0.968,none
SN2007A,0.0176333,0.0164633,1.05,0.02,15.617,0.009,-4.9,0.0631,0.0063,9.897e-05,,,,0.202,0.01,0.0,N/A,-1.0,-1.0,,,,,10.57,10.57,10.57,CSPI,Ia,0.98,none
SN2007N,0.01287,0.014,0.376,0.006,17.539,0.017,-0.8,0.0343,0.0034,2.487e-05,,,,0.953,0.024,0.0,N/A,-1.0,-1.0,,,,,10.19,10.1,10.57,CSPI,Ia-91bg,0.976,none
SN2007S,0.01387,0.0150233,1.186,0.007,15.586,0.007,-10.9,0.0224,0.0022,6.06e-06,,,,0.366,0.011,0.0,N/A,-1.0,-1.0,,,,,9.98,9.63,10.16,CSPI,Ia-91T,0.973,none
SN2007ai,0.03164,0.0319867,1.223,0.013,16.936,0.03,1.3,0.286,0.0286,-1.126e-05,,,,0.183,0.013,0.0,N/A,-1.0,-1.0,,,,,9.91,9.76,10.18,CSPI,Ia-91T,0.985,none
SN2007al,0.0121133,0.0132629,0.383,0.006,16.951,0.021,-0.4,0.036,0.0036,1.817e-05,,,,0.693,0.026,0.0,N/A,-1.0,-1.0,,,,,9.47,9.33,9.91,CSPI,Ia-91bg,0.971,none
SN2007as,0.01756,0.0178967,0.889,0.004,15.417,0.006,-0.7,0.1229,0.0123,1.242e-06,,,,0.08,0.009,0.0,N/A,-1.0,-1.0,,,,,10.36,10.24,10.43,CSPI,Ia,0.98,none
SN2007ax,0.0068567,0.0076367,0.353,0.01,15.846,0.02,-3.1,0.0446,0.0045,5.851e-05,,,,0.682,0.03,0.0,N/A,-1.0,-1.0,,,,,10.23,10.13,10.29,CSPI,Ia-91bg,0.924,none
SN2007ba,0.0384867,0.0390533,0.568,0.008,17.555,0.014,-7.3,0.0315,0.0032,3.313e-05,,,,0.327,0.019,0.0,N/A,-1.0,-1.0,,,,,10.99,10.9,11.06,CSPI,Ia-91bg,0.796,none
SN2007bc,0.0207567,0.02185,0.907,0.005,15.809,0.006,-3.1,0.0186,0.0019,3.131e-06,,,,0.033,0.009,0.0,N/A,-1.0,-1.0,,,,,10.73,10.65,10.78,CSPI,Ia,0.983,none
SN2007bd,0.0309967,0.0318267,0.917,0.006,16.506,0.013,-9.8,0.0289,0.0029,2.622e-05,,,,-0.001,0.016,0.0,N/A,-1.0,-1.0,,,,,10.82,10.68,10.89,CSPI,Ia,0.984,none
SN2007bm,0.0062067,0.00744,0.906,0.005,14.21,0.028,2.0,0.0354,0.0035,1.447e-06,,,,0.421,0.009,0.0,N/A,-1.0,-1.0,,,,,10.27,10.09,10.72,CSPI,Ia,0.958,none
SN2007ca,0.0140567,0.01507,1.078,0.012,15.753,0.007,-9.2,0.057,0.0057,1.583e-05,,,,0.26,0.009,0.0,N/A,-1.0,-1.0,,,,,9.69,9.52,9.74,CSPI,Ia,0.979,none
SN2007cg,0.0331733,0.0341676,1.07,0.049,17.807,0.045,7.7,0.0686,0.0069,-0.0002392,,,,0.684,0.093,0.0,N/A,-1.0,-1.0,,,,,10.37,10.33,10.43,CSPI,Ia,0.39,none
SN2007hj,0.0141033,0.0128818,0.633,0.005,15.486,0.007,-1.7,0.0747,0.0075,5.172e-06,,,,0.215,0.01,0.0,N/A,-1.0,-1.0,,,,,10.45,10.3,10.89,CSPI,Ia,0.961,none
SN2007hx,0.07976,0.0788733,1.006,0.028,19.108,0.036,0.1,0.0299,0.003,-1.644e-05,,,,0.214,0.074,0.0,N/A,-1.0,-1.0,,,,,10.55,10.45,10.62,CSPI,Ia,0.985,none
SN2007jd,0.0725833,0.0719112,0.891,0.036,18.799,0.039,-0.0,0.066,0.0066,-9.151e-05,,,,0.098,0.081,0.0,N/A,-1.0,-1.0,,,,,10.13,9.93,10.18,CSPI,Ia,0.942,none
SN2007jg,0.0371067,0.0365767,0.939,0.006,17.214,0.007,-3.2,0.0904,0.009,1.351e-05,,,,0.028,0.01,0.0,N/A,-1.0,-1.0,,,,,8.1,7.95,8.22,CSPI,Ia,0.974,none
SN2007jh,0.0407667,0.0402667,0.599,0.015,18.145,0.017,-3.0,0.0902,0.009,9.586e-05,,,,0.272,0.026,0.0,N/A,-1.0,-1.0,,,,,10.99,10.89,11.04,CSPI,Ia-86G,0.981,none
SN2007le,0.0067167,0.0055233,1.02,0.004,13.741,0.005,-7.0,0.0287,0.0029,6.262e-06,,,,0.292,0.006,0.0,N/A,-1.0,-1.0,,,,,9.85,9.71,10.16,CSPI,Ia,0.955,none
SN2007mm,0.066354,0.0688733,0.516,0.014,19.455,0.017,-7.3,0.0313,0.0031,5.14e-05,,,,0.44,0.032,0.0,N/A,-1.0,-1.0,,,,,11.36,11.36,11.36,CSPI,Ia-86G,0.983,none
SN2007nq,0.045,0.0439033,0.769,0.006,17.346,0.008,-1.5,0.0312,0.0031,1.853e-06,,,,0.056,0.011,0.0,N/A,-1.0,-1.0,,,,,11.21,11.15,11.28,CSPI,Ia,0.952,none
SN2007ol,0.05587,0.054882,0.701,0.032,17.972,0.02,-3.6,0.0215,0.0022,0.0002843,,,,-0.063,0.028,0.0,N/A,-1.0,-1.0,,,,,9.82,9.71,9.93,CSPI,Ia,0.972,none
SN2007on,0.00649,0.0061833,0.589,0.003,12.932,0.01,-6.5,0.0098,0.001,5.831e-06,31.998,0.004,Ho,0.115,0.012,0.0,NGC1404,31.526,0.072,,,,,10.932,10.897,10.967,N/A,N/A,0.0,s
SN2007so,0.0296667,0.0289285,0.925,0.009,16.223,0.051,23.9,0.1161,0.0116,7.954e-05,,,,0.014,0.076,0.0,N/A,-1.0,-1.0,,,,,10.97,10.89,11.07,CSPI,Ia,,none
SN2007st,0.0211667,0.0206508,0.863,0.022,15.761,0.042,4.1,0.0143,0.0014,-6.279e-05,,,,0.149,0.083,0.0,N/A,-1.0,-1.0,,,,,10.95,10.85,11.4,CSPI,Ia,0.951,none
SN2007ux,0.0308933,0.031996,0.628,0.006,17.26,0.007,-0.4,0.0386,0.0039,-2.976e-06,,,,0.21,0.01,0.0,N/A,-1.0,-1.0,,,,,10.3,10.23,10.34,CSPI,Ia-86G,0.981,none
SN2008C,0.01661,0.0170667,0.967,0.024,15.534,0.037,3.1,0.072,0.0072,-5.492e-05,,,,0.167,0.074,0.0,N/A,-1.0,-1.0,,,,,10.49,10.35,10.55,CSPI,Ia,0.981,none
SN2008O,0.03883,0.039318,0.688,0.01,17.976,0.011,-1.4,0.0763,0.0076,4.391e-06,,,,0.313,0.016,0.0,N/A,-1.0,-1.0,,,,,11.33,11.12,11.59,CSPI,Ia,0.986,none
SN2008R,0.0134933,0.0128867,0.632,0.006,15.149,0.008,-1.5,0.0618,0.0062,4.054e-06,,,,0.12,0.011,0.0,NGC1200,33.66,0.08,0.0,0.0,0.0,0.0,11.25,11.13,11.37,N/A,N/A,0.0,s
SN2008ar,0.02613,0.0272474,0.976,0.004,16.179,0.008,-7.4,0.0311,0.0031,1.545e-05,,,,0.008,0.011,0.0,N/A,-1.0,-1.0,,,,,10.21,10.11,10.28,CSPI,Ia,0.984,none
SN2008bc,0.0150767,0.0157067,1.057,0.005,14.721,0.004,-8.4,0.2251,0.0225,4.801e-06,,,,-0.028,0.006,0.0,N/A,-1.0,-1.0,,,,,10.1,9.95,10.23,CSPI,Ia,0.979,none
SN2008bd,0.0300833,0.0312803,0.66,0.038,17.419,0.04,15.3,0.0751,0.0075,-0.0003389,,,,0.339,0.067,0.0,N/A,-1.0,-1.0,,,,,11.07,10.99,11.13,CSPI,Ia-91bg,,none
SN2008bf,0.0234837,0.0245538,1.019,0.004,15.667,0.004,-7.5,0.0296,0.003,7.54e-06,,,,-0.046,0.006,0.0,N/A,-1.0,-1.0,,,,,11.4,11.4,11.4,CSPI,Ia,0.982,none
SN2008bi,0.0134367,0.0143882,0.512,0.022,16.675,0.071,7.0,0.037,0.0037,5.632e-05,,,,0.591,0.123,0.0,N/A,-1.0,-1.0,,,,,10.38,10.27,10.48,CSPI,Ia-91bg,0.972,none
SN2008bq,0.0339767,0.0344433,1.153,0.009,16.649,0.006,-0.5,0.0774,0.0077,-9.428e-06,,,,0.04,0.009,0.0,N/A,-1.0,-1.0,,,,,10.82,10.74,10.91,CSPI,Ia,0.983,none
SN2008bt,0.0153533,0.0165796,0.498,0.008,16.471,0.009,-1.4,0.0445,0.0044,9.466e-06,,,,0.508,0.013,0.0,N/A,-1.0,-1.0,,,,,10.85,10.7,10.91,CSPI,Ia-91bg,0.979,none
SN2008bz,0.0602367,0.0613265,0.948,0.023,17.92,0.03,1.2,0.0226,0.0023,-2.966e-05,,,,-0.044,0.064,0.0,N/A,-1.0,-1.0,,,,,10.5,10.44,10.56,CSPI,Ia,0.957,none
SN2008cc,0.0103867,0.0101222,0.813,0.018,14.231,0.031,9.3,0.0355,0.0035,-2.058e-05,,,,0.158,0.065,0.0,N/A,-1.0,-1.0,,,,,10.48,10.4,10.64,CSPI,Ia,0.965,none
SN2008cd,0.0074067,0.0084623,1.08,0.144,17.884,0.07,9.0,0.0592,0.0059,-0.0007231,,,,1.662,0.136,0.0,N/A,-1.0,-1.0,,,,,9.54,9.43,9.64,CSPI,Ia,0.87,none
SN2008cf,0.0459682,0.0468269,1.092,0.035,17.008,0.029,0.5,0.0577,0.0058,-3.89e-05,,,,0.009,0.062,0.0,N/A,-1.0,-1.0,,,,,8.73,8.59,8.97,CSPI,Ia,0.986,none
SN2008ff,0.0191933,0.0186725,1.083,0.009,15.309,0.011,19.2,0.0436,0.0044,-9.119e-06,,,,0.177,0.017,0.0,N/A,-1.0,-1.0,,,,,10.8,10.8,10.8,CSPI,Ia,0.981,none
SN2008fl,0.0199,0.0194172,0.883,0.017,15.599,0.027,2.7,0.1569,0.0157,-6.921e-06,,,,0.056,0.059,0.0,N/A,-1.0,-1.0,,,,,10.94,10.87,11.01,CSPI,Ia,0.982,none
SN2008fp,0.00566,0.0062867,1.108,0.008,13.716,0.005,-4.8,0.1686,0.0169,3.081e-06,,,,0.479,0.007,0.0,N/A,-1.0,-1.0,,,,,10.2,10.15,10.63,CSPI,Ia,0.944,none
SN2008fr,0.0389733,0.0379062,1.035,0.023,16.776,0.033,7.3,0.0395,0.004,-2.514e-05,,,,-0.014,0.069,0.0,N/A,-1.0,-1.0,,,,,7.73,7.58,7.92,CSPI,Ia,0.981,none
SN2008fu,0.05237,0.0518336,0.822,0.024,17.718,0.045,6.6,0.018,0.0018,-7.74e-05,,,,-0.021,0.087,0.0,N/A,-1.0,-1.0,,,,,10.72,10.66,10.8,CSPI,Ia,0.986,none
SN2008fw,0.0085433,0.0095066,1.117,0.023,13.915,0.029,8.8,0.1123,0.0112,-1.365e-05,,,,0.076,0.065,0.0,N/A,-1.0,-1.0,,,,,10.49,10.31,10.61,CSPI,Ia-91T,0.971,none
SN2008gg,0.0319933,0.0310658,1.054,0.025,16.484,0.029,3.1,0.0195,0.002,-3.31e-05,,,,0.149,0.063,0.0,N/A,-1.0,-1.0,,,,,10.73,10.63,10.82,CSPI,Ia,0.984,none
SN2008gl,0.0339933,0.0329459,0.867,0.005,16.754,0.006,-3.1,0.0244,0.0024,4.541e-06,,,,0.028,0.008,0.0,N/A,-1.0,-1.0,,,,,10.86,10.81,10.92,CSPI,Ia,0.977,none
SN2008go,0.0623667,0.0613133,0.939,0.018,17.971,0.007,-0.7,0.032,0.0032,1.51e-06,,,,0.04,0.01,0.0,N/A,-1.0,-1.0,,,,,10.94,10.89,11.0,CSPI,Ia,0.986,none
SN2008gp,0.03339,0.0328233,0.979,0.004,16.396,0.007,-6.8,0.1042,0.0104,6.579e-06,,,,-0.031,0.011,0.0,N/A,-1.0,-1.0,,,,,10.73,10.64,10.79,CSPI,Ia,0.985,none
SN2008hj,0.0378667,0.0367224,1.008,0.005,16.736,0.005,-6.6,0.0303,0.003,8.003e-06,,,,-0.008,0.007,0.0,N/A,-1.0,-1.0,,,,,10.4,10.2,10.69,CSPI,Ia,0.983,none
SN2008hu,0.0496656,0.050526,0.827,0.023,17.792,0.033,-0.1,0.0921,0.0092,-1.877e-05,,,,0.021,0.07,0.0,N/A,-1.0,-1.0,,,,,10.99,10.84,11.07,CSPI,Ia,0.985,none
SN2008hv,0.01254,0.01358,0.867,0.004,14.698,0.008,-10.9,0.0279,0.0028,8.846e-06,,,,-0.047,0.011,0.0,NGC2765,33.725,0.083,0.0,0.0,0.0,0.0,10.55,10.370000000000001,10.73,N/A,N/A,0.0,s
SN2008ia,0.0219833,0.02254,0.834,0.006,15.831,0.013,-4.0,0.1954,0.0195,1.201e-05,,,,-0.035,0.016,0.0,ESO125-G006,34.896,0.195,0.0,0.0,0.0,0.0,10.77,10.27,11.27,N/A,N/A,0.0,s
SN2009D,0.02499,0.024654,1.159,0.007,15.687,0.004,-6.7,0.0441,0.0044,3.601e-07,,,,-0.021,0.006,0.0,N/A,-1.0,-1.0,,,,,10.43,10.35,10.5,CSPI,Ia,0.984,none
SN2009F,0.0129467,0.01291,0.386,0.007,16.615,0.018,-5.1,0.0895,0.0089,2.297e-05,,,,0.551,0.025,0.0,N/A,-1.0,-1.0,,,,,10.79,10.61,11.22,CSPI,Ia-91bg,0.97,none
SN2009I,0.02615,0.0254309,1.089,0.03,17.899,0.011,-3.9,0.0272,0.0027,1.27e-05,,,,0.651,0.017,0.0,N/A,-1.0,-1.0,,,,,10.74,10.53,10.88,CSPI,Ia,0.969,none
SN2009P,0.0250867,0.0263202,1.08,0.042,16.815,0.014,-1.2,0.0415,0.0042,-6.946e-05,,,,0.406,0.021,0.0,N/A,-1.0,-1.0,,,,,9.87,9.77,9.95,CSPI,Ia,0.982,none
SN2009Y,0.0093467,0.0101034,0.993,0.005,13.895,0.009,-5.2,0.0873,0.0087,1.021e-05,,,,0.148,0.01,0.0,N/A,-1.0,-1.0,,,,,10.76,10.66,10.95,CSPI,Ia,0.97,none
SN2009aa,0.02729,0.0284814,0.944,0.004,16.281,0.008,-9.1,0.0295,0.0029,8.461e-06,,,,0.013,0.012,0.0,N/A,-1.0,-1.0,,,,,10.6,10.1,10.8,CSPI,Ia,0.983,none
SN2009ab,0.0111633,0.0108624,0.903,0.006,14.654,0.008,-9.4,0.1838,0.0184,1.626e-05,,,,0.035,0.011,0.0,N/A,-1.0,-1.0,,,,,10.35,10.2,10.78,CSPI,Ia,0.959,none
SN2009ad,0.02838,0.0283174,1.107,0.014,16.159,0.008,-8.0,0.0953,0.0095,1.418e-05,,,,0.032,0.011,0.0,N/A,-1.0,-1.0,,,,,10.58,10.5,10.64,CSPI,Ia,0.984,none
SN2009ag,0.0086333,0.0092477,0.966,0.005,14.499,0.011,-1.8,0.218,0.0218,3.679e-06,,,,0.149,0.014,0.0,N/A,-1.0,-1.0,,,,,10.2,9.99,10.6,CSPI,Ia,0.97,none
SN2009al,0.02209,0.0232764,0.92,0.013,16.128,0.025,-3.6,0.0212,0.0021,7.751e-05,,,,0.186,0.028,0.0,N/A,-1.0,-1.0,,,,,10.72,10.66,10.77,CSPI,Ia,0.98,none
SN2009cz,0.0211233,0.0219786,1.173,0.011,15.641,0.007,-6.1,0.0221,0.0022,6.057e-06,,,,0.017,0.011,0.0,N/A,-1.0,-1.0,,,,,10.75,10.68,10.84,CSPI,Ia,0.982,none
SN2009ds,0.0192467,0.0204662,1.121,0.015,15.414,0.009,-9.0,0.0332,0.0033,3.663e-06,,,,0.107,0.013,0.0,N/A,-1.0,-1.0,,,,,10.77,10.62,10.97,CSPI,Ia,0.982,none
SN2009le,0.0177733,0.017027,1.087,0.011,15.269,0.007,-10.4,0.0143,0.0014,-5.609e-07,,,,0.122,0.008,0.0,N/A,-1.0,-1.0,,,,,10.84,10.66,11.31,CSPI,Ia,0.976,none
SN2011iv,0.00649,0.0061827,0.701,0.007,12.407,0.009,-3.5,0.0098,0.001,9.674e-06,32.066,0.351,Ho,0.03,0.011,0.0,NGC1404,31.526,0.072,,,,,10.932,10.897,10.967,N/A,N/A,0.0,s
SN2011iy,0.0042633,0.0053357,1.033,0.005,11.992,0.008,15.2,0.0529,0.0053,1.158e-07,,,,0.244,0.012,0.0,N/A,-1.0,-1.0,,,,,10.39,10.21,10.83,CSPII,Ia,0.9,none
SN2011jh,0.0077833,0.0089154,0.789,0.005,14.902,0.005,-8.6,0.0322,0.0032,8.152e-06,,,,0.367,0.008,0.0,N/A,-1.0,-1.0,,,,,10.09,10.02,10.16,CSPII,Ia,0.966,none
SN2011jn,0.0474433,0.0485384,0.644,0.02,17.811,0.043,5.1,0.0593,0.0059,-3.338e-05,,,,0.137,0.083,0.0,N/A,-1.0,-1.0,,,,,11.35,11.23,11.78,CSPII,Ia,0.982,none
SN2011jt,0.02778,0.0284695,0.955,0.027,16.55,0.044,7.3,0.0386,0.0039,-0.000148,,,,0.149,0.084,0.0,N/A,-1.0,-1.0,,,,,10.39,10.25,10.52,CSPII,Ia,0.985,none
SN2012E,0.0202367,0.019439,0.846,0.008,15.625,0.006,-1.8,0.0649,0.0065,2.824e-06,,,,0.011,0.009,0.0,N/A,-1.0,-1.0,,,,,10.54,10.36,10.73,CSPII,Ia,0.982,none
SN2012G,0.0258,0.0268487,1.158,0.006,15.932,0.004,-0.5,0.0205,0.0021,-3.95e-06,,,,-0.043,0.006,0.0,N/A,-1.0,-1.0,,,,,9.73,9.58,9.84,CSPII,Ia,0.973,none
SN2012U,0.0197233,0.0193386,0.905,0.023,15.47,0.041,9.2,0.0227,0.0023,-1.427e-05,,,,-0.018,0.08,0.0,N/A,-1.0,-1.0,,,,,10.56,10.38,10.74,CSPII,Ia,0.975,none
SN2012ah,0.0123933,0.0123697,0.905,0.022,14.411,0.035,4.3,0.1545,0.0155,-5.147e-05,,,,-0.075,0.072,0.0,N/A,-1.0,-1.0,,,,,11.5,11.5,11.5,CSPII,Ia,0.974,none
SN2012aq,0.0519633,0.0525508,0.996,0.018,17.468,0.029,6.4,0.0338,0.0034,-7.033e-06,,,,0.004,0.063,0.0,N/A,-1.0,-1.0,,,,,7.77,7.63,8.01,CSPII,Ia,0.972,none
SN2012ar,0.02824,0.028536,0.809,0.006,16.432,0.004,-1.8,0.2024,0.0202,1.794e-07,,,,0.032,0.006,0.0,N/A,-1.0,-1.0,,,,,10.94,10.84,11.02,CSPII,Ia,0.982,none
SN2012bl,0.0186933,0.0181998,1.081,0.016,15.16,0.006,-4.5,0.0297,0.003,1.19e-05,,,,0.044,0.008,0.0,N/A,-1.0,-1.0,,,,,10.09,9.85,10.24,CSPII,Ia,0.977,none
SN2012bo,0.0254133,0.0265314,1.16,0.007,16.126,0.004,-4.8,0.0447,0.0045,7.123e-08,,,,0.009,0.006,0.0,N/A,-1.0,-1.0,,,,,10.32,10.15,10.4,CSPII,Ia,0.983,none
SN2012gm,0.01478,0.013553,0.987,0.004,15.237,0.003,-6.7,0.0393,0.0039,3.245e-06,,,,0.172,0.004,0.0,N/A,-1.0,-1.0,,,,,10.01,9.9,10.08,CSPII,Ia,0.977,none
SN2012hd,0.0119433,0.0111341,0.888,0.004,14.796,0.005,-10.5,0.0228,0.0023,6.799e-06,,,,0.122,0.008,0.0,N/A,-1.0,-1.0,,,,,10.44,10.38,10.54,CSPII,Ia,0.973,none
SN2012hr,0.0075567,0.0078716,0.973,0.001,13.568,0.003,-9.6,0.0389,0.0039,1.262e-06,,,,0.009,0.004,0.0,N/A,-1.0,-1.0,,,,,10.32,10.21,10.45,CSPII,Ia,0.966,none
SN2012ij,0.01099,0.012107,0.536,0.008,15.358,0.011,-4.4,0.0235,0.0024,3.365e-05,,,,0.257,0.017,0.0,N/A,-1.0,-1.0,,,,,9.94,9.8,10.11,CSPII,Ia,0.969,none
SN2013E,0.0094067,0.0104565,1.131,0.004,13.712,0.003,-10.0,0.0843,0.0084,8.497e-07,,,,0.075,0.004,0.0,N/A,-1.0,-1.0,,,,,9.96,9.83,9.99,CSPII,Ia,0.951,none
SN2013H,0.0154767,0.0158792,1.048,0.005,15.521,0.004,-10.8,0.1134,0.0113,5.918e-06,,,,0.186,0.005,0.0,N/A,-1.0,-1.0,,,,,10.5,10.32,10.6,CSPII,Ia,0.98,none
SN2013M,0.03493,0.0357427,0.943,0.004,16.588,0.006,-7.4,0.0719,0.0072,8.049e-06,,,,0.023,0.01,0.0,N/A,-1.0,-1.0,,,,,10.9,10.73,11.04,CSPII,Ia,0.934,none
SN2013U,0.0344833,0.0356518,1.239,0.011,16.923,0.007,-3.9,0.0245,0.0025,7.193e-06,,,,0.172,0.01,0.0,N/A,-1.0,-1.0,,,,,10.27,10.15,10.31,CSPII,Ia-91T,0.842,none
SN2013aa,0.0039967,0.0046654,1.002,0.002,11.095,0.003,-5.1,0.1458,0.0146,2.023e-06,,,,-0.068,0.004,0.0,N/A,-1.0,-1.0,,,,,9.99,9.85,10.12,CSPII,Ia,0.888,none
SN2013aj,0.00912,0.0100653,0.8,0.004,14.01,0.003,-5.0,0.0316,0.0032,4.342e-06,,,,0.052,0.006,0.0,N/A,-1.0,-1.0,,,,,9.99,9.82,10.38,CSPII,Ia,0.969,none
SN2013ay,0.0157167,0.0156526,0.494,0.019,15.98,0.042,7.3,0.0622,0.0062,-6.201e-05,,,,0.531,0.082,0.0,N/A,-1.0,-1.0,,,,,10.72,10.64,10.82,CSPII,Ia,0.953,none
SN2013az,0.0372533,0.037464,0.768,0.025,17.151,0.029,2.1,0.0271,0.0027,-1.484e-05,,,,0.089,0.064,0.0,N/A,-1.0,-1.0,,,,,10.99,10.93,11.07,CSPII,Ia,0.972,none
SN2013bc,0.02245,0.023528,0.481,0.023,17.753,0.031,0.6,0.0407,0.0041,-7.223e-06,,,,0.735,0.067,0.0,N/A,-1.0,-1.0,,,,,10.47,10.28,10.55,CSPII,Ia,0.98,none
SN2013bz,0.01915,0.0201818,1.152,0.009,15.345,0.006,-5.3,0.0377,0.0038,-8.817e-07,,,,0.152,0.009,0.0,N/A,-1.0,-1.0,,,,,9.98,9.94,10.04,CSPII,Ia-91T,0.855,none
SN2013cg,0.0079467,0.009009,0.966,0.024,13.794,0.038,4.6,0.0749,0.0075,-7.056e-05,,,,0.087,0.075,0.0,N/A,-1.0,-1.0,,,,,10.13,9.98,10.27,CSPII,Ia,0.97,none
SN2013ct,0.0038,0.0027369,1.002,0.006,11.768,0.009,22.4,0.0244,0.0024,-1.241e-05,,,,0.064,0.012,0.0,N/A,-1.0,-1.0,,,,,8.72,8.57,8.89,CSPII,Ia,0.944,none
SN2013fy,0.0308467,0.0301903,1.174,0.011,16.241,0.006,-5.9,0.023,0.0023,2.643e-06,,,,0.01,0.008,0.0,N/A,-1.0,-1.0,,,,,10.86,10.77,10.96,CSPII,Ia,0.985,none
SN2013fz,0.0205933,0.0205517,1.015,0.004,15.397,0.003,-3.0,0.0119,0.0012,1.713e-06,,,,-0.002,0.004,0.0,N/A,-1.0,-1.0,,,,,10.69,10.61,10.77,CSPII,Ia,0.98,none
SN2013gv,0.0340967,0.0334585,0.845,0.008,16.748,0.008,-6.5,0.1434,0.0143,2.509e-05,,,,-0.025,0.012,0.0,N/A,-1.0,-1.0,,,,,11.27,11.16,11.56,CSPII,Ia,0.973,none
SN2013gy,0.0140133,0.0135587,0.911,0.003,14.673,0.004,-15.6,0.0485,0.0049,3.909e-06,,,,-0.008,0.006,0.0,N/A,-1.0,-1.0,,,,,9.0,8.98,9.16,CSPII,Ia,0.976,none
SN2013hh,0.01298,0.0141046,1.203,0.028,16.922,0.03,0.8,0.0247,0.0025,-1.46e-05,,,,0.557,0.066,0.0,N/A,-1.0,-1.0,,,,,9.59,9.41,9.69,CSPII,Ia-91T,0.928,none
SN2013hn,0.01513,0.0160268,0.821,0.026,14.894,0.033,2.2,0.0529,0.0053,-6.343e-05,,,,-0.069,0.067,0.0,N/A,-1.0,-1.0,,,,,10.99,10.84,11.07,CSPII,Ia,0.98,none
SN2014D,0.0081733,0.0092489,0.958,0.023,16.987,0.034,2.4,0.0257,0.0026,-5.634e-05,,,,0.566,0.069,0.0,N/A,-1.0,-1.0,,,,,8.26,8.15,8.38,CSPII,Ia,0.039,none
SN2014I,0.0299933,0.0302041,0.916,0.003,16.277,0.005,-7.5,0.0207,0.0021,4.83e-06,,,,-0.022,0.006,0.0,N/A,-1.0,-1.0,,,,,10.9,10.76,11.31,CSPII,Ia,0.98,none
SN2014Z,0.02126,0.0209246,0.98,0.029,15.519,0.027,1.6,0.0246,0.0025,-5.836e-05,,,,-0.019,0.06,0.0,N/A,-1.0,-1.0,,,,,10.75,10.66,10.81,CSPII,Ia,0.983,none
SN2014ao,0.0140733,0.015028,0.881,0.005,16.657,0.005,-1.9,0.0282,0.0028,6.27e-07,,,,0.598,0.008,0.0,N/A,-1.0,-1.0,,,,,10.57,10.47,10.74,CSPII,Ia,0.979,none
SN2014at,0.03222,0.031543,0.948,0.004,16.385,0.005,-5.7,0.0164,0.0016,7.793e-06,,,,-0.042,0.008,0.0,N/A,-1.0,-1.0,,,,,11.25,11.08,11.4,CSPII,Ia,0.984,none
SN2014ba,0.0058367,0.0049902,0.338,0.021,15.664,0.047,6.5,0.0102,0.001,-2.895e-05,,,,0.944,0.09,0.0,N/A,-1.0,-1.0,,,,,10.64,10.56,11.06,CSPII,Ia-91bg,0.954,none
SN2014dn,0.0221733,0.0221408,0.465,0.005,17.345,0.007,-0.4,0.0161,0.0016,6.35e-07,,,,0.653,0.01,0.0,N/A,-1.0,-1.0,,,,,10.65,10.58,10.72,CSPII,Ia,0.982,none
SN2014eg,0.01862,0.018331,1.183,0.01,15.384,0.007,-6.1,0.0257,0.0026,8.125e-06,,,,0.247,0.009,0.0,N/A,-1.0,-1.0,,,,,11.62,11.47,11.73,CSPII,Ia-91T,0.947,none
SN2016coj,0.004483,0.0048465,0.811,0.008,13.065,0.013,-9.7,0.0163,0.0016,1.645e-05,31.537,0.448,Ho,0.0,0.013,0.0,NGC4125,31.922,0.258,,,,,11.083,11.019,11.147,N/A,N/A,0.0,s
SNhunt281,0.0040667,0.004706,0.692,0.003,13.627,0.005,-12.1,0.0454,0.0045,3.284e-06,,,,0.04,0.007,0.0,N/A,-1.0,-1.0,,,,,9.75,9.66,9.85,CSPII,Ia,0.947,none
